Token response: {"access_token":"BQD8xItFfwoctUk92klkHMF6zZX13nWVKb4BGryz1Z1ILiCYxRTTeTzlQeQZ9rK19VoE15Vuwz5xHHVb9eDAA7gqdGKjdR-BgemkQxBe0ocyL4x-PGgb1g8IC0I8Fr6t1R_AKicA1KgZ7VydaDmRM3xyb2zhi8EkaZM7gwGw0LV8-wW7-3WMzUX_1LhKdD8ePhHCNWLiaxoRypZD-_vKdUe-BPM4mL6Wme-a0j08RcyeNBaivE30iPun3IG0hxma","token_type":"Bearer","expires_in":3600,"scope":"user-top-read"}
Spotify response status: 401
Token response: {"access_token":"BQBPR3vCq8rySs0PAHkfdYwPVKPaKjsrAm_5gwyf_Sl2PT-Sqez24OzLa8IKWsQawKLKbqqw78UPuclaBgHE36ms77oUduTEktAONLpbjrvt9DheK6Ve1kAF8yDINkear6pnAu2SXd78Uqw5ZgA7CXlMbkZU4B7aQKWxllCGQ48CPElaAYDmuvnWZ6wfecw05xdxJHp17yk1V6alSH6gAGaUuzmKJZ-JTauO4REcRi3Qz1r3L-kqFpI14Na7KKxd","token_type":"Bearer","expires_in":3600,"scope":"user-top-read"}
Spotify response status: 401
Token response: {"access_token":"BQBVSKYciU07plq9uk7z_045TL8ZLkWseTTJc-mXfL3ggoP89SWKhte1iwI5fvzJyZNvNv9NKZVh6KXn-ADBSupxeYen_7_dSyNywBgNBZIV5aD8pVBRki-buHKsA4gxRfACCTDhZq-GFe7SQNfM8-LfrpJQbTHZsMr6RHXos_zHuZ-mofj4LvzJcXxN5V05uiyCCMM-N35G9Ifzt8LNo_RpbwzrNBy4Fyy9zfF3XqwkCR6nhESxbST45WSapjSu","token_type":"Bearer","expires_in":3600,"scope":"user-top-read"}
Spotify response status: 401
Token response: {"access_token":"BQB-7YlfkRnxKzF2K0XUI-T0T_feFZ9cJ1ghMvlY_YuShEQvXQM8DxLqWKV87X3iH6mj4DD_gA8spXshIwV4fnMzkxbSz7XxYAz5MR_mLkO_fc3ACra5OPx4Z3hc1SBRThHVY8ULfX2ewedtkk5T6wzQGYeUOFVInq8_flDDsHS_0Zi5HbNOETLOFzGL-0h8bPNO0N08tyLC5uLW_JWi515MjLuxqqSLWfT58BFT39dZEbnf1XTuk3KX1-rQhdRw","token_type":"Bearer","expires_in":3600,"scope":"user-top-read"}
Spotify response status: 401
Token response: {"access_token":"BQBqFCljiXnIsnltIFl-Brs0HNoRIw3ec3p0pjJKxWopt-B1D5qrhJWUMXC4Xm0L21Cfnj_nfFdlW6HxEENGEOB-kTQ3XxdC01FUrrqm2UeLmrIOQZdVON1FEsHo5YwgR-QXS8XoO-A0YvNJQMynv7nAaxx9Hkm7_nesWARlnm9jB9T92fHbHVbpwLVb3mKCbCT84dNfRNeNEbzZJa_oS3cq0710BRzu93XwD0FETPMRnX69_CtdqdfAIJhCSjI6","token_type":"Bearer","expires_in":3600,"scope":"user-top-read"}
Spotify response status: 401
Token response: {"access_token":"BQAf9xihpg2ryEKWT0lB64hL-vTq8idcs_JqhAPR67on0Nsi0UpwEUJAEtl2VtVJW9HlZnyAd6NRC8orWdE2CcMq_DQPyEChoeR9PbFWBK0CR9XNWyg3P-eZINme6TN9jXui30MEXIAyZHIPB47NcP9Wock6S2IJ8Td3i6jNiyQyrwElwxV-NNNeDunT21jiea3oGOZK6kRjk2uMMc0kWU5nRyEDR6uzJfnOls96h55KPYRa0nZt8v6qAE6s1eZp","token_type":"Bearer","expires_in":3600,"scope":"user-top-read"}
Spotify response status: 401
Token response: {"access_token":"BQDBgwPoqV0cjdHLAmyY2lLIsSg1aFNbzNSuMpgj46byypg3r-P1yV9jegvUPt5KZh37TmLiAInbYEXSQVdeFNE_BUMqcr_oTB_al3goJ6-W-H9jmuVW-abueIRYiwW9L1x_ajXTF6_pdP_E9ZQur4N_ghC88DqfU3LH56rEr3EHKHxgoAcPfJdeJe9QD8orqbe14Vr3PZnT-wkAfA1hQuqTcPTDgCIch6ooMhCvQ2yaz-ciO02sWO8Hhdk7zfhw","token_type":"Bearer","expires_in":3600,"scope":"user-top-read"}
Spotify response status: 401
Token response: {"access_token":"BQCzWbaQa_jr5eUg621Ygbc2aCExd-4RkbIrV2iEZIy-eEMaHBCgsOKr4bQvL6aJPY6_GVA9Wf2iMDyXM4ONctzDHJSQ8E96cXS5S8Bb6-11Pbybs2twVrDPGQeqrL13f4XpjRGqE5ZyggixYwHx7nAR8YIQJ37Sk3lrSWnBG-Q4O_UFlhD2EVFpa2rm6BX_tpVXfiwKzqB_FAzoa2DtyTI-U28D_e5Yn8jE4sFc00QRFs5HjjMbIV2RD8lHwJm8","token_type":"Bearer","expires_in":3600,"scope":"user-top-read"}
Spotify response status: 401
Token response: {"access_token":"BQCIGeckcfUx932Ep0Bu05O1l7HPLOsZtKkFiNz7aX7hkBzvyccIzwC0gyjKfkmmQIeEYrq8SJ0mLJv_PT7OYV4vYX0ZMrZm4JSfLE0CKmeJs6YezqTXEkynVKRgd3CfQu3TC8EjFIQUfj6olVruL-XvvI9pm3obv8ouLkPcZL4ZvG1ebI28iGWdwHNdFc8OjhFqK_IzLXN2D8tywL1i2VtA79vitybhAnMXEaxONTAdSxdusW6Q7h_GJkov2Bkz","token_type":"Bearer","expires_in":3600,"scope":"user-top-read"}
Spotify response status: 401
Token response: {"access_token":"BQCUfyhuKf6d32S8fKRoktVpMbgxvAe0KKnk_iqLr359CUuVXA47hOvKMPPcFcEW81URonfgH84OjHIs6crHCW_esC3ccuI78B_juozVM33p3aIdhehQXz1IRODP_3GwcQg8rpFtaoYKuWiFMv9w44Xm-_7GW7I4mJ2tPpvNWD8sIqjyycHdgtvf_-Zax5l_geRATQCaAFIoIzSlMZ31esG4zWG5KAeMBe3kMVtpmene1imHzMdxBWArZMO3avA5","token_type":"Bearer","expires_in":3600,"scope":"user-top-read"}
Spotify response status: 401
Token response: {"access_token":"BQDCPC4blwVMK4KxkK3lVl1qF3hEQJGwKWNfH6ELbRIIHfhncmTePom_nVGHCqkrDmA8qB71GuZ50p--X21dT-pQy4tFam96L3_M0zvvXCWKS3WRUGFKK6iL-HkqYnRwLSt29yKlwi4s3soq4UsNGFMU9UOssaq90vBmkBu_5Aa7gVWCP_TMbyPfZuffMRLuzGVrTfRs2SKXju4mmxrFSY9m07uu5UfLSr2UhaXiXc3bWY1hsPIoBu7A5wIVckBc","token_type":"Bearer","expires_in":3600,"scope":"user-top-read"}
Spotify response status: 401
Token response: {"access_token":"BQAw7kExyDeuLrxVTP_yw_3PR4Wt_8Bkiiw4flv5zibB87qmiBKHQ8R-3j4wqrMb80G1KvRaICXNypjsBYQ1DOybu3r3NUootkOVlvKEF_YXv-BHLtFSYZag-onyH0oYRtNADEdXbxMYHUNBvjczLINEd4GXYV9-QfEgcp02L5abSxns4MjOTUxuoeKVUxLguy1oLF9dFG8IVCoo27PGpAVvzKFi0yYuTyd_tOddc4hhJ-az6RbPoyyT9DsysRf1","token_type":"Bearer","expires_in":3600,"scope":"user-top-read"}
Spotify response status: 401
Token response: {"access_token":"BQAoskiVsSO-d4E8rBDJY0tlkVA38SpIEizkP5TIy3jvsc0JqM0P8I5bMG8poJ_9e4XZlajKhvnEkukGd3H3Eia0CjYYcI89L17VUvJm2Glbi2H0Y4sD8FCwTY3YP8yYg17_4Cj0z_FSzCuDMVwG-hWcxX0tFcHimqwTPCvRzN5baBapo_LxUirSlxUggsVqLK8dJ7_aZqRv74ORPII-6ZXvX3rNsfqESzQnhvxEvw7qivEjxpNwPdWB0hthLikr","token_type":"Bearer","expires_in":3600,"scope":"user-top-read"}
Spotify response status: 401
Token response: {"access_token":"BQAO0ojp2QckANdNxokpz7nsWqmTH7KgdDtjFS0mDOY9JGFTLUcSbOwqk-8vnbElkbJjoNwM5lcm7Z5YCx3eIVRljfhHEJjPecJY8F54OfHmyhfFolSZcL1W5lJ-m6KqVmj5vjAa9YVKLF37kcXiPIpwM7hZz7slgLorGrGxeGdRS_tgXGf6zJHbzP9xWiiTKBOM1S0lss-UfbfZOsXFibupf5FbrkCb2tOc5FU_1fDL_Et6neW_0gkleMv9mGVA","token_type":"Bearer","expires_in":3600,"scope":"user-top-read"}
Spotify response status: 401
Token response: {"access_token":"BQCDbaUSOd9gFGe92l-XVyT6LiqcW3GKXDuvRkYTuj0jm1y1R06HhMCyTgCyDaAT6ru6KMqrmjA-G9wpqonjPtRZ4T82yaRfqVA6bsKJDTAmzIbKo6a8baovmY_UCA6ap0R9g3VwQzp7FtdS7c41UdCb2xmCHSW0jBB_QAw3fMLzwnGm52cksDWZbPm1tEg6rvGubL5M3TUVchPtGWDD4o4c1Lrg1rsWOvX0yiHOsNWCxaf9ONkXGoIINtJhAPu8","token_type":"Bearer","expires_in":3600,"scope":"user-top-read"}
Spotify response status: 401
Token response: {"access_token":"BQDFK2J-P4f4Sg0DAAa0QP9NT9as-d-Kh3U27WwR-pCWPsPFT2pxzftmX9cM9WQVOdRwuEfW1pVSTb7Q1pcCBdaJ7Cl10AKDYmM4A4kSZXbJ3q40G8_IvjLWK656RupAWJsarNT3iwxyPjXVAzxjD1UWbrsjVSExyAMA14KTk1B2zMrzFONceyiqB53js4j7u942kjuUp4WX0sMppY9mYJ5DcxD3XmwUAWQz_7bMofnmWiWp4KN_48eB3uCkpE3B","token_type":"Bearer","expires_in":3600,"scope":"user-top-read"}
Spotify response status: 401
Token response: {"access_token":"BQBdYS0mz1PKUmPM9Dxe-XdNIDVyH2Tp4-pM6fXYYaR15WhwfyhMiRjFl9BoAK4bGw9oqkEUax1rcz-DDYQ1tcw9LvWvNTfEBxATolU8wUltnEWZeipnuqDIFHxIRJsKcsqRtoFHj8qFZY97wncWUW7kydOo4jd-0R_VNE8mMv7azj0H0aFcRYZQP-oKc8ngVsfOoUQXmFJWNZ19s1U7CmglrrqQCjGlP9JW_IMRYFweaFtCKT1pH3H5EklSF5iB","token_type":"Bearer","expires_in":3600,"scope":"user-top-read"}
Spotify response status: 401
Token response: {"access_token":"BQAdW7BAgO2jfQGDn9shnHGXDxp1mhu5ZUlPXnPZSslb2zL04Qwk4vLpwnqP3OHnjOIQFYZRWti9HwEixB_3_jkoY-sOsyhZaGvciiLcDUGbFOFEI1HkpUSst3Vmp-3rs4Yj00Z_PeSAmr0FqidxR2i-BsYZYi3K-TanrjTDfYfAU9XBp4FcjvjheNNXvKP-kP95t2HMlAmnG8Z5u_jgbeu2GI_mM304y4j6T4hT5WrxDVpLzc9CXVsVqrRO7pVK","token_type":"Bearer","expires_in":3600,"scope":"user-top-read"}
Spotify response status: 401
Token response: {"access_token":"BQBjcbKdVNDiFYKxOfhMgrIfv0IqHmzfnwjJvzsRKWFCo0rnN-87YPRwDkBUizdezW2ClWM_j1pQVzBRJPCaobJQxDri_t9AvbjvIEAj7m2NKjh90Hge0nbyRwt-4zl0u72i4wnRbW928NFp-fFyvwES7MfJuLZLGiK7MvyGwwnKLOW0VWjxWqPJkD_3EIWKqVHN7DGDrNttlc1YUDq-FzLTlsxRfPtoLaq8YKil_Vcgcj_NvnDvhzotZNWrZ87n","token_type":"Bearer","expires_in":3600,"scope":"user-top-read"}
Spotify response status: 401
Token response: {"access_token":"BQCLupP3LzFZ3y387jcf4CH56DhCXu8cd-72PI6eiZLhZY2N2MRlMevFU2VqSbzWvb7dOr7-_G7BFKfIuI0I0wGu1CDH9gcm9il1a_ZIc5JGf9aaI9391fKvbApU3Rn7MZGs4WpO2wD7TG9iJA0XFckr9XkldcAvZwI78c7uZo_MxQ9Y3KkJ9pkUh-INqJjfUmuVSBGCU0WNd32xXEhBUbu6jM3GnFOdXHm_awvCWwG7x-LSUH7gW9A4k6TZKzRe","token_type":"Bearer","expires_in":3600,"scope":"user-top-read"}
Spotify response status: 401
Token response: {"access_token":"BQD9sH1cm-cQLgMDSvryyDM5JyLwt3OEYnVY9-7MvsyzBQFGbQzikn6Z-jgi79_lrMujd4HMIJBzgfS-m-yfJfOm1rkzz2NQybH1jZikzMrq3aadoYIBBRIUh-hr98VFkxG8FUuxVV9G_VSJ_NAQ0dWK133m-gDyH0PuotVk-hi9lMgJ2ZwNGyb9u16234Ua6-7NIywSi02sF8Z9UoHb2NwFCdS7ptTFePNgrRK3N_LsxlLyBbrLqxkfCMtoUrf2","token_type":"Bearer","expires_in":3600,"scope":"user-top-read"}
Spotify response status: 401
Token response: {"access_token":"BQApwKegk1N85bSGmWqTqZybH2an6k0VcGF3bFImT5g1CAXOFjgMdWh5C_6ii3JYye4Ys7mhORg0mPwYxnhcQzYkW-ZiTx1CCvp9Idgx9TyYg6ByUxVdzs7nSrL0RAvbYtalkMESEogLuCVwbC_hy2XWUH9whi40qzE4UW1d45R71JGdbGaRRHb1WYAJu4pfsqmOE2jktNP-oJQb5UE9FsjUm-8tnhNDkAg32XSU8DStKiJm8w6XAO2djwhQHu4_","token_type":"Bearer","expires_in":3600,"scope":"user-top-read"}
Spotify response status: 401
Token response: {"access_token":"BQAfId98g1gEPxFI1snnX_V1MGOwJ6W67GA3mzjzui5HVCMAezl-aXjqt1LV10oyyb401uPfQr_n0zvH0jrbv7sz1xZkud4WtbTfxMGb1XNI_9TrAMhoq74JchJW_LxQOOkjHAPSI1cvH3-WXbPAubjh1D79MT6EeMcB8bjzteQFbydJfydfKZ3LW1nKqQt3CrJ4aKsunM-xGK8_vYnla2AHXkJhublinRTZOD2FUgokd-gGvZRM4vwb1b8n4S2D","token_type":"Bearer","expires_in":3600,"scope":"user-top-read"}
Spotify response status: 401
Token response: {"access_token":"BQCE26q79l78HTRmzRreZlBb6h0lJGg0NfmBuWqiZN-8RFT9d8NIjyGedmigcgxpENlGPxNB_hvvtxc2lEe7zsqPCXlaxROSkO1c1Yz1JRrw_VucbH9SZ3wCKORhDH7TkaxmLrAixjqGgsHJfM3WcYlCkmFZMFHhzWZ76NnqeNvq6cnjl1S7o9doa3QdcEcL71oPw7zaikDGGbvjL9t-VN1j_zUGcnrbHbDFXqDHjDXSHCBzpMsCB7ilT5bCugKG","token_type":"Bearer","expires_in":3600,"scope":"user-top-read"}
Spotify response status: 401
Token response: {"access_token":"BQDkxldV-UbfKbtxW7ZskgBuD_Zl6TibqpLXa3s7Tr9hcBr9VDoeJHj8ohBQEGllTX_G5H-ZO9_zVpZVcJAiQyYhRKwK12ParrfTtblzSt0DYtUsXxmN8iaPHlHER2S2ptGfLaKfHtE2Z2zaEjJPxnQlvGyykr1cuzDJeynZNIAxzSUXYWKh9bWWXT0j9y7xGW6BjWVaM7bgOuwWzUWI97a21qrpFcFk1CTIJGae3V-7t7iP-c9skQfZ-w_DjSab","token_type":"Bearer","expires_in":3600,"scope":"user-top-read"}
Spotify response status: 401
Token response: {"access_token":"BQC6c0SBkIMRS5aNWuSUGThDky6crubGVBca9X7ml4KznbvdVOgoiLph4ZHqLrXIz8byMfl--RcimX4oIZqfLX12YXFCXcj000DfFlZTFlBYc1TPpO50lXBmgpUoCymz_5Ug3iZVkAIAI9gMdkSMW7DE8Yk7ii3yd_jtCls4HRytu7FAEEH8kHeAHENxYQuWgYeUWso7uu4CTcotnJSrs8r8rBb75L03WHG-gJhvivkucvX7QlyP7JRM1ZPjfJht","token_type":"Bearer","expires_in":3600,"scope":"user-top-read"}
Spotify response status: 401
Token response: {"access_token":"BQDJEktVtZ_5_M3C2RydouGlsiLd1bdBgEjQ5rj98cqnAGuEif0gAxt6RRp7oTNPpaFKoKvDOrBhTR5yN1k0U7whyZQWgWZxsvp1O3Uy7_-VzH3pQKmqkEnctX_GLy14aYBWLo4dpDD4fUBIjbijXbGV3WTIL9JIj1TeqE_m_wfdrltVsw-P5e6KVETYQAFYH7FlN0VLlkU63Mhzaadz7AmCis-VfdJq56ScS-UyLvD4PFVsgvhGlCryc4H7d9Rx","token_type":"Bearer","expires_in":3600,"scope":"user-top-read"}
Spotify response status: 401
Token response: {"access_token":"BQCm0U-5Fh76wNjaJRWBecto7gJ_1-tLBBsfiriFksbvymjXNhgpsRtD4l82aMpW_DdHYGVEnL0lO5jJakUDv9xYh73LM8UHuvQlGTp3pfnpRP6GDOL7Pbbc7dd15v2nrZuF3zAzT53ptE2sva_pg128RJeZ3v2cVu7uzrAwF3wVVtzDHm_5xTLG0SiSE7psHm1nN4cMhKRQtOXpGAABv1z7kFOf7X-s6o-wQ-c-YWL_YnWssA-o5mvU6tOg7Vcj","token_type":"Bearer","expires_in":3600,"scope":"user-top-read"}
Spotify response status: 401
Token response: {"access_token":"BQCCSqtuxswqFxZs4rLD2J3RB6gUYiI0nCtj9nXYO2MGDki7IVh_FiYvPcHgyBfJnFN18oenX721sGRtFF6OXB0y34MGtf5Ea7lrPEwnxvwTkUFCc-cnq6XaFKVx2E1pZKsYYTUh1gnOIcr8szb54567Ko5rYWYeFP2dZLM95K8YdlwYTP1CQUFl4pf_qWduUoklgEykZUrG4SXGdEGv624Q2yCb7-y2uRPpIvcayKe2Ysmg9N0nBRRMhXk_e2TX","token_type":"Bearer","expires_in":3600,"scope":"user-top-read"}
Spotify response status: 401
Token response: {"access_token":"BQA-sYadrKbatyZpB1xy3drGiGyMz1ByyF3yfR-zQiYe7fZ01yUBitFzE2LTXn37ugVIzEGvGwI9ha-0b7qoHptWwKaPX4k1BKuXR6x8W5U3KfsFgP2n5X-b9JRJ8xLeey0S6YsRyQkRD9VJOm9CFGwB1JVsVvlX_lKG29vUb4sIirf7H2rdArlmUJRsaST4hlDlVkfvzHfAcSo1ePRyZrelV8BObsgkTaCALV8WZUxgVuqcVnXZXRowj0l9YnPe","token_type":"Bearer","expires_in":3600,"scope":"user-top-read"}
Spotify response status: 401
Error fetching Spotify now playing: TypeError: fetch failed
Token response: {"access_token":"BQC89CPGv-pv20I39jnXImYspw7riVVWLCP6mdoxE3IQD2-r1ZitQ0xy16mmje4dRQn-HDlWPSYUVyfaVq7_eKTJwhhhxV6CbW5Taa3JX2_a8dCJTiX8ohapggAQaMjsDACl2R2cHkT8VHxA6TmpT9zTw_ruY9IT5bbC2hBjh2zhb5wLuskTYVtzWe0xdpvDqMlpX-NJRQiTAjLGDGH6NBSxXk3_aRuLlUXLKCqq8O8kphWwtC4o-kWe0ygHIWaJ","token_type":"Bearer","expires_in":3600,"scope":"user-top-read"}
Spotify response status: 401
Token response: {"access_token":"BQBpSPERGS5sIreDwz_mhti5bYT6yQ8yhzKU_LGbYtm9s0NIgMPdqEUD4zsWf3kJXMKsnLhA1gpMobbO96NxWoyI_7IUUitA2v8wzMyZ1uaZH_4bilsY2o3S12ZddK3S4v6HAd2gxyazNSFba3C9VpfHBbGdgp0tT7WwIdgUoyAF6eGRIhlGRMYdxbI9cQ9OTrenlFciHl-r4icAifXRaC9VbeUwvMk3Iz2dk3LEU78g7gX4W7EznpvvGS6mLBXJ","token_type":"Bearer","expires_in":3600,"scope":"user-top-read"}
Spotify response status: 401
Token response: {"access_token":"BQBndwkaFN3QDJFttpykBIJliNX1_QFtuN5728Jl1_8wAeihUcwnWHScEF1pLf4BQTU1UyqLfY9AJgXJkLBtidHDLXzzmgc7DGuuKO4SLCK-C-aRoHzRLalVoBjLWT8HGZmGAecKABKtxn-rztivzxiV2vVKrouCY5dP9sGYWeL63PdVnilh6C2bUT4FQIagIUNKxG41oGHCXulXlp3AykIuoGrRfB8QfPukf4_1NC9g6lwio4kp8zboOuwwutR5","token_type":"Bearer","expires_in":3600,"scope":"user-top-read"}
Spotify response status: 401
Token response: {"access_token":"BQCrUT7qhrTYR7z0yQzJ3HQkrHADLEwTZWUBapQUaksOPvlfIkGTiTXEjxTbH6ueIRJnP8zWCLhxzJCjqY-GBH-VF5Bac5cD5wZsss44oQ3ftol9_4Xmu_IF9iCw56uQde9-DG9y_d48cFwpYRUjZujleFVw_Z5xlqoghPO4iteB55eSuMiLgEc6-L9I-Pf97CHlZtY45xAL_g7nhl9ossqT51PuPGJd2QwxCvXpCGDBKJxKdd4lBtw8OT-Nd5vz","token_type":"Bearer","expires_in":3600,"scope":"user-top-read"}
Spotify response status: 401
Token response: {"access_token":"BQCpftsj8vi6Gq2Z6PGuMR_Zkv19waODYq061NvfgPakwdiEfmkNFSF0RRZHprVdzfsPt0QIl1abWxiz3ICLmv3J6mkHRwSkWWW1Y_nwhpAdF-cDDlKGdlCHZnEjI03AmTSOojjdVvp42NgfsO04Yls1XhorW67kZajCF4TA1jkyfFl4AIiofemAv8--nC7KfXTdiFr6LfdInzrlnQFOo7yCkZOXQd3D79tRoIvIGCloYDHvdWMLdXDzNHuDf829","token_type":"Bearer","expires_in":3600,"scope":"user-top-read"}
Spotify response status: 401
Token response: {"access_token":"BQDpT3N_oUO7uK6CMCMNB0uFCOXjsZ8PZXsQ41wsYjtChkVPsZkqtVzq7AXk-vNvzaZgdgSUbGrgsyJu5QQ8B3L-aNM1F9jDKa1BGmCJWeH6-F5tt55woE2gDqc6J3i3qV6stqba5_6qoTuI1JPvNGeBzogZ1duHUIGvr-JP9UvBwogkgo5g1zJ9fTXjryM1McfIybt5yA649IIIcWxb0WF7TFpWbxeMlKcdw-CzpBAzfOscSlu3ox9bIUqbk9c6","token_type":"Bearer","expires_in":3600,"scope":"user-top-read"}
Spotify response status: 401
Token response: {"access_token":"BQAabSlTNMojRk5-UPU1bNSLwJBY8uBxMZtCdNntH5d57bcsLWm3ihggOkxjdkdRBOauVF8obh70xdyYHOemXKt08Dy1HVjKOsAkUS8AoNXMKK3xxhjHcBGZBwtOr8ofk1A5R9Tv5a3zdbFJPawMXK2JMlsCNw9hfWpk_L3ZCsjNF7Gr_JansKQ3uArooxAnXiZBvc9WlP1tOeDqCVcAZQJ9a0iWmfnOmOCoOVeGIbWc6fXCnRu-d782bIwCtsy5","token_type":"Bearer","expires_in":3600,"scope":"user-top-read"}
Spotify response status: 401
Token response: {"access_token":"BQCELEySiC8FVV2wdPU45csAdwbkSjVJnZM78pPjy9LhfZe5yamTzqnHRFmaE3Epp4N_PlY4VEG1rlE0Oy7XXAL2PT797PL4rGk4N4cwXPvh9oL3MEnlrJ03j1Ns37eKniqeamYLX7pwop61qroFyDn9Mf2nkoSfOyBg-2twpzPb6KZ6DAFZk5bB_LA7n6Rqix8LkhF3aiFtduhC9Fg4Ahuqt_ul-roRcOzjAV4GNHc77gjJS1lcKcWni_nCNS_i","token_type":"Bearer","expires_in":3600,"scope":"user-top-read"}
Spotify response status: 401
Token response: {"access_token":"BQDW410Ou0CZohl0kZfJIBLnxRAD45VR_RlZvhgGxEj1UzF6VboMNMiSvur7GfNQtwsMQ6pNZrU40YxDWJI_MC_8s1Y8G3evhOXc5fnEIMiWaHm5FBeMWBVzf4GKHG9ov8crMME8MtXeHKWrGJ0j9PhTh5BatpPnILUiElhhJhPJXL1mTCEoYZQg77f5thDZyW5QD2xRvUgGVXnGi78XchUB8j9Tm5SOReF8elMslgpz1zHpuU_hxe3rQ1O7E-J5","token_type":"Bearer","expires_in":3600,"scope":"user-top-read"}
Spotify response status: 401
Token response: {"access_token":"BQB3ODHaHxPZo1EHjTqT4sDYLaVQfdgSZKr0H2BuRBi3CLQMV3nrFm1d1YwhAp-7YQchNY6_ZfgCyuJJoEbiDICeLNdmfCMImaShxSuD55T4e9t6dc7vhA3_ljOBc6GXGl2XdJLsJbXRd_QY_uX9xfD7W0VVXqFGmDsSv8cccNZB-v9Y7vL0M8OtsyKjM6xZGzSUa4TuVJlqafea4CyciXCAL2RQtY3Pmg0f_bZNOsNxwYShvLRG1LHimMzsx4QV","token_type":"Bearer","expires_in":3600,"scope":"user-top-read"}
Spotify response status: 401
Token response: {"access_token":"BQCjbJB0Bepf0no7LorD8HHYmsxX086A1wnmNqESe-KVm7YqnuWYZDZj67ghDDtf0d0ItvRXAuLGMU2N-uGiZCw_Eim-cL65P8ykdSPQOabiPW5ZfK8xFyObwnPumlworH6gZRsHkWG93mfLQbByU6aSAWC0l-8BEABWS25aKWrurMg0Cav76zSBGsxn5Q6EQRXvX22jdbrWj_NanPAixyvo4GY_WObeujTpUO03o9qHmo3g97rKfk7axwZ0k-Gx","token_type":"Bearer","expires_in":3600,"scope":"user-top-read"}
Spotify response status: 401
Token response: {"access_token":"BQCl59Z81_wBapdRSPpFckL6gYeTE8M7l0E1wDN9gAxGWbxbraqiK0I2S3WsK9C7RJSL9Z72e2_Z7FkhSoWCimabh2-j2c9YW6-Vyx-mTUbS7xQaIbgbiTuQ9NemRLgdpV9sP2nobBztHgS9Uki1ZFOODRg-rkf91VXF5YS0PFTSxNiYEzP6tJSoSp3bgj3YbzrfPpF94mnYarw3y-zgM95gS0mqNGnqwgACvDrK1pnYW2H2jQFt6iQyqucXvejq","token_type":"Bearer","expires_in":3600,"scope":"user-top-read"}
Spotify response status: 401
Token response: {"access_token":"BQBPBjEmQKV1V81BKDip-B9uQ0ezc4-L-V3pO74dVuBL4AqwSzx5HIUl8fTWe3aH-EI-fZ4i6tQ4dMIZSYz4Lp6e_bSzz4Xq15QvwY-ukaVZ4HnN1dywjx7VgFpeZJDTmlgL530EqrFyEvtD9rBXKP5UelgQhsNemB7SDcrkOZ-5dB1YAN0NYQhDNU2aiC_KDiq1IZl0yN6wHlLs7AjQPFR9yaD-paCugsMex7JfdWjd0eJJLfqd0CXpvsVqvdQn","token_type":"Bearer","expires_in":3600,"scope":"user-top-read"}
Spotify response status: 401
Token response: {"access_token":"BQCp7H4D2v6VGQWWiBu2gJOF2-IcxqTbHnTBRTbwDbY2FpP2rdsjkDIofeb8rNcViT5sAosbFeZBLRIzVeect5k3bylmJc-yeVyNAOExFiJwGhOsa31eOCQfykjwoftnwMECYwcQjeNiE6-nAWKAMeFgJRuR7ZN2JM5PColCIF2lO5wS4p6vtffh_yAZ4GDNBKJnMW3bx7Y7HOmZrl_33UlWwrv-4bO49xG-5e5wNlFqaiUOeKHItQGLU9US5iHp","token_type":"Bearer","expires_in":3600,"scope":"user-top-read"}
Spotify response status: 401
Token response: {"access_token":"BQAWuzqlBqaMUhYF4n6ilgA2k0RrDl2ypz1QZ-r8WpHGB5ZRC_HxZhjYUd16g1Ogy3y0iY53nocBvp58Dnf_cy_7saiLXR2Lp2dNVlifRm7Edr9iOrsAGsI8uZRzjq_4MEIXIE9m4oVyye70UhW2jd8AWCad7UFz8-uM-JuGLK0x9ZMtXPDmlLBDbIEWUYoJayKPMbkW5iwtIIZlMnMghjQ3Mns5X848CvSordD5aTTHXMxgz8tpBCVviocXs0Eo","token_type":"Bearer","expires_in":3600,"scope":"user-top-read"}
Spotify response status: 401
Token response: {"access_token":"BQCWSUsRLCmb27jXHG5gca5gj6sNQsgkLZKpieqLZbJ7WsTmosWfQ1geRI1ZfQTCy1nqIAzy5a426eEmSUj40ldaz5RzSexZgIR64tHtIrlqs0VEtPV66PjD9Yv-QSBC-s9feYUgHuQ2FpJAFQZE20r8Zr48rrAK3pKsEm_jBPVPSeaPJKxWYVavHAfxW3gwkhTfOwT_LQrs4gMZZHch8cTIKpqA4ztAMYbK6ocHAlWCZvEizrn2qcuESGDHQXp1","token_type":"Bearer","expires_in":3600,"scope":"user-top-read"}
Spotify response status: 401
Token response: {"access_token":"BQAbnTkVPoW4japCn9LrTV6NKwS87t2hfUQQCVILtj9PhZB6MV6Ul-2Vh56e5fthi9WjSiwh2nnrzzNFLrL0SZm2yvPGGVeYilBsaQTm5K_97cV1OM6ZKnadrA8Gc8ftQJNODRfqjUFHb3kvFxRi5kJ2XZ_iBQAFQ4KuFy3Jz7tkhSC8G3EWrY9di9DrX1U8ipkX_NYGLdwUJvH2QoZJ8tEMZ3Brgr-SJssc2YEVSZHxZ8Z2gUau4gkg1w0wE-jq","token_type":"Bearer","expires_in":3600,"scope":"user-top-read"}
Spotify response status: 401
Token response: {"access_token":"BQCT-tOXHFvD1jpHQfpekAzT-GlLHsJS0JZRfRsZQvzjdGK7CahJKtoQ8zyBb0fHugcVb3KHegoexeeJfmpq3B9opMnStU0In-Tn2UZFaKBALfKyIDTn4zjbKL7_oIYoKDUxPY0dbtoLtptTQX85YlSpZ0tX2zYZK-17j7wZDysPH0hTiQFbM8dL_-XIWZwxOzFdZ4v5c7rcT7NxFptRX03tDvFZtVEtu6smgZy7NM8fMNzlyJUfIcndOwOYBYbl","token_type":"Bearer","expires_in":3600,"scope":"user-top-read"}
Spotify response status: 401
Token response: {"access_token":"BQCFlbl686_58igVehhq7ZUf23kP4phUdM85zo0kLoH5v-aTYhUKGFRR55RoKNtSfzsFxr-_YcZjS8MYaGbq33A1Lx1nU4q_EZAfeKJ6zrjGhvnEmpNIIuMDasVD8ZKu7w9nSR8xIXFq7lsdGgBoMJ3daUnlr_c2mBWVQ1kNsuAtpNvAuKceCgmU7c73iFCSAcK7QSxRxmKU380qjqbKdahDzu8xmdhTPVvdyaW73zKdEV96p3OcYiwmI78cmAsp","token_type":"Bearer","expires_in":3600,"scope":"user-top-read"}
Token response: {"access_token":"BQBKmlHxreGY5JmF4cIMgWDXutJufsvgz_zE6u8yl6i3KMWNFZEZQjZXZxkqF9HdNVmsos5Fs7uwm0KdZEgUJX2_6RaymX8xj_ZRXzwY-H94mJf0LY-d_mZ48sThoF2jmcPRgh_5TjR85vEbbCvthCSxpCSyiQW7RVl-GSvwo6T47cr3qA6ZhiJGRdwPMpm7IxKkSvhk8bn4G9BlxTeT3lEKmkyRzbtq4RQZBJMlF4LR6k7ohnETwtJzKepEIfeb","token_type":"Bearer","expires_in":3600,"scope":"user-top-read"}
Spotify response status: 401
Spotify response status: 401
Token response: {"access_token":"BQDBuMqm2mdgj81TuFK55-DKO4HnJolRIMJq9UvOLE7HZ3IRvnLj1LVn9wlZ3Ib4X9M8mBK09mPfBJFAhTwPN1Iq2Snm8UYrVsAgyDNMp_aEqT_n4OxykKU_NwDJUGngn52guSEfic3QU45YtP7CjKybY1Q1A8_2oSAcO6DDe7dC0dKdFTVh3QW47fnQvd6EiYKYjZXKpqNP_jCXDnNBr_qShnVXESaqyayJw9cn3zVg_EPyN6PaJwbrwqMAS74Q","token_type":"Bearer","expires_in":3600,"scope":"user-top-read"}
Token response: {"access_token":"BQCAqh8TOQG91e570Oao2pM21NcN5OsQKdWezhHHkShSOykcHFh_V03SebAgnSUp2KzEiaKV5pavznKjr0m2YwSibdobyQF0ohkGDlOCDvKeLlqonvcKxZgGimm1xA-uAO6ZvFTObniDB9eubdqJbKE3EOB_q-u-KDdfVxa0w1y5gzu1YMCDjg8c7XcK4AMgU2K-0s5bmV9683ml3janLjVvkX6F2IeOrRV7BiSlANfIDeeSuGGN1KOQQYIEWNqd","token_type":"Bearer","expires_in":3600,"scope":"user-top-read"}
Spotify response status: 401
Spotify response status: 401
Token response: {"access_token":"BQCLAFkXJKAu0aDmUbfV4CdYsNXasgsuyZHU1Q26UiY-Arf-Yv-EVOhzAp3zVFAJCOfFlRE7Bw7KeEeHteW6jNcW9OoOnLKzNG_XFg_GsiT4up_Heh35sSirVqJJ9NMGxkbVaUmhP3fpIBCQTJTH8PPCOcJF3mh5_9dXeeoXLGlbpPM8vnIMHw4VXRGRm_Q_cPJMPCdmrJ6sNp7IUjdXTqgSgJoXJ6iJQpb6AhRHBk0sq5u_qjW-Wq7QKZFxGlh5","token_type":"Bearer","expires_in":3600,"scope":"user-top-read"}
Token response: {"access_token":"BQDS5JeOHxX6xER7GnDNdKUXaGc1H2c8TsJwJ5R4hoXXs4wwtLXoXPqSoU-O-UPmQnHAYZyY7ntDUgjs1tjW5sq3ZSK5h6HJdv_0wvBCDbaFhth4bJ46yZN-cqKEuf59ajcrFyeJ14oPaTPYY0FJyzs09o0A1I3pFfKb7zd_oNeSMvtKFBJ_gw6GcwjjuMriLcVUJaVVX6hb4P6MGgEDRlCY_4cOJYW3MyPUhMFaGNvzAJvOhZKabQp8PT0gVu9R","token_type":"Bearer","expires_in":3600,"scope":"user-top-read"}
Spotify response status: 401
Spotify response status: 401
Token response: {"access_token":"BQDVAe6KG-xP881TO9wKA9tWuirh5QkSgc7pF4DKETHD4OHp7Rg3FYmdHST49ZwsiKEzxWQIxThYYBPlFfT8Gb4fNJefjnhT77LfyGlHzUzsKc5rfMvLLXe-PuboOtv1hDFIcExihsn97PP9sNh3xC87CDfZ_Bo9XMNbvJAKUZ-hOEUToBapF5Eq36hnUT-OKoGVqqu-f0CBpIbpRkHYQ96UO-1RFhZ2nhu-QlQjzTP49wksajJBBQWvWlRxeLVn","token_type":"Bearer","expires_in":3600,"scope":"user-top-read"}
Token response: {"access_token":"BQBRJ75Z1joEmPDLyJQV5PZ4v0ELmIy5kqNQtGjm9ytJvKNESCOqijFtgLtHL3pMC1Ki7JCRiQzgVP3wDGbfT32YAgik2lxpxY-sVcDXf3i-qL3QAN3eTMAedWwa8jNCVjNksizBNX93ENle3zAciAoSEgkH2iLbbGKwuBcPKqFDxlTzEdCoHnW6Xx784cwC77Irp5B1hx8pCd8pFA-z0qiuIos9AzQJ_DlFkorlCqWgdg8DNIcPSCnuWM4F0_V3","token_type":"Bearer","expires_in":3600,"scope":"user-top-read"}
Spotify response status: 401
Spotify response status: 401
Token response: {"access_token":"BQBaMHtCDrgg1o-0GE9VYvKlRpAVXwSovp7MpFh99xNQSci6RqBmtLoFHRzFL56ERmIG2cw1Zzdn0y141JcUC-vwctKlfZPXjKhv7AINiSi61DVoEquqfHLdPD1qjITV1iH1vW_VfLWHEsYG1P3k7mF8BV7--S9Lau_dgt2Uk_D58nqmir7RT8tgAYP75l9Yy-PFxF5w2oTDifhmuTrTEUvKkT62fORg4l9whYyc09T_IquGSDukWlKPW2YjuYyc","token_type":"Bearer","expires_in":3600,"scope":"user-top-read"}
Spotify response status: 401
Token response: {"access_token":"BQA-DvLb4qxErYrO33kgjR5Gcqi-DoD6j900MxZSTqy5ZoywJddH8seBi94_IIyxUUlrUPPujSUxUDIV-qWbSCxb9h7wLAOvpO1lqECQ-FK2CADkCoizUnLa4SDR7fEQLFQy2gLUCS66x0-p_R10kWfR5KOz2K6-OLsX8mQsne5C6RTadWmRrKaN0Hj9JxR6NpqRs-HIxRuVK6KugwjUaC7niTjvuxJ72guV0QqEeowctoPEI2JzBwD1SPGnk-CU","token_type":"Bearer","expires_in":3600,"scope":"user-top-read"}
Spotify response status: 401
Token response: {"access_token":"BQC10xkPAe70mU_TbiF37b66lX8mFbKadXJCTvYhkZitU3UN_kmEJVB6e3F9ERvLPX3gfZOslM7uhdl1yYMIILRp9c94NTT4KQW_LVPUnd8A3jRZSYRPA4hBjdNClWnfzDtPEJj0mA6yWM5lTzIpQva7hjQKZwtw9hCE0tnWwEzPlCf2ZwvZZK3MnxkAA7x8LUyJRF9qiOAqobBE7RB1lcqFCiK6oaeyZt1KGfnFKX2i_3S6RcuMHyv_FrbLtNHS","token_type":"Bearer","expires_in":3600,"scope":"user-top-read"}
Spotify response status: 401
Token response: {"access_token":"BQBxGXil3cqezliKTCTvwAY3D4dVMLcTHiBeCgB95lIMJ5LqxRhWPxsAIbdscFbXfgbGDjFiW1Vunc83X8kbMl2gBFJJXoA_Pe8UwzNX3S2Tsef3G3lrBNHwGoNTJx_xk_Ui_b4xbfcWaYkt0olJVzfoDDjVegqNoPrROToNYJkgJ3eTrt8Y2HHcLpCIaud3oPORQ5Xlz20jmTwpGazUm3VZvEQhOXHvp4_4Xkbveu7oLMu896MH9mUKa_c8DSPo","token_type":"Bearer","expires_in":3600,"scope":"user-top-read"}
Spotify response status: 401
Token response: {"access_token":"BQAJ4960TrT8po6yuZlAqHjExIuZUKFQt7cNvkGOdMKWvGFABS813cn2jmEo8gBSEY_b1xka_LLWx0OOoP4AxC3d-tfoibP03iAAYANTY8m5G6oNobDVgVHXVy6vjBH57t0aEppAwVS6uz5nFame-_W4FMUZtaZPyDiIO2wLXmTtrP6U_IrKb_MUEqz6UUt95hMeeD7dIDQ1TOE9Rv_wWFtRqCOg1v7T2K9nHIh2poFr9xZRnxlJQLdOvtvroyMF","token_type":"Bearer","expires_in":3600,"scope":"user-top-read"}
Spotify response status: 401
Token response: {"access_token":"BQBY3d6JBslEJAAVN6aD2ln9gSAFigXp8ivvXLriOFaQaeXt02WdftKYnwxOXAbsyx8eQn9di8FCWinLfSXwHiGGtLvOz5GaDtKVAjG-GMgxsuyqmYd-rx-cQRG471WvP4iW9w7T6p2AGMpzDIvFZBKUujvhSSZXLSnMkf8e4cVYrSbm3wpKVh3iCdnrq6xCUIohBiYGHKpGvjS67uyMotGIavASJMroEI_UvSLwfZsassGmjsR57wDY9_b14zzZ","token_type":"Bearer","expires_in":3600,"scope":"user-top-read"}
Spotify response status: 401
Token response: {"access_token":"BQCAt7plvwZZlV6ZLPVWb8hVQw2bF-EvVtPO6D-JBm617lYOyb1gqyOrshniJ0FLBfkkeYczk6srZITN9Ze07GuPKJGkeZt43vTaUlYv4Y0OB17tGtyhLckQrkX2UUpZcpzZmRVliR-9kYFn2DbRp6-vMaMRyXAF-UAEhLwF23vikZYeZaZe_T9NxwezoTbEHa3nf9mN7r1EM1ad_1doZjTT6-UXyBRKkUyMo8M5A4Lmou-2CwoFG4RzVvjTdJii","token_type":"Bearer","expires_in":3600,"scope":"user-top-read"}
Spotify response status: 401
Token response: {"access_token":"BQCFV1Ho8_KNITaEkaGJ4kFECddoQktZX8uGTv7pcVBHvPf64F-fRjAWmKP6l818N1mlaJk4mF9UMN5LX8_75aEMb6H4hI76mR1inHoEIXEoGfFpKdQFh_vEw5NhNpGUylB_ZCt-0yNDEvKeMKAPBsz9t-NLEnK_7DSghIcfGjDjfDx5zc80Ka4ghI_b42BkecRNwg1MIYaWzouw2mAhXoTqVCZ5R8hPGDT2C6eNpGce12suPigh5sRFK8Odxaiw","token_type":"Bearer","expires_in":3600,"scope":"user-top-read"}
Spotify response status: 401
Token response: {"access_token":"BQB9WUAZdl2MFABLCvgiD9V9wqR-K1KbXo0ZfsOB9Gvp1NO2p-YWH5FGEgKsEMD6NkVgtm99H-r3EfAujxJvWDo_7bcr_suCukL7t1v3pmsknWUQrBHfPFMtL8FwKSvLKoYZdOEfFUMGazACHT-527haK-RVPSDTvIEg1bJ4p52ZnIMDSsyrs4fZYerSdEjmQusjFq_K0NsiBwgJ3nhZ6FBGA3LoXc35tvB80nR7_YrYktfCxsjlN5Wnmd5QcFnp","token_type":"Bearer","expires_in":3600,"scope":"user-top-read"}
Spotify response status: 401
Token response: {"access_token":"BQCmhhZGhRgJ6d3mRhlSRrNje-TLPXVRruE-JA1WTtf4bz14eOg-6RupkLBz4p2UxYwVQJcoEyRvXIRNxTgtmksxR5gfaxNZzss8qrvAUeBm9aUc4nmeHeGVjbkdXEMGPaUYlAtQQXi8zcb-rc5pck2ox_Ne6QFB7fRjhv3iSG0YLUDya4DzMHC0WRGyszo_mUHONW-cMOGN1rXSJlRFoL_EYNQ-LQ-5T5XfM81-NWbMPMWiUfpdHtqVCDF43UdI","token_type":"Bearer","expires_in":3600,"scope":"user-top-read"}
Spotify response status: 401
Token response: {"access_token":"BQCzbKrQj_IYb6Ps6uJv1bIHuStbcUDRvH6beZXE4KLYSQ50Ay_xiDEaTuvf3HYejLDlvMFaUHfPl9BYLgzyJ6biODjadbm_zFurmF0IaSBKF5UYvuYp5-xMpv9Qh58lDOceSKC0LfDOzgI9nbwInK8MQWgCBMGMKh0rnfPGcE8oNi1bpNoRWPYOnt_Jo1Prqz7FwTU9GOaH_eoIolzPS2NukyQOdnXabWv_eaQHl0DsxU8ycAU4ZYWnP9iILcHr","token_type":"Bearer","expires_in":3600,"scope":"user-top-read"}
Spotify response status: 401
Token response: {"access_token":"BQCRSEV6MRhkiXXI2ERa6VaUooQvcj-66VPSVkSosL2RN0VppQGkVACLere7ZxpyPWebgHOnE0wM0ebOs8nMg2O37H1FuO0vGXVyGkTTrdKRf2IVneTOQLKjuvv-uexBic1hlTWIF0FXJgjT6Lmzb23ekpO9CoXwdb0LzYl0MzUq7rDCrIWre5ejTR0CeWMZ1Azy5xn6EWi9mwylI7Mb9gI9wWvd0PapHBUa2j650y6MV-4lzlzAleubEDLXlZWk","token_type":"Bearer","expires_in":3600,"scope":"user-top-read"}
Spotify response status: 401
Token response: {"access_token":"BQAmTEZiYBKEL2Nho-O6M93PmQ_ERt8-x6sN4djeZ8CoSzBISqBCBY0zaM3OZG9jci9Xis6a87H4eYVhp7Bp3sR7G3_yFocz4pi7emcSihBSzHpZCK0Jwoj5LGqFL0Jv7os2DTn1GuALHkhqtmQ0sn_QOCjjxjdTO2hy5mWZw8ZFyCWN4OvYNTkaw-fCuXtDGMKa9-spnlDiMmEgDhKMQUJP__guxMtnWbQIRhx_MtxD6fX37R7iaAeONmfimsis","token_type":"Bearer","expires_in":3600,"scope":"user-top-read"}
Spotify response status: 401
Token response: {"access_token":"BQDUTAQsUuIPe4keSbFtZIlEg6aZJVq8FqlgEGYayQv6_3GTHdENDv7E_kMz5QxI6r5aurokUivayL6UtD3U4wkbDyoWfb1M-gEfVD5eqxMIxVWNcLmoiE16k1d5xaYMeAda8Z-lJ2MIT-oNWPQUeOr8UuL6dcIS7ndHEIc4fIeWF7oZwljyK8_sGMVAYVZxFyPXjRl5_W7dTgGCgFupONa1zc94qaQdl2r7UMo8whb7jXZN21iWSjv2AhmZpVCv","token_type":"Bearer","expires_in":3600,"scope":"user-top-read"}
Spotify response status: 401
Token response: {"access_token":"BQDAWMj8udRWyyloJpDlj1zekUZEpzxeWZu2gSmzhWLyQ3Yz1NObpQf6Dd5fGwC2GuHhMwLqK9HqmB8r404kBMe5uMSvwl9TgTQokKglH7Hm_cLzIi8ZCXRppF3ZTexRvfYKkWIXRoAw8xMkJfQrRe3BNcMoBsY6Z1QV3MTAWCL34phP3ZcS4pYBk37PZ8cmnLCjqUPfvFRWHxLWxKnaaELNfhDhR4Ta8BYhgu3vA9Z-Q4OViHhnx8ebsCDhgIyR","token_type":"Bearer","expires_in":3600,"scope":"user-top-read"}
Spotify response status: 401
Token response: {"access_token":"BQApx3ELKo8jJGyizepvkd29dXJkCGHldZLVG-tDjpw8LqmVhgOnTJwJkf08MfgnxDYl7FU9dtMpAfntJ8zu2ECnBozHxB7ZtIOzDQg4olOJNWkWqgqQAebViY9S5TGdNHUvKZHdfupzPQyd6BM6QRoKA-Sfw9eFjhXtJFYr1qcz7ChZDK4JQHPsX8x2lZIpc7Y4GZeuvcsFp4OjAAYHqcoVFain8W5FDRsw4kUJnt25AQeKoTsYa6FDXNrZGe2i","token_type":"Bearer","expires_in":3600,"scope":"user-top-read"}
Spotify response status: 401
Token response: {"access_token":"BQDc51ztLdduZiotmR933urxuPgus84oz2D9OxIng8xhKFD3rYryRSm7CDNKItBcyvTLOyKVELnQVXX-hnh2XKbUHndQTq9U03QXQSEqZk69DfJ01C6G9HOM5Xs4BHoNAyPj5mqPqAtlOkW1BBH5GUBJwLPgvKIv7bvmfyv5vycGK0Zd_hTz2-rL3Lppxrt6Z-wX3XY2v7ETVu-XCeHTWbEAV8c5wCMJNNvL9MntrzIB3kVapXu2r3MuZQt41IoD","token_type":"Bearer","expires_in":3600,"scope":"user-top-read"}
Spotify response status: 401
Token response: {"access_token":"BQAeOmszXdybOo2_weSi5N47MjiFbV__w2r21Pb6MVabFk8LXhHaYqVhwWuuVhJY3SefspuTLTX7pVejB4l4EbBmMdZTGpB-HIocBop0hEGPg-_tZWCunmIiq4pTRYgv0YlWwkV1vceMy3Mp_QMspjIx5TztCRN68kadyyTXtKMnM9tw3chemaPVyZEme6WM4lpvLUe8gX6XIi5yUD_kzojE10T62iLHJU1KaZhTEyTZflv8Wrt9Y8jdwf-kMyrC","token_type":"Bearer","expires_in":3600,"scope":"user-top-read"}
Spotify response status: 401
Token response: {"access_token":"BQA8FHd6WMtV3Zv85y_CfHXQMfKYADlWsAgZDL_5Fy12oVIyCG3uv7-oZtbypWu458V5ygLF7F13BjfawB_rOvG45U7pMZaERMaa2i36w_N97I7qzGLr1nbIBx4EExDzpdkhkxfoCRNcBpbzorYaBczzziMoUqCwj0kQX1BW_aqOpTl-jX2EDtkao53EzFfg1uCbv-jv0x_kIVkUQzbnQiLW7DZhdhxFzPx5Mc4hQnjvBF_9VNWoc5fwzl_RAFoV","token_type":"Bearer","expires_in":3600,"scope":"user-top-read"}
Spotify response status: 401
Token response: {"access_token":"BQAH4xNZRPWDcMBCYmkhw2ujZgOXN97j1-3VdOtbxyX6WmeFdGWU9_7vgc6YKwvBNaRIHGXXLHvwHBxIhwYUM1JftwgD6gRcjKySlx5TpJcPj8RzGyHAkedIs8CC81bTU92PFgwMft2x5RXS5il5DLw8MHCUDSb0cOEcFg3so8sz7JaW0Q-MG1jROw9U4gDquF3TW0WJ-oBXk_KIVFwGPEUnlBCqfd5g-ear359fd8wkx1Uwa6DjPHBW6E63speu","token_type":"Bearer","expires_in":3600,"scope":"user-top-read"}
Spotify response status: 401
Token response: {"access_token":"BQBxnO2IMZY7nCCGWmMh7vZ1sOxxWgcNOmcwRPEt7HLH2t_VsoJc7pmmG1Fl-SIbrl6ZzmAnr2F0eKF8RBSPLzRu9HdLvi1L8RAPV2wXpYfjJbPFmHz0kscXx64t6DjOA9cnGvzJveK1rv8lJoFng8p4orRPUr66i1Ho2uUrL5cyfLhW0dOmpQASPy4l7LgWKt5KZCmio8JH5y6uRcO3oPoAizqd1ZZI9Ip-bgLmUiSww1XMMGhXZFW7iMFMMytp","token_type":"Bearer","expires_in":3600,"scope":"user-top-read"}
Spotify response status: 401
Token response: {"access_token":"BQC2xRWbqcR15gw4NKRQV-YAuyi4GxJBRgmZ40RTx-4v8deuLvW9UIgotvvLAXfz02Mr4LFkrWXVlF5IxAZZbgtC8aPldH83OoiiLC-GFZn49OaM5CSqLVj3_HxNQxYaQP2xst0VFS09Z2t_4WQvf7MQO8XqoHJkO3eck_U4SFjaH9YqRCenloBjIGt1bah6mMRBzZUjO3jHWkWJL1ioTTSPD2Kpvu1T6JIy5u0l0EZ8DaS8vAetpLfJiqO7Fcic","token_type":"Bearer","expires_in":3600,"scope":"user-top-read"}
Token response: {"access_token":"BQAFkJWu9NZVl_NUe20efp4RDsfoMZjHQQRc_IHhkGdty0i4nNc6dkesGqF9SMGO9rDQeMQbqklexBENHV6Okr0ohS-AH05w4sknkmgIi-IHTBvZ3-P502Ig3X-JzaSPcMijBaEqMqkjw7CB21Hy6OH3S1Y9HAGjSNd_hpP8YkEJBmYUpswiOW_mjkKY9Mr1M7uIL9zaNbSZf4x0jRIS-F_S7Ai92p6V6m6UHLNfYcfwpevJ3CpNdcwfErBd2sWs","token_type":"Bearer","expires_in":3600,"scope":"user-top-read"}
Spotify response status: 401
Spotify response status: 401
Token response: {"access_token":"BQBRr7fLIh8bfCwUai1xByDMCtdYRUNwiQsWS-UYJAVwMUfWmL7TE47-ok5GarDOHXtbcVrHspAFGeIsM2HuZsDq2qpAlzC9X061NqAV0OA5LCEzoC2Ine5SHukwSiIJ8ai4v7_6mJbA1fP4B5e-z1sn0Ybk03o8OOdEFkuIH36V5zYg3xVkn7U_yQ_lMhmQLId9YuxYxq0XgMMSaGWsptCLf39bnCQ3tjPij-o7s9oho6jYLNaYSiVgK01QO2y1","token_type":"Bearer","expires_in":3600,"scope":"user-top-read"}
Spotify response status: 401
Token response: {"access_token":"BQDUcVLjREwkAm3kg-AwaKaQOULP-_RI6zPptBichSjCUlvtjtM7gJ2kh_lZz_5V2TLMzIqn44f0Zrx_suJ9r27N0qhYhsCffMfdGTXnr9mw-I2fB3HcWh5k6sxhUVRyPZOv0ubei4mjPuDbg3eRWcaaFUZBc0iyr6gD5MB3EebBYfaa3z3Qbv5DgO_Ovt16iJPLnMc-aZeo5CFBI3olrvF9CqXLkLrYnjNWuZ3TJHauCz8ADa1_LkZRKVjJeZMj","token_type":"Bearer","expires_in":3600,"scope":"user-top-read"}
Spotify response status: 401
Token response: {"access_token":"BQACzChng1ExqwX6WcQButgyk01xdApwK_2hQ70VFjAMr0OZw0iwmdh0Ml4V67dqE3V-N8MoS6GVK1mtUTaCg4CV67da6-fZEFB03fLLy7VyMuceoWvOCB_H1Rqbiz-QXVoLuT2q8ssbAXQUQ-dXi_9qIWcr32kwmRk0KyuFMQ9cu7HJaxO3pM9NX0e_1kSYPPmvvIR0icfho7BdRwm-4t6RbRn1IKj3tEzpYfsTpFCQjUSQJqOv19tg2RY0WHk0","token_type":"Bearer","expires_in":3600,"scope":"user-top-read"}
Spotify response status: 401
Token response: {"access_token":"BQBRXAzCpqwAfeEJWozqSMkh6Z7pESQ5g1dv_cyfSVzP2hz8t3S8OVzN9waqwrFofUW7TYWEOf00KtmiIxrg3NEcefi7nSuXaHr5tBfWp4Zcsya8iukQA9_k8bEQEU3W-Im1jH4M5lhh7mczLTEgOiz3Cu0sR6M1_V7fBHORTdpzC9SrVD6xcvQfUHDMPyBYDpXbGw-7_w4ztSUbMkD64cwrJ8E6fop4SkVSjeK1BpssqjtUl5r4_OE7g-WrOZke","token_type":"Bearer","expires_in":3600,"scope":"user-top-read"}
Spotify response status: 401
Token response: {"access_token":"BQDpek1tZDNYELl0klRmiM9DpuLrUvSspI23VjkfTx5hRgOi-1EFC9Qm639bXpNlqOFqmcbickJUp1vHiWlpQf85VvxGXbKctfb-TpEGuFzFgJ3lUCh_-CXgpfdxpaZrGSg3jzBpKLNg2EkGGQurAa07coAVIWR-kEkvfYKianz8oDSJnAxIgFQjMpvckuer2HkbObRIQTYnz05xAXedwSd9UMC7f3SgPjMCh-BOWKK2C_q3N6POfFZ3sfQTYV5R","token_type":"Bearer","expires_in":3600,"scope":"user-top-read"}
Spotify response status: 401
Token response: {"access_token":"BQCkfkTBNwzi0SLZnlXoqy9ZH1aiv89-TsMLkHhKqCWiTFPemRQXgtvN23GvtlFErXi0P-XnDwYPjp056JDb_UtXCxqYj4DpM1tr-QdrCuC47Wofz6BntrL7-MngZlsWSn0QTR9jHArUGqDycS2RonWspd3BeSKdvlvmsv8nBbXVWOXmd0-e1POfjjNmCf7J_2iy_cRNhKl26o4lmBzujkQDt04a7LZd5eQ4U6F8ANhUc9zA_CXQYq5X9HrMbmIM","token_type":"Bearer","expires_in":3600,"scope":"user-top-read"}
Spotify response status: 401
Token response: {"access_token":"BQBNB0dOFYo6wvY7mDpZtDqMs3dSZgmJxchFXCMnvng_R1u1eMSNE4ysJnlmCrQG4xyy_BCFryzbYJ-7rHQ-UlR75LNxE1snuuQYyovHNjiMgIiZWnYajb1ryqCjwMAVtQsNBJcWJeNNWccPkvJarVSn7X1x3hy-yQGlMsbU-K6Ezo7FJq2JTpq50B08Z3GlH01lxemOFKCIb69nYmXAxPYD_qWYgLOWkGfkOrSkm96XkrGdql7f-A_tPSCll-bZ","token_type":"Bearer","expires_in":3600,"scope":"user-top-read"}
Spotify response status: 401
Token response: {"access_token":"BQCxFYO0o7IjQvPyLAa72xTDzipLnorWDiS-xhg5fY94_g01P5HOemJ4ft9KueWjlqzgazfJV2TL1AqU_8kIg6ca2oDVt2XK58YxN-tty6taeZksk9If4bQl6dF6GLqUIRiZTcqrlEzRC1vEBJF2lqXxaZxjX56tzfans3M11BDKimiLEZHqCe9rqlgaDqBSt6BlDe2DquGcS40EWPL0MgB8obsIkH-BdXlDuO5fNIaJ5GCMCCudPTbCIQGtwqDx","token_type":"Bearer","expires_in":3600,"scope":"user-top-read"}
Spotify response status: 401
Token response: {"access_token":"BQARmDSJQbvBY4FPJrKfd8pgR_NuyOwM7Yk7KVCcGvIq60b6520UChSv2vkP_IM5yemuPKzKWX6TLe8JNxVf38BS-2T3vYbxDdXQXe8m4cPBu0TR70c625_btTK5pMrsM28hLLuG7dlwZcx1udfoLHGYj9Lgsv3CKB_eJXPuNrO2zOoAx8h1Ya8E9FTGx84JRGlweZobf4C2nvPYK2P0NPsfNyJ4B2j4mI9oYIhCKpUsWh62vteDrav_bFgT36l8","token_type":"Bearer","expires_in":3600,"scope":"user-top-read"}
Spotify response status: 401
Token response: {"access_token":"BQBoOMqvH30gX4PjMfHfLQrQCtd64FwR9MK3vbCnMFgtWX5Pl-9soJZHC4wtdYhOW5GNm61QF3vmuwVE5zDtc8EPIJ7htz8dTJ0XpynQIYukOYLPEjA_gY4ePNIlbVdLNoksbyKhjmTJvD7umGoujlrZ56V6pkK-H-wAAJ86DpO8snyj8WHcj4cYb_pbJzaV4zQfwsNRmQ1IL0eTszvVOKmPdbpg65yg8LcNbRGGReVSLuflsHwUd8xvR4xvfGEr","token_type":"Bearer","expires_in":3600,"scope":"user-top-read"}
Spotify response status: 401
Token response: {"access_token":"BQC3AgT_-5cHz0pyyRLElO_wC7SaAZM06DS8gzxlzT4DSpXgHUPNxIwtFn9mHs2B87_A4tVBd848Pn_jQ_iQLH22AOhBKbhkZXElAxhT7-oBfq-X6paLE9a-cYWJUF4bCOayeIaBLIuO1XiSsvUVEq2PCQQ9Yfu0zX_4ogW4Pbc9QaddMm4sbs36Y-xMvv85aXcISDAkEtK8WFXExxrKodXtq2nMLTxbjeSLWaGG_ColR1wQOWvNH4XtITIq7NCn","token_type":"Bearer","expires_in":3600,"scope":"user-top-read"}
Spotify response status: 401
Token response: {"access_token":"BQBOR6JgKmbJOXWOg6KNhDrjI1E0VPb657fMfHj-tbVcczmDu8i4eOgzKgEqz_Sb8mrE0dDL1kxpF7IzVzhpzLLgWvmn57nlKkzMdKKhhFrSv-vMYp8qHjS_M-rURDzAKt4raMG6HEPGQqg80wdDQhGBlX2v847Tna2vRKrMpkYfyCTnhsM1hYeiWUuc8ortoxlNeCyK78qMbrwATJIFj0AGW-jRcNTUSvAG65qFCT7DgPkbf2DEhGjHCnuErrmS","token_type":"Bearer","expires_in":3600,"scope":"user-top-read"}
Spotify response status: 401
Token response: {"access_token":"BQB5t0YMpuwypjeYyE8f_R7bdMpElH2_3ejrNp8Tyv5ja8iJ3DRqzQDtFxTfm1VEt4gchx1LovJ8qMZIE0lG-dwz4q7bFWlecTAORL1jeYCHfdRhjpxNsXkxFbBUDmgKl0WJeXOLEqElkEnpaqGEsSf2yMOEaNBza78egpA9FN8vaIUCcmJrzyjWvxZNuX1YeLo0FnISjO-ZnsKKacLLgPgOV6yXKdsMwJfkdx6bpX11f8gRQMrcpHouL9hAQ9U-","token_type":"Bearer","expires_in":3600,"scope":"user-top-read"}
Spotify response status: 401
Token response: {"access_token":"BQDAsS4dbiCJ_vlWunoY4XlPO-Vjj0hiIkEzcuVj0na-ZZoTX4rZRr0lZCX9K2DvHKOTS1b8x2mRUYFZ97A5V4UjnkBoAyL2mQTevVtVeBoZdJNZblvm5cI7zTsa9rto1Fjm3qK7EV2UmUF-zmOMUn0NdtJDQtT9YWxMdKX7AdEpO54BjStPJsYTPPDC2JpARvhC5xldfhDT7E7rd4PJa96an589E0DpZt9LqdYSiEDADwik5J8xj5z8_lXfcg6W","token_type":"Bearer","expires_in":3600,"scope":"user-top-read"}
Spotify response status: 401
Token response: {"access_token":"BQCJX5uczXyde8hCyuuEUaqzDAIL5MJz_35PU-LNp6DKbjbHQOGEQ4zKYAHyb2l1Jq4_EnDl1yWhcE9JZgP_ElNo7PSctaODXcMDoybQ-4Shn2QlhCSLCv_NiHOnCBV8QU_7lkrTVmJh-WYprTjh_UhR9YNdc26nmXMrA7wZNj6Qqu-TebrK-Z0c5c3ABvsBSv9c3dw45c1ymKND0hsOicnLGRUWG9XMgkByiY1fgISo-txBTwbJ80RhSHLzXPN-","token_type":"Bearer","expires_in":3600,"scope":"user-top-read"}
Spotify response status: 401
Token response: {"access_token":"BQCcOKUcYCsdpDdbYnC_LWJvCWg1FcGJNBu4PQMoX1p_o2B4qYOrQNDcjtD4q14Wc4yTIYixK93DnVXFae4WkuLQjDpXac6cYWfJcBVvpZqhSmgigZ_jB0PF3DjGdq98wzmr4vQwRRIWl3ZQ43l3vkF-BaPia3UmkN7gCKFUBRvwR5WFDycFXUNNrBXGJ8afmsFQYXoD6QuStb_wB9sP9fynBGEy3pY1A2hLkZbGc5jsNcSFjryJmwN7gaDxmpea","token_type":"Bearer","expires_in":3600,"scope":"user-top-read"}
Spotify response status: 401
Token response: {"access_token":"BQAX1YYBOCixIJkOzPK9FQ2AHGFoGyxjt8WwBSlKfT3KKBcmr3npmzOktyiKdcpHUcr3AE9uMBr1JpSwlaFTYuDhS54gviHmodpxbDPA1g4QSkCyuQIwgRWfp0MOPE_0GsLu7ELBy0pME9VKCBDUeq_3NaXCqUfddm9CVcKcswxBF2DM8sN0R6ymbYx1VNh2U4NSw3EL4UqH2_6oFvIDppX4lBKLH59r10jy7DydfkvANQpsmP1ZFJs0BFDoUd2E","token_type":"Bearer","expires_in":3600,"scope":"user-top-read"}
Spotify response status: 401
Token response: {"access_token":"BQC--DI3iSX7MROe7ueoOvb50rcKSFg_dX7JOwv-a80NCB_vfw6kNyo3-U3FcRXxI1PGdC0_ifs8idgEEMB_0afAAPJNAFdam77aPB8DOoLd47kBZorkNmc5mpSqDgiYF-8Q6UdL9_gxYFsFxVFizmrK7jq0vt8KYq09BzsOosQWl5SeTQWvLwlt0-z8JNDzlzYJEWwUIjBvo8LBSKXLc-ywHtps0cfvEUVo-U-UPGZ9gMxr_J1Yw8ZY_b2w7WbI","token_type":"Bearer","expires_in":3600,"scope":"user-top-read"}
Spotify response status: 401
Token response: {"access_token":"BQDVCwtUx3FHOKLDKbPjG3vlukoi8giQlwp55iuwnEWhFQ10fV5PzIkHLGsQ-_GACLwpbf1mcUJ4o3f7jflb9vlOAci2W1BOG3mTIGBuFabCRBuGxJtxrT7eHuX1WOGJdZtgpMs9fpeu2JNcttOzw2S3Yt0sJ2hFm4ae6Cx93XJis48iqEHZv-RZwQjGtmnFVbV0Z6SS456ylKgIPAuhxZZThbQmaHdSX81FSM6nu82qjjLoqJTmdZoGtqN7JYmL","token_type":"Bearer","expires_in":3600,"scope":"user-top-read"}
Spotify response status: 401
Token response: {"access_token":"BQBI_lZTCH3pDuvAyfKF22MeFlH_j_edjJ0NS_GX-Vnjvsr_XKl5kHEpKfB6hfKk2UBkzJp5_IlNhJX4edD_FcKI8xtDV95HD1-3SeBF8TdqvcLFYnYUaUuGWjqlLuweKQ8rRlLpkU47fhULwcfpC4EihvmBPzz_P_JKngUa2X9Mg7-ov7X0a2JcxzlMV6qM1rw3uu6mFge9MIJ8kDUF7WTRqcbG9jppl_XDZvEJbZHbw8XSZ5B6BGQkEUODulYx","token_type":"Bearer","expires_in":3600,"scope":"user-top-read"}
Spotify response status: 401
Token response: {"access_token":"BQAblbOwaQw5QXvLuaGvuyZZW1lNBgnfY2KcglX0GTvJrADxFqpRGDE6gzy6-6q0HUIg5SONFfVst43qwnxLo8tj9lBRsYc1qbEhAh6an8Se7dZVV8jSpLhwxsVS9mqMz5q2sGq6eDQcZuvbczsaFGoPYq__0dfgQIa37SW-Cdbs38y_djS_ivEiBWMwjlZoQKqqQShK8mQASMjE8Oorx3SeeE3fWlXQcCBouct4bEr8AySwa6IeL4kptU2HAJSA","token_type":"Bearer","expires_in":3600,"scope":"user-top-read"}
Spotify response status: 401
Token response: {"access_token":"BQC0k7JfI8hzCmE6CXtn46ewUetxRKM31J_wJRiJs09U2rc_cKVc2-aifA_gTx8Gas2Akjd7VoMeYN-GxdbMdrzLuT68NAV3hxPltG2a6-JmKU_YubPsqp9RlAYymib2CHg9vj8q_54QAIyeB9n9JbuIWUf7QdDZ0jNfk9sMLK3nrQrNP7dm5ZWw4GmPSb1ZJI7If5Gqu1cipZwJ_GYkXgqEK9PWtF9La8Z16Nn68Q7g5_7kmJei-jecINmjhQO8","token_type":"Bearer","expires_in":3600,"scope":"user-top-read"}
Spotify response status: 401
Token response: {"access_token":"BQC5Ao6ESX02y0vD55bt3eC4PnKWdwzJDBNBEqP-I86lhxQC3_MuxRqyExUj5cfSy8UJIAoeWD4BcTlqNZrqR4YNIXcpa1mUqattbjm98PG77uFOdZX6xd_quJPSl-84LZKbnaMICiUr_BwuDdduAfZFjKQ9DeFFLa_Cum5cfl7qzvRDE50wU1nXa5pG_pA432CoyGOlOJ7tv-KQTBz7IPAjd2viTMEUch34OKByJNzlUy10498iKlYm4c83ikzO","token_type":"Bearer","expires_in":3600,"scope":"user-top-read"}
Token response: {"access_token":"BQBSEBHIOq84OtoGyqb4KjPp1zjs33O_kY3jm5y8ozGGZVy_aLo5htP9HZ4xjZ3IdIVIWq5GSpvkzdoMqXVHngM_VkMw6iKZtlOElib8gEGmhTzQDxACBPGHz_0Yp-3Aw6sBIzg8rFbL9Zn5ckstX8tp_8CLgiu-euGZgO3sUgAzdqB-BXXyh2hL4cg4TImnkLpcwHGCf1Yclslb9de_mZa7k7MqNxrrW09vf6RE9YJCm3njmWMrelQsQtZdA3qD","token_type":"Bearer","expires_in":3600,"scope":"user-top-read"}
Spotify response status: 401
Spotify response status: 401
Token response: {"access_token":"BQDDrzVeS7y9wK04iH5VmK57LPelmFGHzO_TuEu1j0D9-0YxywJLSaTfdg5S3Ln-CQaYDdv3RFm6QuEkpel0krhW7_KW89LGMaAKLNcNROnaHjRm70OeIpkrMQ0VsiyY1nFf0c-9xPIT8ptAkaHTyIeeL68MvCZam-UKnT1UVCnnDHV7XQnXFV5L4Lb31PJ1l-S12eQk24Qk6QPc3I6OMQ4DdVlunbB0Ua2JBQQUHbz5OGue5RQ3wOj0LJVsTv53","token_type":"Bearer","expires_in":3600,"scope":"user-top-read"}
Spotify response status: 401
Token response: {"access_token":"BQBPBZnzF3qm3FzB8wQxcyTULkbd6DtxKPOsJExvfS1wSmnnpznSVmAXjDMDIdH3LgAH2UqmY90W7tIb2JvrvlFj8eHUwQE5hr0RxXsRsIeeamPgkWJn2i5kBBh4HwkAyAcwitnPoWnBu-t2EGSXlVI4U0LS_f98dmienibNJclVs4r7AhfbcFdpt1RSoAGis6L6sGebwX0SwUY7Hd8m39JKeDMSP3blFVh_SXO8rKmIFXRPlwK1cInf9keqX6Bj","token_type":"Bearer","expires_in":3600,"scope":"user-top-read"}
Spotify response status: 401
Token response: {"access_token":"BQCYruBPvoEp3JLvV5Qv0LNVwdBW8nmMmyX9A_pjhl8Xc2Pc66Q0zetewb7khtnAMsEEn_UxdRmhJiguqNiXUpgqIdflA6PxdEi6VGJNLX0ibnUjLPal-5gzoIfRkuEQZ1MXpgi4KjZetE6zmdV6gzTwpMaTb0p1om5ZkDM4bieuZH1bTHH_x5uFLX4XFIXwk2voPL9vqBRkozKujh69AcTkYPvJxcmZx9B9xOagSABi4NjHQkspOlDFnZkg6xmc","token_type":"Bearer","expires_in":3600,"scope":"user-top-read"}
Spotify response status: 401
Token response: {"access_token":"BQCwQZOzefwEolOcKhHSHxfJakZg7Dx7l-uQzAAKHS0cl1HdXI7uSGPVW-fsYtXX7aCgWNkxwhUmv0WeuEvcIM3Zah-ALxfnsEgCUzpDbhrqnZwyg4ZEJSQeCaXCEnVBd5vk_pI92478FPXQEHRK1dS_U0tAekB3gyTNJACq7qMTL8bkDAU8E9F4tcpP2mASXc9e1ymAlT-yWiX8Q7yMwDs9Qax86f-UKGhemDzd2mFTka4W9L5LUwaBWpgpzN1I","token_type":"Bearer","expires_in":3600,"scope":"user-top-read"}
Spotify response status: 401
Token response: {"access_token":"BQDx-5o2SYAhtQsOcLyv3ljOpXFkaukNrdtQv4eEYvasPHGNN_d6WhDc4iR7Irg5_X6HzbbqOO0cpr-Yz2JT0E1dtjt9J9OmS9UEbD0dXhvH_cZhXJgTREjcGkaMbqOhwuWo7-zTocMsYNRYUP8J_743Z2mT8wgK8w36-13t4aO435TpkrUDtQCTGG7pk7aQifUgZceCdKR5xWsjSZ2NnmzBBjT4xu3PeSdf3JcAAHy82KvYR68IZqHsaFQl2Rvq","token_type":"Bearer","expires_in":3600,"scope":"user-top-read"}
Spotify response status: 401
Token response: {"access_token":"BQDE_6L5sWEntLNrY3oHBG8PXyBoZjPqbNNqI7247W4cXvN6lG_pJzh9zRVQ-bEZs6gxVJkwLJGVD3G4AQMVgzu9r6Fmw4ZBFRhmMUr8lxFGoBaPuSNHvFUm8a_A5WOAxZw56P1mAVVbJjrJ_XMlOY_EMXA3SzmNGouYZpHPF0yyz5ogdCnZiE-ZnKwLGj_oG5cKT2m9SH2jQNPMqe47LvQ86wbzXMVRU4NyupD50tjW8Et-mOks3Nldw3RTYb1R","token_type":"Bearer","expires_in":3600,"scope":"user-top-read"}
Spotify response status: 401
Token response: {"access_token":"BQCF0hTxvynI-GZ3zrKKKCTum2IwqF9QjgvD0RvYXVHTNNQHte4r_S5wEZZo4PftsBFOsF71vgjfbTbnoD8wSVHgjskwbo0jycE4-3bZO76J34xYPp9Y3DsPoY-FcuEQXciDeow2oBQv7Es8chSwGA0nTlqiipvVSzJgpJPcriiMoRKEwOsfQgBhjL2kwGQHmQnJ6_GTLZ7b8op6Q_mBtFraRPXlHYim74swIXWIzMNa-8XH54OwujRrKp5Zzyr9","token_type":"Bearer","expires_in":3600,"scope":"user-top-read"}
Spotify response status: 401
Token response: {"access_token":"BQDYmb7oio_CdGZrLqWGP85DcaBLxcnYszA-K0BoklECm2p1_yIxd43KHCTZQlUQSrg03WaSSI7THZO90hwPKS8CMu9nj7YEjL1ttl4jWiEqsgupHggq0AEnGfN3b2w_Aiyhh_3roPnAs4jOeM5gJb1JXnjpe15geTkgfVT4ujPqNxlEQQ3qXSLxh5z28r7Zdwf9egOjCdU-MgzcUYGZUErNcA39TjynobL8QlU6NwDuY8KDhJgPfZ9uYrXu9pLe","token_type":"Bearer","expires_in":3600,"scope":"user-top-read"}
Spotify response status: 401
Token response: {"access_token":"BQCcdodznZMaKBirLZyqWNB-5b55sPN510NXFcHiTGBwt-AShdUCctMzmXJz6jU0EvXl3vej6FykqfVHQo8JQc8sFDS6szhsc85Y1UzEZpm-eKA0RygKvBhx6FsBJGLZ01kTks58s4EUgYWD3e-mKCgpv-UQjH0fkDh-QZoxt3caMcyFCKBFBetyqqzr4O-a6jb6d3bFOEY9jjAAvMQMCYIBzZTX_K2W1VEExDYBTPkBjO1ppevlsP1dbbF0oMXY","token_type":"Bearer","expires_in":3600,"scope":"user-top-read"}
Spotify response status: 401
Token response: {"access_token":"BQA3uRTgp5esGb_6W8jAhn6ONiWOnftP-dfDX4o_6vu7INZ5jluJlFGddMOzPlI2TCKgV5kkXpq2TrBwn7kMAVcbRxgUAcUoJ_UIC_dpaXEiRfBGuj0CaG4Xqqhik-k1owagspyB5J7_PJ1b9-aJMsjo--aaOADfui7XVfLbsk09BBHU6hHRZ2Wh-msqAsZ8KqF22YSvw550ndH9Z0s8TCmyLBCH3fVrrX6s2L8b5Dzw1OE4hLBCWqd9ydEOBlcb","token_type":"Bearer","expires_in":3600,"scope":"user-top-read"}
Spotify response status: 401
Token response: {"access_token":"BQCMEUc_Lwyy8Dc9fgvHsGpD0QeSx1STk8Nk4fRs_owR9RKrTaT77v4b0_Wp2v5eR06EPYCpekSl3K8ED6q53y56myNRpMetVt41fIuKgI5Nb1ummWhyb2DI8AHvxejnA52uBK8aKKh26W6yo9Lbma8vc3L-BOJ6rTA8hizSEJMcoWF72eE2L6_XyW8hScxhIZsXQJHL-8sqH689A56jpPzoPBWnO0MwXm_4p40nmU-nBc_u1yc_UJvtAvv97AQs","token_type":"Bearer","expires_in":3600,"scope":"user-top-read"}
Spotify response status: 401
Token response: {"access_token":"BQDI8gzTPmQs0LY6gB1QmSHgnWSMmYkM3yMxxEDAjbaq6Of_QNZBG_EaGBZW74IRUQl5Y37Hd7u_K_f81ZEhJ8-7dMvBiqMMpf3mna8bZsFP8DqYNKIyhWJPKWFntu6hF_y4cog532qKSDeHS1g9UAjY2KZa9GsD5AkyGe3spIbHsIGIeJWREIZSChGxBxLfjXyXF2gIo3OeDBUPn_EIw7TzDaGt4Tk3IU75OsC4DotFuktiTqO41C69Drzo41NC","token_type":"Bearer","expires_in":3600,"scope":"user-top-read"}
Spotify response status: 401
Token response: {"access_token":"BQDXJnL7uwRCeet0BoDMPGeOJiHf8091B34Y5eMAlzzgsQXsLZI4F6sAekAxEjwxjhd-0Cw9vojVfDQAL2KhCICQ-JLluSozyTiLSgk42AKcp-oGE-abaFvSZMfvMBBxnJ8r3J3i9m8iW7qo1aGydijJIFxAXPSvRaxkBaOmtm1juE2bC6cyXlqUIZgv6lo_ttZEal2HXRwL8Sz2vuyTVIn4PbKLXDignJu2D43OL3RxhUt36vhTZGrrGJYfTuYp","token_type":"Bearer","expires_in":3600,"scope":"user-top-read"}
Spotify response status: 401
Token response: {"access_token":"BQClIRHmXFjG5wLlYpsF7AGTb4Pb_WnohTNsYJLXFbqscr14Pzt8zWR0K3csKJ7zfovR1rkHcLA7KPdQdx2myTXktIbDrcUAxZ8ApSzbE1GBmzLNjfizY7coqNmFsa6h4N2psKGZkCku9AwyZCamxWbVAqUYmOsX3aSSnziTxZIKeVng_e082V03fZvuGbtKXrM0kQrif8ugj_LlfOitS4k5GIPsDz5GZFYfQ1_ThmPfABLBgeeO4G0TTsdGiLux","token_type":"Bearer","expires_in":3600,"scope":"user-top-read"}
Spotify response status: 401
Token response: {"access_token":"BQCRs8-1KCUGYKGBdrWgxwMwh4n3VH-TQD4d0KAJgqt1G3rWW9i2e9LEukh-nlEG5P4bGLS-2urjWJSNmlIBXNzGoVhzeE9XGnXabZYIUhgmx7iNo-_B_z3r4R5jPyt5RCpz7A8uvLxij717s9gBDluSnkeK-D0mjOzyN6_DQ2XoVeeurvqJd8RoUxZygqnERu1uBHyroiBMzbh5ygIMr57q0UVozALq9KjinD-15fGSxtjAgze5qnmsRcWeAgj5","token_type":"Bearer","expires_in":3600,"scope":"user-top-read"}
Spotify response status: 401
Token response: {"access_token":"BQDwP4BmycsB9o_9BCzoB4QZojMwC0RYJrMf0YJr8GqrDGs9HPieFNnCMANkX9jO2jPblxZvuSrOotxUfa9bZMnV7vetim91oCngv_zHye-PhyQNC7vJ-14wQcWD7vCbMqT9L-cx7z9mZm2H7ASjZphCQat_O3KMaSXxEVgdW_Rv6dYQgsSnH-0c7J6_Wtc11r1GE6a7hi-1R4sD-YXa_XI6VwyXQTkzvaRV21hqML11Fo8Te6vygek_l7_797b2","token_type":"Bearer","expires_in":3600,"scope":"user-top-read"}
Spotify response status: 401
Token response: {"access_token":"BQD3u1i1xDfsOqgUJz9mQe3f18TeG6xnIowbMf7-EKTUOyNjFeH-voyINaRYPxw_iF-gClkwixvz8EoGVwhSlIWGH9R-RVNPIXNKxbtimzOyur4m4P6SJfONfVSYnoQt2iYWyKlLfg97ripiIklgsVxOQtrQca675oVUzpeB-KZmIcNty9Y43dR8tuVRWEBbSmEhStaooEjVdjju7uocx3yuZT8K1e8c8iq09vksgOJznprduwe_c3_DbOJhg2Cu","token_type":"Bearer","expires_in":3600,"scope":"user-top-read"}
Spotify response status: 401
Token response: {"access_token":"BQCwGhXhabpZ1Ii7O0MsKFqhjEGvTgWxXkABrdInoUbJvv27oRoFwUkpVwRSXhv3RBGIp4V5O_3KGRtnqCWwW6DhvDv6XzqVRmaJ5tkmy5gOVioUPE-hpc72nSxPjvGVw4JxAI5CpFfXdlaSaa-xfPdfHsEgZU_iFogN14kFAq9YLRoWe_OctqyB7muGd_ZJN_21LS3PNBPU5n3TMTOaL-CDY4ufpxOqS6OQoGzhS8iLjoo0n6pvLvoDzuhxBTIl","token_type":"Bearer","expires_in":3600,"scope":"user-top-read"}
Spotify response status: 401
Token response: {"access_token":"BQAbgjaIRK9YibLBIF8k6ew6KcqBbZ6AvZZZIlSvLw0ckw05D3q-njeJdqPfVzhjPicLKNYXgmCkz4KnrduIMtTCxynHjqWL3BDFax9vQ2tdGb2nrfijL0ZdWbJx2HFAhTZAHMqrWiquL2jPrCnEId_QhpEXN2XFLoeJ5orc2a0f2BJGXytl0B9dV3oLJ_GA_PutUaGXeEPoNz5sdQF44uhFnRc3YrykAIbrHAysPjA7gORpgFRW2nXlJ9QEXpuA","token_type":"Bearer","expires_in":3600,"scope":"user-top-read"}
Spotify response status: 401
Token response: {"access_token":"BQA_jizm-Xnglf5PzQQthMLaVdeQfjg83MA_il9jNAxkXPSlKhEhXOJRXyObmSdHZofN7nJoP7iRQaewmtaIrs4J6zVVxgulTnyUpNvYEPoiL2hCPwJ4jFP3fIoezCpnEbiKxvfDLRmKlZC1UhqLwUWy_1C7b6YqnIxbtHc0LMUdZOBB23CcLK0RSUrexgjFps-xxti-RlXdViJ3P0ykIIV22mRaNDxW5hS1WbMQTXr4vFUgAps85rgiudxFqSbG","token_type":"Bearer","expires_in":3600,"scope":"user-top-read"}
Spotify response status: 401
Token response: {"access_token":"BQDjR80Wsy2tT09yuQsOEPuqH4CbAop5oF0veVcEZ_K6InvkoVPgZWaUnkrPb3pzF5pvpOLlHj422MqWPiKnoLOcnOGkPzvdiTXIwA4ClfAH_tNmxl7SItw22So1YNEonWFURPynIzFtl1wnvItlEiF1nU8JUWcVfEsI8_xZuRZD7jo3TlG8071lK6k0GOBeRDpzUwRl8ZHeFuIE9_wfnIZcDWcsHdSsbyRRy-xvQFB5ujeYzfWcA2z0XPrEUNMX","token_type":"Bearer","expires_in":3600,"scope":"user-top-read"}
Spotify response status: 401
Token response: {"access_token":"BQBEWHGZn4VRDvPiKPbC0CNMU8RPwM16HWuHiqRxkJy7JUXW9ug9hgVXS3ntZ4dcRztPAiTAzKsjg1ApsF_bjU36hCKcmMQekgvHSlFEliJTUl9prqrKzblf19dY9cuQoJcAzMMpmzlSs_jSb_16GBhZeRS0_ml9KehpqlS5jmGHVPzYf9sL2WcHyQXTG7xQhrneZwHJu8FWwWMeiwlVKU3QNcDhKLydZpKUE_wACxb7cPEK84QabJ9IcL8KSyCg","token_type":"Bearer","expires_in":3600,"scope":"user-top-read"}
Spotify response status: 401
Token response: {"access_token":"BQAaiUHgBbajiJdEDZyhxyXmj7Q6ynH3SjuVRJkY6A6LsNrFSQcnWaGJpIZQKgTKzIiW38aGERFupc98PZre3bVbqK7LF-r-g7rRj3gtbqOmXj8-zZT1qoNZ5yYyIrdGLdq0jo_EUIKy0mGWMzu2Qv8lBPRRSR_AizIsCYpxPuFXzCx_JF3QIwXejUpapZ6mF5VvdDxcxe0KG8TDCeoSaF_nPr0kYoJh0MwIioOpdjoCwacbFl7b2yNXzsxpdMnL","token_type":"Bearer","expires_in":3600,"scope":"user-top-read"}
Spotify response status: 401
Token response: {"access_token":"BQAfT9IDJ2CUJEHEl94g1ThTmorRWjrbAu1EgvAYw1qUHkuaMAJRemleiR7fy3Kwn0tsq76dtHJteG1LHtebSs7x1zqzX4psdON-PvDwWdAdiOsjiO79Z-5E0ba7wkYXUHwU1yFa9-dDTP6B_AHUwd1TxhUA8OMmx78OdEEkw5YWQI54k1CZx0AL22vtmM7vVCiZm32mkb7RdBt7d006epaKwS_oe0Ka3ft09hICYAvV779dIOvvLrhJudp7UXrM","token_type":"Bearer","expires_in":3600,"scope":"user-top-read"}
Spotify response status: 401
Token response: {"access_token":"BQByD5aT2q5CTwdbD_BWHkVvp4cQRkzKByB67N0GfBywzeherJMFm-r0EEoG2jg6k7By2xyo8zecZnpPILE-kb4zY-IAWDdOnua979LHFL-NQmfbzQBusOvpRFljlomrDGWv9IdT5ojfiyXJFOCNWqbzTc-i9P4pXciCztfjz1umZQUlRkYdagDnbWMIoIIgG2o0UUqQZJj-1XfPrKf080OTKS1YrdKWIWAmNGlMIxeTa9YKyGTHK13aSGfnubpQ","token_type":"Bearer","expires_in":3600,"scope":"user-top-read"}
Spotify response status: 401
Token response: {"access_token":"BQCY5R2f31cuFT-8LLQwW1eXmGLAKoVmktmOGjkyUNdIyPT6hj1dIPOytjrKGYPKZkilx0qejMiQbVJ1Og3nl0ALqTk4942H9jGqrGXrYxG_aPECUp7Oz5L_1xKxxpvcMchcTyMl1pgdGV3jn39trtxBiaQ2jQiXUqCHkEal7cy4TvPtXdksuKhOZxLnQkl55YNRWPu_Up7Ye26Vv0Sg6oxsuE-CVo9ik2MeyuuI6KVVxOC0uAShyWmsEp3gn13q","token_type":"Bearer","expires_in":3600,"scope":"user-top-read"}
Spotify response status: 401
Token response: {"access_token":"BQB3ozaKnNcN2-L8ibX2hfxl4ACLbXyEpqBgRewcMHb8D_PqyI67u4OSPPIfblfvjnWfJvVhpUvEuEVUO3f9ve1Xs94M8pwckvwliDzQAYGoIU5VFfQspVuP-6YLTBu5joQoXsfBAzaIl97KNFJ0WtpQBb3k2zD7m73KOP33Y4uU7zWiBaxrEyM5g1Wm1Ms5S36kiG182qLYb38fH68eQNU9nLh-UW-augUJPn11MiAnYQeE0GcVCcYitzCimrgT","token_type":"Bearer","expires_in":3600,"scope":"user-top-read"}
Spotify response status: 401
Token response: {"access_token":"BQDgaxtFcZ6mD_CesjpU1bIuNYVloksBg5uwGVarhuSO-cKv6hrj9-ARu8-BWqem7huL-FTTpKcyfZYKZUH__DhdmSwVoNNfFN0a8drquNcgboYM3ofghapKJoLQocE3hP04MqTQTJDiF4Fkd5WLzdeA6T-aKu8TL-C5qbRIxpYkauH7iJgnXzqCiIatmSVt18-KTm7IAx8NgbTtgTX33uzwsaEKKw6pcxoKWNvyLgnG0lLU4RadtM9EhVuEPYkL","token_type":"Bearer","expires_in":3600,"scope":"user-top-read"}
Spotify response status: 401
Token response: {"access_token":"BQAjB2PUsNQwLQ9x5XWOSzNP9LdqcU7YeKq8S5eR3aON2y7xhsNAJba7MyME2BRHKJQu24kyBz35JXTWvUqdY1NEpj_Xl8jY5l1rATjMTIwspeF4WjXW1edoKwnG87qE15NbZaJIt557zOZkinMCHFm9wqkebjYhBRWDYs1rfdKYemqEePpREkfzhRKA6Pn4ver3ckj2DfkXXKywvHQ109xFKOVscyiLogeSwHCwI9v8o1yAn58B7JGpXxznEs1J","token_type":"Bearer","expires_in":3600,"scope":"user-top-read"}
Spotify response status: 401
Token response: {"access_token":"BQASAEP_PvKjh8RmjlbvyEFf3Mmv8yL2hzVxV0M-YZwtoTvHfn5Bi9XBsKF_kx8X4K3xRfNGMydYL_m_kmZUxhyQ_hR4d6Q6gwRB1BvumBm4BN1ZqWLm6jAHeI_ZF9xbPBI6sDxmy3A4En-zdATqdlhrh_qs8l7JNwQVxTwHmw37iHtBVv2rPotw4ekESjZ6E5UlmCUta5QtzDClt054oMNXzjNNFHzRbtp1wEUKEZYYKXi7wa6dF-IywOtdGNUY","token_type":"Bearer","expires_in":3600,"scope":"user-top-read"}
Spotify response status: 401
Token response: {"access_token":"BQBBiicyeRcs6UAR7j0qpemwv-Mf3JmSlVA5_guB2B5ts2WgkMOkhs-VjRkWJQN-wirPrLEGxNeE9XwjupJBpCXma0ooFTXMTPwPdIopjM_SSG4ECbXIClz2qq_KVszLffCNheSaqibeh2W4Z1VIxDc3_7AZS_Xuob_HgE4MP6ASuISarPQx-MUow9c9qHU0hlaUfYQ_be8hNNuL38C8hSI1P7DfHSLJx8g6pmB2Uuwn37nSc-GdUpunCJK7PHe5","token_type":"Bearer","expires_in":3600,"scope":"user-top-read"}
Spotify response status: 401
Token response: {"access_token":"BQB9pSt4yvuaUV-Sgyejbypjn43p_koPu-xIZ22uf1eNLRyqBnNCxLWbkf8ghdVe1FESEQJjrzXTY2BA3cUw0FHM0ljmCUsWk48E_ac_Kx6Kc14QMIpHHX6z8GrvO3uYmOkaBdM87iwMOOGTMxokqj1ixWo5MO_84vYVuj49M8OuRKGoNGqa4fRbFRcT4HY7ZIzIzk8vudXtPtf3yuzp8DLecJ3d-lWb0UPmTYj-nrOeJf265ici3n5FVSTIJn5u","token_type":"Bearer","expires_in":3600,"scope":"user-top-read"}
Spotify response status: 401
Token response: {"access_token":"BQDCscn36MBx8nTKYYDOoogNSXvNs7iFSceCGGJ4dNsArc9KwGwbk8fq6kvLu2maE8x8xiGKo0Y7-Dobv_1o74ihK-ZVnRAE5P15yYprNMxOk3xnlkogwiLMaxccxjV-XLPxEmInIwiPyMg8Gp6mAnyDAsS9IiKwicVPmhfJxdfouDGfkziW46KjDSdvqOXnzIXF1PhLLI05z2kDSZy00bVEHBo96bkxfmTHXmx5iRoEhjNOP2LULVYSUTesZ9ot","token_type":"Bearer","expires_in":3600,"scope":"user-top-read"}
Spotify response status: 401
Token response: {"access_token":"BQCtg4HFiKN61UTJXQgtG8QxXYwB6ylSjYnSBd4LoIMhOEX64yPnHwLxQM1ZK0WYDzsJ6c7YQr3vbxUfOoMA1B9nhDOKLgaGSNI4yom9xyBvuckDHMbJGVlDSR55H_7OEmJrXhmJRYBTfb0cn4v0l3W57PMxpw6ebYOLRSA12MeoFFIAApXFOipQFZMBpx3pSNrIkquZ05_dzFHe4BU7Zn5X2-zjhSiG_ZFNfo-wsvNxKLXOAVs2gzzH2jLOH6mo","token_type":"Bearer","expires_in":3600,"scope":"user-top-read"}
Spotify response status: 401
Token response: {"access_token":"BQBQA_-OA1_NyhwD407NkGgVzswYU1xjOIFxV_G7dJVvz-LD1duPQONoozvXYJQrb9hx418GTg3qlFNpa7vP8K7qcH4XoyM_G38D4qW_KI4zuFkaq-NhsHicLt4LrZdCkrhrDwz5UtP6jnOz1IDMqKBxJB9ku6oKdHg4gvTrMmMqxQ0yppM1ArXT6HM4aIC_HF1-4HbVhMG75mLcaMYbH6OmBF5fRiKHn1hpjmLSH3GcsfNPGeq0PU8qan4EHo3F","token_type":"Bearer","expires_in":3600,"scope":"user-top-read"}
Spotify response status: 401
Token response: {"access_token":"BQD-uuoswJbQ812K2lYN2n9qNJJcPoeOvfM9cihIldHBN99k7F3Qd9rBHL0Rs3DbNu0m5dEIDhIivm8Yzj1SGLc4NuAAzG4wMrWuqCyy6_YpdVRXbyHb9mU8S8f7S4njeTg5o_HJ9mj9cI1TD11q8phav_7Cxl8e7j-dFiEAb-v47TLN7YDdir2CogJvRonaGAnhkCqBF65YzQZnR8LSWk9L8bwAkRLer7mGNIPO82WAtetqT7cDqL1r1CIr9uRG","token_type":"Bearer","expires_in":3600,"scope":"user-top-read"}
Spotify response status: 401
Token response: {"access_token":"BQBzOkJdBTqrB4IiT56BVRh22RkGK1DvaRxYaOvnLIQIH9yoTwChH3AgpsRnemwA9BwZMBaLm8aiEmHtOLxivtCY5S_xlzclGlwQc9q7aiJZeVJuxZOrCrKRa62Eupf2lRpJjZ--oqEgc-DP9G11rCWYhwCUznPxYrY_iETXED7rGnhwJ0H_qj4cfiEO3tmD9slWjrOxpQHrP-vj5w-7xsSnYwj-I35ng4NpzDGDU9RZetDScYp4gdLLxPu8JXCX","token_type":"Bearer","expires_in":3600,"scope":"user-top-read"}
Spotify response status: 401
Token response: {"access_token":"BQBXOGbGtdmMHU3UR_u1pWEfUJiXOhSxg0Ay3GcOFe_o0x1Ow7qn5uw2yvIQ-qmg46i7R-aYi0e_RYlPpHDpjTzP_u8caR0_EUDwWxcnaYrk9IrUsRM-XJqpHAOvFANzK21LRMlQLljOdlTdG-SlYjDPXVD6TPiNl_bna79hyn7p1o-_WEBAz_Jeh4hsvU0dqsgqc8g8R22rTy5p9pDeJ__BRDIOOKKZrQpjcAREJcKrL_Zc5zbp0NphiMTGvHa2","token_type":"Bearer","expires_in":3600,"scope":"user-top-read"}
Spotify response status: 401
Token response: {"access_token":"BQDa_Z8tulnzcH6FJpktnpgVWJrDxAqVXvJIxGQzIHmHf0sotzhE7iI6h2Sc8Tgk5fuydspQn4Vb2Mpsr1H9o0sMIFfGlY1ny0zVdJcGIpUZTpkXwkJiIzbuRa_xRpsSwtldZrLRUcr6HvdJs06zLgX0DzCWiN4edvD--Dihf_71WlM4lZMmOldWMQfksqDBznw8L1GNmkxbi9czDqewMGYUkLJjPrd1DXYSWSfpNHjQvZK7lj21q1C2Kp4-EojZ","token_type":"Bearer","expires_in":3600,"scope":"user-top-read"}
Spotify response status: 401
Token response: {"access_token":"BQAYMlrGlijC7O47EnZXh3hexXEus9dzMJknx_bgImw0pXMFmo8nAsp-qUdmhV_mwjd20Zd9U_NQU8yaUQC0lZI26DO74vTusXULa1gihM_WgHN34NrlELofQw44wMpGqAXp1Wa2ggOKzaMAeq2rSWQ0Y0TikRcn4Y-aL_305eUzaVSy5E0Y_Mg2CbYQJBWjBIssL1WUscbOZWRXlHaDap1NqtP7MepK8YuxCilncuNPztmF4lE8wfzNn71LbHWk","token_type":"Bearer","expires_in":3600,"scope":"user-top-read"}
Spotify response status: 401
Token response: {"access_token":"BQC4DS-VhFdL0yOM5hgk5_BSo9uBJOXR_0UmQhHzoDG9bT_K2TtsXEzslTCk3sSMquRLxUkmabMUzkwsZmA3CmjJvu6MbcryaX3Y8B-gxc3YEFmiLMmPONBqYjTtbiE5xDAv-a_-GF6vp4dyBS2ED5eKiPO3W9avE-ZDCb0_1etdGyYrqia8Ix3h4iuqRp2LDFx2EUKMQGzkoxIDqnMBIEw6tlcVev48Uml1QOldQ-qPMm7sEcwpkQ_pMO9sdZZ7","token_type":"Bearer","expires_in":3600,"scope":"user-top-read"}
Spotify response status: 401
Token response: {"access_token":"BQDW_5gqufMHzMswoRPstJOpj5pJQRSEMC3ot25E9QFQqbWoCkaGgRCpAGFXPS4QGvz_lSJZE8WJ5eBhksX_ORb4ZSHicIHLOSlwhX2Et1iF0QKB-3sH_uf2lLzdGFirpjuS7kyrg9EOIchEh6zN44akK8gOK91m1gv_xZUzRmw-aR-8EPYmkDmCjy5WRK_nNoTQ5fdLiThslCYMSG8qrJq7Sjw5OM8rf2a2i9txoRQj5RumQQkSddyDrjSkFOrD","token_type":"Bearer","expires_in":3600,"scope":"user-top-read"}
Spotify response status: 401
Token response: {"access_token":"BQAqM6B8Ag7LN2wL9CTm_luUsC_51eLC4WyRSp_e1YT-H-rwVmeJTs1_4AGa1cRdo0ud1gtxuU9JYj_1usGDNIpnKP4uy0IyPc6DHdxZFIFaVwV6QJDVeDwTz9qq6mdAaMYmoskX1vAlueuQnbCXmCxFsLvSo0JvvoJUrP2Q6-wUZwm4cmifxvsjmR_DbgVxou_jLtu3kG6usdJC6FFOEQ8TxJC-OyC07n0srr4ni4e2CsRVf8Z6c-XdiUFVbssY","token_type":"Bearer","expires_in":3600,"scope":"user-top-read"}
Spotify response status: 401
Token response: {"access_token":"BQBRWuK9j0NSiQGA_nXvZYaUFxcDzzovplkiVX0c6J0KHx37rnZ2CQutVtgoTosNXDY_ZNmZ5eFU5ka1h3Vrn05_qI35uk3NPQFxXJlgzrdTVSNtWpeELmRiHQob9ELB-3C24-uL4g268r9VZjF4l4OVHPwOzHHtqdjEFHDqTH_T8eTKnuMGsdUzwQENh0gqa3Eal-XlNfo_VgBy1Sof0fByjSAjJjr7HAAWrmMfocBCbkn7civrhfV0uG86Vgj8","token_type":"Bearer","expires_in":3600,"scope":"user-top-read"}
Spotify response status: 401
Token response: {"access_token":"BQDhWMItjhIAQZeFgO7dCU8-RBSJmWBUZQ99v9h_Qa-s1XIj-BL3kHpp3zhuiMrpDpvnCAGqkHIEYWB3OGqdi2sUH74StaMijBco8iQvaucShHGDzrViQRaTlHXKoTkXFC7mFQMfYe1NYJgMN2Db7pP1IoEUieBQJX6LeYXbvpZgQzODDaXI1XniJA3H3if-eahb7IPQLgT6EUfwq2peBWh6ZWh8_B8stfhJBv04L1kmGvY2hRpMg6oVIHKmwiCa","token_type":"Bearer","expires_in":3600,"scope":"user-top-read"}
Spotify response status: 401
Token response: {"access_token":"BQAdrWK1fI6nHEb9o05gepI8FARr-G9vqGwfR7vYAXshwv3wcCTxUva_5QFoJHNB3igzkTsqhaSm6u0Nr0xdS6FKPcRH4sDxeSB7t_8E1pkaG8dQ6itZoJ3Kl1w2gpj7zXh9-AVGOuH0BRJ4RhtnLhDCurNZFphzuYcrOqLQBhcjeWR95DtIhmKjjRsKg5I_Q3ZnY4BRah4RvuRUY893DVOPTgI-wVjoa_370iXuTwI47ke0Qg5ywr9PA6B55j_e","token_type":"Bearer","expires_in":3600,"scope":"user-top-read"}
Spotify response status: 401
Token response: {"access_token":"BQAFVVVHlY_ZGxOiHwCWeWkx75ILftD6c2LEJAGo3VG6airUlwpsUU_vIL_wIk4DKQpCiJ9KKK6Inzf_4Je-Mb98OkSL8GgQ-i8iNm-xNygp60XPdk6kjuWRSXR3kmdqGPg23cEoX9CbL4TgLTByN_qDtYDryB7JK9FwSu07fvtEiFlHkcCLaf03dae-Cwd0GDjxXdb1ZJqtifGpsxQfqU2MfRT6UoTVeMilRsseNX-CkEA7PzF-tIR-UHgspJu4","token_type":"Bearer","expires_in":3600,"scope":"user-top-read"}
Spotify response status: 401
Token response: {"access_token":"BQDSuse4GQptFBtpbFLkwMkOo31pIXIl6Aw52RcsF-MSmZjWJR-LXIB-SnbjYFV1EeToBbBUd-zXeb-iv-L4d7UykMdv6_eOIU6GAVGhOo6bGLXMRASUFlt1nLtEm3iFOaLMTznfs2N42-51yxwj3MR7E5O6y1eJptJ6ynfGAZXlDxXJxVo4-lcidv0I5E4J_HoQIy8xHjH66_B--bwVzIWhwfMp859-frlQ4dkKHcJw0POr53TiJspMdSz3iWae","token_type":"Bearer","expires_in":3600,"scope":"user-top-read"}
Spotify response status: 401
Token response: {"access_token":"BQD6zzj8Q3drTENBUMYNCDXAdT_yAyhRSJKrtkK25pobtXZvxpUUyAwHjrXHi0MiyZAgaYBPKp5O-gf_sN2WlQ0xed91X8_LfqsS-hKUhiW2kVfSFEXNB91_IW_Fq4YLA98BMYQlZKr_zfT9eTv5YKwLgLbVNqtShUfeWCpfkQXW57IPL7M380XbJdLja5rGnN_qRSK-wbBzJ5wpDQMYlYawjRqJft_N3g-B0jaGGKuYJ4EXtvaCNap6QCbxXAPz","token_type":"Bearer","expires_in":3600,"scope":"user-top-read"}
Spotify response status: 401
Token response: {"access_token":"BQA8jMjE1WiDude3VnndDbRk0QeVRb9WbIWp1TV39F5bCgoQUliBIJ1hLUOEhJnOvYJ3FTulcpW6QilJ55V8B03Iz9gcfpHuCt3bYTBrO0NlMHgYGZpzKLY-twiJcwbIhSLRiipAdruKkmtoKYiBlMYzzRUZZIsJBIzQAkBxLXHOL7WlZgxB_u9wgYdhcf45pmN9KNxHDe1UXQvNAJQdqB0J9oqb0IZSYmChjv1_p6Hlu7I08X8rGLzSc7LVDKsn","token_type":"Bearer","expires_in":3600,"scope":"user-top-read"}
Spotify response status: 401
Token response: {"access_token":"BQCaIYAs8RXrkZCZSr7ACGhjbTcvfKpso4pK5Ta9oGo_cippGS7Igw91JGt8ai8xwm6uQuuFoPuWfaZPRPFkSE1EwbRp2U3x77QQKQcOy40bZM82F4T9xCOW2NdRLugzWatgXB9qPfm3dPUcWIKa4Hs03cCHcCCPUOPiPW4enn6IK_HpoCArlcpj9IhDG8rw7yYrdQao_ME4GbmY7PJPSAottmJqrleT0wvANlGiahhHgBgJ38kupkzSTQT0G4H7","token_type":"Bearer","expires_in":3600,"scope":"user-top-read"}
Spotify response status: 401
Token response: {"access_token":"BQCtQR4OYnpffSpFVYfojE9_n8DD7HOXAdVjVsX9-40bw_G93I_VNEHpPJlNXPvWVE1c_I12JRT3cqUJSLAAw10b0azNHP251Q-_OavZVjrPo-a-XqLNYYwTqaDw0EP8ITsCJI4xFmt1Jlq2aJGHVAdKBt4h_ge_k-EE5AMtByjgIb8u6xU_goCAgoSHSVZABM5Htwk16uWFE0JT9hmSjHH1AvPwAS29kK3_-AA1nk1-CShmRZRAs4HoUdtcGNyn","token_type":"Bearer","expires_in":3600,"scope":"user-top-read"}
Spotify response status: 401
Token response: {"access_token":"BQBgLs2b-wUi3cgc1K8k2XXiyR5Dw1lZzGiiF3NUVtjYyl3DTzBO-NNb1dsPhOzb7z1OOiLL7PyBHr3pjOA9SmP53rfr6K8gJhr-EW9oVA3KSqMUI8PU5mvvC4GPprjIjivCFL7o2OyWEf5_YFvOi_anKFPnjsHMgTviVcBk7FV5dxfAZduz_oD1DmirF6qNQl1FBfrAm3Cw21yo3AsYyOEUC8afzAiqJHh0gBmRXL1z1j3sIuXodXsbiUvPE12M","token_type":"Bearer","expires_in":3600,"scope":"user-top-read"}
Spotify response status: 401
Token response: {"access_token":"BQCnLP-LHl0fLQLaOSLPusb4PeS3tEnUSnVDGsxUoK4BzBjvPcN-MVjnSHe8uFWVyf2wSkfHDYSPE-v5E136naDC63PCZoXBkZw5hzEMmeqpfORqRU6Ba4_1R1nnATRijZ9ZsOI83YBe1zgFVIKGS1XBj0sJtgVa2mYtSXaQvEzTYqSUvc43OqIPxmCDTmL9CTHvFCGSwIW-hNKa_3KsqMkeSxfW7_VADQrM1KZlGSKHZmiM5DfkDHuV1JUBVJBV","token_type":"Bearer","expires_in":3600,"scope":"user-top-read"}
Spotify response status: 401
Token response: {"access_token":"BQDyBfVKx6Is56IT3yGSmnG1hN_uU1ijbCIRDSpHvWMyGsHy5eC-OX0E2238vQQt7h4GRtSfpAvmzYbiCNdDu9vbj0eH3scnT8tXCuYXD1qWswmc3QQIrc4zQCO_kUlw1XALSTvO9oQcwwDwwwR_jx7yrIgFjB0z_ECopO5-5ty8fcZ34LPWKFp6I-tXp53qW2-K8cPcfcLIiVaznWYG3nXdjJ9yChELonDVbYB50ER-BV9QzHc6oX0UuH9Tnlhz","token_type":"Bearer","expires_in":3600,"scope":"user-top-read"}
Spotify response status: 401
Token response: {"access_token":"BQBExJOQ0COuuqBephfMOI4A32Uyg8UKtIaqBzlX-SVhpFLMjJ-R_muuyjo_jCYroI-t_qbvXu5nGLJaj0a174ujC-XhxywSIrip4in0hh8BPfslemvsWb7NWWmckcypi7IDe2odrq8O-ZsIO1De5z8aI1m2Yy5v4OpoI_PBjKSFGvIdLPyS-l4M6ReTqyV43TKyWPfspi1V9hMNRdh9sQMRNNyV1khuC4sMmQ2c1KdUBcXMLOSSLhLq-Rj6fJnq","token_type":"Bearer","expires_in":3600,"scope":"user-top-read"}
Spotify response status: 401
Token response: {"access_token":"BQAhb7ENlOwciZRGsvQXQiawoypN4p96Jf4flGkmOlRE7vra2DDjBKBdy9G6KDb-eOjLSx9X_L1YO8jwOFzlpXDRU1fzDYNEpPDDu622OUeDlNZnMfA8a6zRGDB6mYIkvXmaOZnGDy0Emd96dBL1FsopWfbkLD-F790CWgFvDQ9LGYJhTuwVjEcXsQxLHHcC4MTYdmwuEBD3fOgxK3tF3CrkM5ahTUeFnZ-8ylj_ihmAOywP_WV2Ys16HJwxbhz_","token_type":"Bearer","expires_in":3600,"scope":"user-top-read"}
Spotify response status: 401
Token response: {"access_token":"BQB5zUwn1k8zdqTgaGo1EFYjA_-JXCXpOM5O4KDmTpaWk7bYs45mBROwsJ0tzUpeNuvevWCSxju-clcp7NmZfycwTcKIx3b-E_AW4AjCR2_qnqOgguwCqFGVe9WQkljLQDtDsP0-DXr_ZFvnt45lK4gIbhZanDgRYapXv-ZkrW-r4ukJgR1cYZ34zgvZcCU0Eb47suaOd3bVvF0j4fgi9uMGMUf8EKrQmQfT1Ww7oEJKH1CIWYGcy6Y2GH13XoQG","token_type":"Bearer","expires_in":3600,"scope":"user-top-read"}
Spotify response status: 401
Token response: {"access_token":"BQCOgQY2S9N7bf9--7Gd9qNWV3alM__FjTfMOeDrSVIjGcz_VUhL73creZy-OdSu-6zptF4fyn_PGjIZieCevYheOmNOKlQKtr_5yVAasOnzrXlglk0lrptFvvkj6w_HLscjZD6HFoKSX33BsE8AyiFAo38CFKinIpQcrnppnmYne7mJRuATbFnHrDe8Kdd9AzFSLW1pQkXnWj_5IHNmjDgsBJEKsRj6BvIUIdeEqpUkqfwFd4rdN-YK7xJjncYt","token_type":"Bearer","expires_in":3600,"scope":"user-top-read"}
Spotify response status: 401
Token response: {"access_token":"BQAJYWBG0ueuJ9DszBcT4004ApTCsyo21CnL3N8T0Hp-Tgz3lxOYLtBW00mHq-e9HCEoocbKZvW7veT1qKLFXECwPpHpgvmM71A-spaKRUns_KE2UgM4oaC97PuF-ZnUHI7AmyNlqYqyYjS0dy0jOVX_SF_Iz6zCNjbP5Vlj5KgmPCxR-ctQXKc_jSKrbU5IHfQh9Oa6NYYwfoFF0mwxWazRvw5ALQjb-r0kPDCBgESPxU0_LxE0mUUgOxCPLLgV","token_type":"Bearer","expires_in":3600,"scope":"user-top-read"}
Spotify response status: 401
Token response: {"access_token":"BQDSLLnowucQq6-ib2hdxDKvVDgb13Vf2X5A-l1cCxL34d8t_8F9NZ1_LfwfjcCqmiBJmoseDAEyu0bAnLPOredZDdm0aTowqMQEIXMDjuz8Cf0eBUNRpWMCfD4cjOHs9ehirMrI4XHnCthFQDotHaUZjT3Gy0OP72eFlmFM-0srzo2UlNZ5tjD4g_laHnj5KZdry1QdtjYPSWw7eZmHERLkeB5oQSW77OH8iWoDM2VUsLkHyn8ZA2LhC1kgP0O6","token_type":"Bearer","expires_in":3600,"scope":"user-top-read"}
Spotify response status: 401
Token response: {"access_token":"BQASrY6KxcWXZODFShsYx1Fn9Hgiwk2_XExzzw-X-_RMBuka0BDAgmEBF7Gm944PxQRWIDysbXKNmB1zNNeISOC7zvDODCrJJR9IEuoHOoMIqPBfG5eOXRgbjDVcMmUWQuXRUJWFKM6NBBSxpWa6IUPRHNryrJ6eOS-wM3BywTGP_1wKjIkNL0eR3w7YCbcdteADTI-OzmScK6sLXJcOpyFYCxoqbb6HF2GJPwloMnopuzPzqkHKoE_sxlRd83sa","token_type":"Bearer","expires_in":3600,"scope":"user-top-read"}
Spotify response status: 401
Token response: {"access_token":"BQCXDYJUTwfqDIU7pU7Fd1k4aIKre_JTB6Kmcyq1mxNpWUhKMKyeTqm9yr8BFfKkHHU9CK0TjSw7Hgd5VZsRZcbPY0WXZilVeX2wT9IUnkRrJdReCIAdBGsIYzkfLtme0OCXfMmf9ePPwu6K_D1k9KoVpNeOCDYYyvuv9wyQRk5gM1xC0BT17jxGu4AXRyp_2o0-I3AZP7uP7VmgXG_3uJRHl2TSDdXoQ8qv6F48z5u0gxnZaOXpC3vQaRFMi12S","token_type":"Bearer","expires_in":3600,"scope":"user-top-read"}
Spotify response status: 401
Token response: {"access_token":"BQCfX0-XxKYM0_9ydzD85u6ljfYdbcYxl6X7KDQ9K8YNXwWec3w1OQ0jRjXvvS0e3kt_Ov37u7tWwEn9oRX3Oyrjrk3mQjJEHHS6tmTUqqmC8prFcxYnjH26Cpb09idT_Zwk-eleemaBme3Zj-01QHHqdBxEvsYcPYhB2MgGS43Xa7ZoGQatrOzLfzmzF5LtnJSE_j9Hx2l71DFlpTSAZncoVyT0xrkQBYXUV227nElp5kwXojhy4NL1ndxyPVN0","token_type":"Bearer","expires_in":3600,"scope":"user-top-read"}
Spotify response status: 401
Token response: {"access_token":"BQAaO1EucuhNXKaXr-t988rcjPoI7S9kQBDTfsC2ofrWDbqP769G8MyHwsRQ9bCh5U-6v2wiYf3A5ZmN3JfanPSzPlvEXQOnpJ6MsaEv87IiTehiskbOLaQ8uPeMGFh-EKUUclxo22vHiAtldENhdyiZZihZqot-99WjgvdLASwbOh8GePlY3TgyVSbkkAbLiszEGd9a90TF-X2Txp_9JLr0Ki078j38ma8GUQG1BFVjYDzAb1SNvFKU8fsPJo7u","token_type":"Bearer","expires_in":3600,"scope":"user-top-read"}
Spotify response status: 401
Token response: {"access_token":"BQANEidykmmESq-8AO4boqpT-ydgVb5a8cFYgctH4j7AOD5yyVZVwyhJj6FRHjBe4Q-cJA6V-sw66Na5bZfszwseTz3eP27oPnFtWHhCAHlM1NzCGHYbEznwWKLPe-6DyEbNo7Emgy5uP-nWfnPAUKNbwi3aKEnJWsB6KqP-McrEc0MpSg7yRijlyKPKKg1P8_SAXZfWi9bChdpRHaRqic9DpKNgymr470uwzZhUP8b5SgufPO5_WbC-nhp85lPD","token_type":"Bearer","expires_in":3600,"scope":"user-top-read"}
Spotify response status: 401
Token response: {"access_token":"BQDR-cEqRshc7TLL-RmAUnVB0i_AXP79e6j8QLcjAJJp3gJq1NXkqj9wRi44X30SBhxT4HIwZ1FqsvaS51TnIVn3hzFXXMXI7THyTe5ULgI3ytUmAVv7Bo-yyN4ygBnglMjvA4zVSazmm9T3zTC8J0H2RC_v34bQ74aPuvMEXOFZ-LDvG2puhKJXG3XLSDTeqVzvaouQUYT-qiy8G9oc7ewmcQeaRo2ZXbkP1ojiQk89srUpGf07Vh9EXBmPLKH9","token_type":"Bearer","expires_in":3600,"scope":"user-top-read"}
Spotify response status: 401
Token response: {"access_token":"BQCM8TCrlCrqRWslxd3t1hgJTSOlnqrcJPtCHj_D1qhUKdxbU8BRfkuc0au60NZ9UDylieRv7vjl467gEiDiBHoR3-eqMHeGdIJrmHKKoQzo1_QF-x_SPeoelvaROrNve_SaLXxuyHB0atNR0B9Vdv48fn7sBTUNbTxjz1vTFX9gdz96E3wiyvzgbY6S21_bPtAVW6kXOWZUXB8PDYDXieZOztbQG-uvQk8jbX0zu3AO2qdCCmR9P95FtZpXfK1B","token_type":"Bearer","expires_in":3600,"scope":"user-top-read"}
Spotify response status: 401
Token response: {"access_token":"BQDnzjQUqCAr9vm5iXYuOi9KGCnNXG8QP_uAI3s69C2CW0leOlumzcNnmEzaSsY2hp7mACrs59jcmeHgGzNvyxFh9YlPIung3EXgTPqCWOWGqglgarbCPL2RTBhyfBlcdajZ3d6wmFaCwanwsIwjUS_HOkeAbprm9PtHuCJTqsIXuVe63OFVVJvClZIlBAzdoExI1_3kZJ7Wsg5CfTheGW7wWz6f9HPeIir2npr18FX4JUEX4cbhH0Ji9T_mn8h3","token_type":"Bearer","expires_in":3600,"scope":"user-top-read"}
Spotify response status: 401
Token response: {"access_token":"BQBEgv2lzLxX4ZD7Nz2iGga10mDbBRs3ufHiBBkm15QKI7PmJ5PffX7KrlokSbSO4VcMVgY9YZGYQ7YZCyJZHQgi-Qdl0cn0i4JkF8zCsjjLCC0Zfv9hnxgm8T7hHy05hRS3o-iitMGmeUDK5xr7OkptImVRs7hU_o_FvB8Or8BronPng4UflhdP4kKiuaXqTlHwFNi889xnlhG8rXmtiAuVrQwIsGwAzVIwhEtzk7mbvNLkJicstZvHZEwxhD7c","token_type":"Bearer","expires_in":3600,"scope":"user-top-read"}
Spotify response status: 401
Token response: {"access_token":"BQAjdavzEfJjiv_GqBdfC04ey1wBNzLFxCCsG5Vj-2tdCQ_VEm7wh4rksSpWIjLvnwPmEG7xrCdAkFdNk8tmGnEm_p71a63tH4De_HBkzQmJT8MeA3T-s5Y1Pq2_W9LP589mbztXaUlI7LxybM0BL5gTjTwpAu-OiPg6Vt6UBJHbrJXHXcGSIpW01ntkqT_p1OuONQoqM-kMFa-p4LMWkIDE_J9TMIUxnzavCtcn5eTemS-MLvAgHukI26KU9ykn","token_type":"Bearer","expires_in":3600,"scope":"user-top-read"}
Spotify response status: 401
Token response: {"access_token":"BQB2I3DCayV9ix6whX0GSVFbAfAvjddJ7OvxzuOKjOr5SDoUUNJQivyBgBOP3n6RG-baPRxlZ_752w3YkDjTmjK-JblnK1B1OV8n8P3w0EddrusJRXh1Fb27CERmdFkLO7gKbe3jubNCqECiEUF7-vb6JJO0zleSc7dQH_6m38aqGgQvAYdS70m_Tip1r2RMFyNqJkUmSFAvBvpShj54Xdu1qxnRyYSUc2pgGTESuM0Lcgkik0KEFCkOsh8kZXbf","token_type":"Bearer","expires_in":3600,"scope":"user-top-read"}
Spotify response status: 401
Token response: {"access_token":"BQAuRxU1FBrH68KLiQo6aLgfrYRdcYCNmfurFZ6_eWvGgs3wOy3M-TI9jUaiSbpUglco018G25uFqz_8IGZ9ygsGY-l4y9CwzZZ0HoC-dXokIw0WATIHWgr5wcoxNLl4tYT9INkcWHWM_nIovnDCrHDzLWuFRZurlnbPAmWFIv6R4EYBLEIrfDir4KqdTLQZGpQWjMz7POwF9lwF_zdwED07RMUzJMEUWiONQliX7n4rpmM3PU6g6KNNGowVGi_H","token_type":"Bearer","expires_in":3600,"scope":"user-top-read"}
Spotify response status: 401
Token response: {"access_token":"BQAbxYaVeykMYgqNb10ph7guKa6uuxIrCfuzZGVaMfA1wQ9yPLFgFYWhFM0GJdrkyt0sjoKAfP74TAAqvHHWsuK0i9tGf8pFDUD6ENsYD2-aBX1NhvvgPqVnErHEVcK3r76JWLsepUigtLhTsB0c7b9yR0xf2qK5F90CB43qv3IzsyObT-CZ5JhtbdyOPSz68AAgt4C_mPZ73bvu-Ot2HRH47IgMU4pAqqdYxBPLd_xKSQ6f3X8LVDPFxSFmZ7zw","token_type":"Bearer","expires_in":3600,"scope":"user-top-read"}
Spotify response status: 401
Token response: {"access_token":"BQBHA4kvoJxxCVSH_yKcNBe5Mg7V0i2qN4cwNCUNHRcJDqtsTEr3ivU0w1mmxy_-yiVXeMAehYI9hFWlv_2VQbxstRnlgBr5MeMKLR8GDkrSCYf2nBu7C4hnmujKn2lxxbw13nvXOFiXUyjukfvIhenJsmKe4h44yIdDwKbuNkYXQ-6v-7Uqi8ZRU0Tmr0P22Vq5uEte7mqwxj0cgJG7WtBbL2PTM5IHurzpHFZvDkVJESafF-Q5lMVrB7obQL__","token_type":"Bearer","expires_in":3600,"scope":"user-top-read"}
Spotify response status: 401
Token response: {"access_token":"BQAJiH-MjAAmD6GD6vTOooCdxg3dzegh47oJMEFuMOqD1-uBdQ1vVNMVjaX_U0hwYO9HVc2AWNIbfh94uTLIB-eu1Q6ZVwMUPgDluWXIXOXpI4djDX-wRKNbseorREtZiZWVb7MWwvH74b6PsO5y5xflfNhMoDzJS5MByObu_4F2MU2s9J92nl9Pf2BH_AR_FP9FwSOB4QUk1ehQ7kakC-62jIKsEXH_MO058THDmb5V2HQbpGNILKc8fCl7cAXj","token_type":"Bearer","expires_in":3600,"scope":"user-top-read"}
Spotify response status: 401
Token response: {"access_token":"BQDMvG9dt4MYVD9X0Y_f7-QvQC7JB0z1KMWtSn2auihxRT9Hzla-WUGrtkoP7hL2vhBis0bLcz2jycuQS7_2Fir2-wBbSp5-DO-Z6XgcspshIy24QHOgFEtYFcAKwn_q2MqjA-RAhd0df9unXwKg9V7-A6qfSbuuq37id2DjjYcxuIUg7t_ctMOVIpmbrv5Gm3OOdfZDWOaULPMJA67qgmXGWE_k2EBIePYEP9xw0QOjvkYAA8Qcw3G9uVexxQCd","token_type":"Bearer","expires_in":3600,"scope":"user-top-read"}
Spotify response status: 401
Token response: {"access_token":"BQAEL9avzoaEeTp-zxu5AJYBis7st6_KtaJ19EVlswj85rQE1wZeRBroKkR50zAYh25B8Sm72oFs1anXVwXmMj2ETEIat4Zc6Nx1O6HTF4QdqAUChyHn91-S-3yr9_jJba20M6b7B3MJ3djps7kv_a0y-ODlM2apbRbfdPi8MUJia8lQhhgRbZhqYlGI98fK7W5aw74TcYVAcwr08kNcSvikj0r4bWmOTxli1F6RdLEZiTaV5kaIlXFt7GqLekwj","token_type":"Bearer","expires_in":3600,"scope":"user-top-read"}
Spotify response status: 401
Token response: {"access_token":"BQCUR_rG4arv--jdVtsM-hXb0JdcWCT2SgGK_WPTCt2dZWP3Jv8RTqShmNSVNJUY7E-b60I9rnXGDR2RsaELaovMJ56iyLpULyoCkGe5sCstulX739ZsUz64HQIheqf-2fHbuXHMlwHXI5WlGHsRvHE7vY5OrBx6LI8lytezwsKR1ffnl0vEdbu23rS4FPMub9BbUUocajq1Lqdq4IOKvfldX1LhYlMeyiktpeNVfIZaCFem5783ZuI972vvZE6A","token_type":"Bearer","expires_in":3600,"scope":"user-top-read"}
Spotify response status: 401
Token response: {"access_token":"BQAPVCSczc5fSm4YFf83TexhlB0EcSDQtVM_9SwsGORoWB5DlWWZ_RiFpwJueAYyHZnZM3NmcBXkja7HERAbOG9W7W2EUJrr70KEkJ2SMk_4CdYAC9esRUiKAkJDU8wfJZceIEvMJ6dIslXFC0RxxEtEGrr0sBVlOG91KNi4ow_SeNRhogDBU0MvlGSzCrd2y7SPxlbaZWSYY1WwSRXzZQCUwP92iDM1aMtxcPW2VCJZ9HYOr0uP1wgosm-EHQfZ","token_type":"Bearer","expires_in":3600,"scope":"user-top-read"}
Spotify response status: 401
Token response: {"access_token":"BQCVuxdFGLhAZZtv85TDy_zNYq6_8rlx4Ycj7WrpVxChFbvRLXHhjifHPP64JjXhLLqgHiCgfBZ0S69ETrWFiMu0dQsoH4hJ237e_A_QglXGI68qPITMp-rL-6Uwk5UX-mbRfbswgO7SqIBfbHtNhpGGapuqA3HHoc2hEW9mU4yABy2UcGAxjVi0_d1LDoQtFmbl3tJdBYDLZDMSQJrXi9gw9hyVo81d39NPNOXJF0rozjt9pR-ynJJaGgAa-INn","token_type":"Bearer","expires_in":3600,"scope":"user-top-read"}
Spotify response status: 401
Token response: {"access_token":"BQB-yxFywgYvLzNUzc5SkXmV3nMCw2xoGd9SleuXzDsnv45NI7EI8yMV7Pmpw-syk2pxbQ0t0aVDvg46bTddMCAbcHvKwWk4g6LbhTm6xg1PLBGlhT3S6KHHHIfCBcts0yJ2YpK8AGc25qrgjXlcVbjPhNMmY40jhDlvWAky4tsNIAVmh5hdMKOOChhDgME_6VZWYn4eRRsVMa64KitWLedBPejQkgWWh0fwLABNezAJFRWN75BC21OixbK5Khqj","token_type":"Bearer","expires_in":3600,"scope":"user-top-read"}
Spotify response status: 401
Token response: {"access_token":"BQBLMV09z4oWZruTfeABgHd0NPJ1HAze1_GSJthpR9F3lddTa6q1MI0dc2yl5pXux7Np8y6r8d7q4H6x4u6TrlXvXFYZWFZVpVou6RQTEF7nz8o9G_cLgpIL_3uRvvEyPWQCSj89prrYj8PmgdhAk-pqrlGFhCKKfQrENkKyyrJy6ivfVsZ7uJoJdi8oIC5iOfM8FiwSVNPUn4btmjmexpAWqp3KMY6pXz7tWVvXCHQNORnxrzwSCJBD69C0zY1g","token_type":"Bearer","expires_in":3600,"scope":"user-top-read"}
Spotify response status: 401
Token response: {"access_token":"BQDVFP1xrSqpR_xVCsrQAwA8v0rq_ZEtitD-8omgz6VEKAGJrj8jBAO4BRJuaYokmODJSO_z2os8vGdfmzDHZL1NyFnbr4koN8ZE1FAIgTeywBRPd544ZynLGnUBy8ZAu77SDuiYes2GAcWQipt3xbWQP85dPktBKeigWhkSVhYBU-jMx-3MfIvReQbcTl9UANEyWV4fegqGBK8yEElnH30IA0leIEm7UYrsR1T5cBUZD_aBMZIvHMlI-KTl8FRn","token_type":"Bearer","expires_in":3600,"scope":"user-top-read"}
Spotify response status: 401
Token response: {"access_token":"BQBmiFz8Mk_WQZtc9Jj0XGl63A4q7NPz23XFvwj8vkJeSNWZnujotCidJQ-lejeCc46F9jXM0EPeGX6hNM3bo0l0LD2Wnl3yesCWL-ysH_CbOTsmja1ZIzE0ikqnomPQQfBQ2Nta43_Z0pCm7ueQ5Ojx7NvRyiQRXC2EWsKagphyLZ3Hv_b4o8OkJxqJNFqfV0CN5NYEivo5JU8VkrQQVaxDFjREsechRJwe-lZ4Fqw6pH1dHc6t2xHUEBiqRM9I","token_type":"Bearer","expires_in":3600,"scope":"user-top-read"}
Spotify response status: 401
Token response: {"access_token":"BQBovsuDE4j0GuX4JWL_nJZw1wBd0MXJajJvqumThCwi_8kMdi2m0SFZde9ob1PY1Uk57-lQAzxt7jTulWBhpEfanMOX9cQkS-m73MGnByKQz_w8hMytwEhvoqktmpJhU41hFZZz5K_6aO6Ul8gViih8__6miOcd3vCzIfKhz3EmH2w8YrpGhcHAlMv_u3DslnruPOhMEeXCuXMcjQvppRB38YHKAqyqfuMCMpjir8EewXQuldc9hF_8tAIpWwXn","token_type":"Bearer","expires_in":3600,"scope":"user-top-read"}
Token response: {"access_token":"BQDwHR3UQxeGc1JFozi0OH0niUgaYhs30S6cqiA0t0gVJVvPbh-6zUlXQYgMEkszCvKR46aTNORR4YEfRXRIIyc3Z334eDncd2qZXC767gF8o4zuA0f7Gg-fu1Bucth7cmIpjwPNkVgt_aUcV2td6l1KTw0pikFINdqw3eGTTILpVnDsVjWEvhnQmN0wEBXcU0Em3r7GzvRTDkhCKUGbPAY-5be5dGoQV7W5NP-rrEQITZGi0nxe6c2gBmMVxz54","token_type":"Bearer","expires_in":3600,"scope":"user-top-read"}
Spotify response status: 401
Spotify response status: 401
Token response: {"access_token":"BQA57yArXDxNvc33h2GGA88lGqq7wrhBGu9zVOU4qYITvDVC7rwJQgbRVKxsOFqwA8FcJoxXxanvfr7G04lVb28sOFWQVfjytvNLwjxI9U2GqD6p05OUlNT5fDUafH-KvfD6ejulB4CMa_Eze5SaM2ZuvY_ZPqvZCyFIO9tjfsKiEzG8dzxLaa_jqSw5mQhhu3PCDElLz7C7hDapFVfkN_1ZeM1Dq28KF1qRNiRXzIbILyxoY8aLLhRcEIYiOjOv","token_type":"Bearer","expires_in":3600,"scope":"user-top-read"}
Spotify response status: 401
Token response: {"access_token":"BQBSHhyj5CG_Y2jryoxJR5RWu1BYpXUj9h3Eeyhbxr1QssGHh8SSWmrVn9tIM-TqlJjFP9FYJQJ_pmO_eD0adsRb9LDv0Aq0rIsqp4gIEXIYGo2ihXb3ggqPro3RAhUm2N8eiZF5iY8-DJ5ig2MVCNzlVxOZeTI8bu-boZz7PBmpAetX3kEDN_Dqhze4yBY23elFOM3hXR2w8S8pt5TdwAkNNX00ezm1rh1tlYmh1cF3VQlXV_Kps_UHkKvcyHjo","token_type":"Bearer","expires_in":3600,"scope":"user-top-read"}
Spotify response status: 401
Token response: {"access_token":"BQBfmF4v4EnwiOAvYgWsxjEs-VwAtg2diM0SMl76dYBeiZxxz7nhyRn3si86REfpaCPs22PGYpEhVcU_X8B0qcgSqgtB8hjAoBlBu6CR-a5kpQNSO0DTj08z0v2l3YdaMM6UCdbF-dGlsiohcUbYI9W0j6WjT_xq0AMQPkIqHH8vCUif_TuxdkH3kmtcxzC6KG9B7k654ADfHGs8xn3PKRyEDHnPzju8COtWKbPjbStNX0Zzsa7NTEuqh-bvw-G9","token_type":"Bearer","expires_in":3600,"scope":"user-top-read"}
Spotify response status: 401
Token response: {"access_token":"BQBJls1j_HwbBph28QPIppfV74i4B3XXmyRiS1nH6StB5GOu6XVzrjV66K6MppT2xhmef9sZKAaEfzGSE2bHxPLBdU-woogtk8jFWhzjkSxgZZM4W-lJqbqfLdD0XXVYerhjdUAd6U40o6UP61_OqCJBBZDhY6UgF4zzVTybiS4C9YoLUycW-_-PHmhJmzSXAIWpKXXHpX35bhY5rIt7lKze0uFCm99iI1-XCpZzDCHkhsuoQmOWCirOjh8z5znB","token_type":"Bearer","expires_in":3600,"scope":"user-top-read"}
Spotify response status: 401
Token response: {"access_token":"BQA8plPyxb5MoO5fF0Ejh7coYncEjfwMU0M9afwohwFifFc4yZLHPzisE3Fzs-RGQF0QsdgKXPjymTRFCzbwiVcAKqQKA22PVibXelUk_eEFBv-pI3skqlnxGohZR4mauZd5sydW0nqhZ0u_BkegWWx91TeJPQz4iWBcn1Lc7ku46e0CIzZxNjjnBXwKNNbXjCi1hknZXzqU7FcEtNVG3a7VYeo_IXIlH0EXCl2PF53ikqD_zbARN4NJ5sqr0_aI","token_type":"Bearer","expires_in":3600,"scope":"user-top-read"}
Spotify response status: 401
Token response: {"access_token":"BQCfpzJ_tiluyKnrq2mPiqOCUXJX2ufcs0vs6hfuIIgirM97H5LelfH6AgKL5kYag0Yj7zQs8d4VfeTcytbe41P53b2B1zQXkAjRPsNnG3EVIztvmxKqbBaAXZuJqEfRIxczvK8foEq1PT-DPlNY_qWVr0WlFjH7icr6GT5s4TOJLZjOUcGTXR3Ly5rKXyjp45RNw7xM7MstCB7iWwPt-o5-DVSXjILS2UMWcBLWXrHBjf0OfCyTekUjtUMlxVA6","token_type":"Bearer","expires_in":3600,"scope":"user-top-read"}
Spotify response status: 401
Token response: {"access_token":"BQBP1ko3vU1zC6D5FCzF0LA3jxf_BhVGlbL30kU9-4b1ncFKL22b0JO9QZiH5tYWobXh7MbclZ_bp-5Gg5Q7N291_jQmQzaJWJTX2GlnMdCv7MXroOpdGC23Ml74vpSTMSiCthxHfeXbol6Ngq0fOBu6UTgDhlPY9Zg3s-9phWnTHI13PuSrYJk0WW8mfscN2ED-iN0VHTS8Pi1OtClXb6jLTr9hNtaDCiy_vbyFTnjuxloE6vXGO64YOxGRkgRY","token_type":"Bearer","expires_in":3600,"scope":"user-top-read"}
Spotify response status: 401
Token response: {"access_token":"BQDEHdHrDxZMKzdzumr5oRbsEsq2m-5xOm5Ltg1MZqYUc3Uqibp4eMaxoqkRIyMmrslHDcZOTOjU-5fM0zNXfE5yHXhRF1njRsGEM1UdUzGYyBLMvxRK0TC0cveMk8u9twHU5Xf3NNhl916RFhMgYxHO5zynR-w8tz-ih85fztEe4lDdSH-pH285Ti7yJuCtLCod1deYb96u2-Sn9z7fme35MHNkY6nCZhYU812AjtqfzX7EhIbBLOt5UvrILcsu","token_type":"Bearer","expires_in":3600,"scope":"user-top-read"}
Spotify response status: 401
Token response: {"access_token":"BQAGz46DXNQMy_AxcQtfIIPmouqyRoJWbhNlCt-XIGq7J1wV_cR_h6C-oIroSidJNt3fuQUXVT6c7gCTZ6bmALEzxsUqGAort67WhQIdgLL0_A3aBaM-jbrcfvlLFbSWs6WS1XwTETJDMAZ7SDREL_8Ay2QuVI_pVixslMO5Ung4d4C-0xq9XMC6sKkHY0ZdHftPCLePXDPGv5X2MpuxO5B6vHvTUUtdAmZVHKHnGarSJ46cyCxirxWLNa71RjFx","token_type":"Bearer","expires_in":3600,"scope":"user-top-read"}
Spotify response status: 401
Token response: {"access_token":"BQCenR3ySIPluMqpsukxABgHj7F_433TVX7Vc6clVb7xYYevxVTzlI6WP4siT4jCmOKG5FfP3kxPfaVp6johSOu4I_vCcU6XNaflRKkgtP8QeU0MzVXkDtpxUVrfef_tWvHfoB_t6_cyuNexfZA5I0uBVBaWVOQtHg7TPfhiurT5D1mTba3uXHQJmv-RuqRgnwI86hptOGptj-__vFu8U2QpgXtKElU69xP9RySyU0yUjyN-iAQVoHvTRjZOwzzG","token_type":"Bearer","expires_in":3600,"scope":"user-top-read"}
Spotify response status: 401
Token response: {"access_token":"BQAcVDLU8GUoHrjw5kQNCvcKlXfFsGIxvuSITCNsKHZJNwmMEnTLF_8JvRVANLn94N52gqqKnkhAqSAv019LgCjjw0XECDxUHhUmdrYal54MMpELmaPSl7epkNZNBYZ0EnrXOFgydumERI2TVksq_1iTHfxrAL0C7JUhTPDz2AxdRaME3x-BTujClJ1orBNyUBPfh6RGzZAD3UrwJA5tbEU4yd4zoCMskToX4bQC4DPKU6DTw6tXEgyFsnsVnA0h","token_type":"Bearer","expires_in":3600,"scope":"user-top-read"}
Spotify response status: 401
Token response: {"access_token":"BQCliJGwy-FHC8o8zh7qbUYSIZKJhMPAmL-3oAat5tEeOvFJ0ObeQYEL_auOaTpjTIbV0PWv9O8QFSvLJOUaC1FBdPtDGniufGYrTfoHPc0IdTcj9gea_xNep4YkSPRTo5mQHbxQBHs0RHwMTNhjgDkPa6mTLs14Zl1TZi2JlW38sWm4r6m3ayO_vPB9LOwd42qf6hX-53kcEieFv3MZmdtU2Nu8P5reLNNBkbVJJ0TLx6R3N4F-Kyl0edIfgU2J","token_type":"Bearer","expires_in":3600,"scope":"user-top-read"}
Spotify response status: 401
Token response: {"access_token":"BQCxG3MWn48NrxmBxM018uuUbY8rUzjHrvWpXX2owD1dm5rTmJzSavXGt8XNFtqTBG-_jJrKUAfK9xO1i2NOvNISJQis4YbnT-WLUBYnQyq7lKCgWhgEWNWyeN7XUu5gWc_jphPseUp-U7vrU9ZsuryL3meg-D6siarzMrMxJL22wR4I4Dj9enirlhJLpCarVxMA3BUvrXucDyl625N-OCQM0-3XJx-hXoBSS0tS8kEiNL4oWxO1izEwH0bHk-Nx","token_type":"Bearer","expires_in":3600,"scope":"user-top-read"}
Spotify response status: 401
Token response: {"access_token":"BQCCZWYtjNibWkakJbY88BQaOKxebG_87JHiXbFptwPfsHebv6loUeoSqkniRZKeAfxM_-SUeWe_sQuC9cuCxhepxqzAqdNCXBDDp78265XXbkjbDN2cAVsz70xulFrIoFpSzt0K8y-8kF50kMGdvmhA7bV8IC2IadIYTq6ak0vRpoMm_aKVe1uSdHZpVEtiw5NKCjOj3K3fb8WlubAXC2XAPwPvf1s6yEUs8GwZyHy306HpvVXYj2_1xctuBGN8","token_type":"Bearer","expires_in":3600,"scope":"user-top-read"}
Spotify response status: 401
Token response: {"access_token":"BQCUsLfnR2-wlWDrf1jFT_C5CTCU3kEd0FTgDmVevDBpRRurNHbF_Sz1jlNhjQN-2RZLS8Wcf2t7Qzuy9ZuHAjvsqBjPU7P1G9FvBb9vxln9isNHyFkfflA3LJq-wZo-NKUBjZ9hlo_kD6c9fWg1bO6kwVDhRJsWXr_-F2e3_bb2hMnD24bz9djbN2rQN53h4Ze11k6gQbRfofM3VxzFdTv_3I7hs1GkIzhWW3hLYjveGucxf9cH2y5PHnomXvga","token_type":"Bearer","expires_in":3600,"scope":"user-top-read"}
Spotify response status: 401
Token response: {"access_token":"BQDw-2pfCHZyVfvxiqD4-m5KC3PYktgVI-Nj6veOEPz5JFXzTqr51_iYv2ZFB5YYpDp7zyCS_8bNlrV5uPQz2VPkjmrSzqSabQ5OStrlj3dFlYTDfGAM20ML_CKJp3xsf8sM75nD6_HxvKq0KZKiO46vZsX0c72pciOQbhgWj4ds8n7WY40weeF7ishDJbtvscJMODTx2Hhk85hggHuCShoH8woQDleKnJvwN_zfiEeEJvlPagWg9NMRs17v-SEk","token_type":"Bearer","expires_in":3600,"scope":"user-top-read"}
Spotify response status: 401
Token response: {"access_token":"BQBHdoSQ2gHqN42_U-iCBVOmyjJLiX0MdGDOyUIpuhjTLOIOEV4vWoxgeX498wBfEPVWazVelPfOAQmpLrh-pZYRton38M4kJHtvYrFgh9cHG7sn6wkyaijw17FtYSagomMQ3NwM4Z7A8FDFziWV_d8XpOYu-BDuvxflk1W5s1_aRzHsdWBVEbS5CdnZRV0lnmX5LZkIReOlCy9VoMrNkYuRr0qpOkWcTVV2nVztLPl6kE7NOEvNCvHiujzGTann","token_type":"Bearer","expires_in":3600,"scope":"user-top-read"}
Spotify response status: 401
Token response: {"access_token":"BQAHBbrMoPEuc4fe9I7rYAUkC6igZQ5MWaCh4YSnL7E6HpFkMI2B9Ml_dXgu21BaG13WQv0xHYm2ReVxI98dpUI85m8DVjksHKRSpA-Q2DvJ08C90tE5qbv_ToM66iejIEsRbarRYUEn4maFSjzbXPyTk1QFIwjHRSomBgNEqJE3Mjb2KWj5WvyKjSzVK3qhLvnpOG5Jf6zb0bDX2oJ4rZdjAZtr0dEne42B1MEVoMz6fap2DKnpgEFx3xjVESRZ","token_type":"Bearer","expires_in":3600,"scope":"user-top-read"}
Spotify response status: 401
Token response: {"access_token":"BQCEHpFEUp6xm8iXu8vC9_9ry2rYa2LbkUnNwMMAQRtIQXMGwAl5qgmRR7IQqIYvzhfe092Ibif4H6ktvAznR3-4sPWFTn8ysxFqBBXfY70c41DWZFTCuBaTOrxfqKRzumAa2oJBmti8nE2YblXzbcve3ZljSyK9wYg_WbnnyEyfB8hN0ojuFcE4iV5bukd7i7BRN9Xj9tbXv0J85Fq-2G-EUyXpEwRIH_5mVRTCEeAdMEVxOd5GQDv-IzCaK58_","token_type":"Bearer","expires_in":3600,"scope":"user-top-read"}
Spotify response status: 401
Token response: {"access_token":"BQB2uEiHmm1f-QOOooLccNJ2ouT1imm3P7BQF7h_e1Xzhi7wcb5q0axihKj_JGjX6C4kTZ-YYeiOlj43d7VXSnPWS1Pr5pCfTTSQFnVExmWvSuzaxvz_qisA9kH82QTfMilXuHnH4mFh8sOO4nfGNhRX-KRk31ttGMiPaiXdHbKeL0ldnnGIsXu8nJ7xdXxfb_wbavahqgSO9jnYf11WLpChSezAxv2-bnmbwkZjcnu2pSChvb2BeJlkKNlIwfvm","token_type":"Bearer","expires_in":3600,"scope":"user-top-read"}
Spotify response status: 401
Token response: {"access_token":"BQDYVo9IXeUMrhHZQQ8rrd2HPuJdikUikxCiZZiBIMbD3qbFPyOLO0Jgym3wESWaKiXqig2puP_gmvYYdsO5LTdjrQ0RiJtqtVOf1giTmgLZWLj77ZG6SmVAZindldLFaXcG7wW2Sh2jPv4NgKHxotaVko1jmIl7DyaLdDjQHiYAS_KMpzOzUr-0-OsPkNg-UGzeH5A_WDBW5vL2TBAuVjJTgcJKSLwzhP0lixAiHGyYPqCItlnXLbamYaJ74zjc","token_type":"Bearer","expires_in":3600,"scope":"user-top-read"}
Spotify response status: 401
Token response: {"access_token":"BQBBg_G_2RG0KeOf807umCToWGnDSgTZfGS3VcJGbWtfSMoZfAIcux_35LxdGE32No0cvGWW663UN6mEd-glERSHepgAV4B8iFiiMz7RB2Vlu3nxuou6uKu6GX89C0CIva7byQStVAp-KybIzc3paT0lyb4mMlW_5nv_6y3ez30smsjVF_2HqtxRonSOgWsOHPnaBCRXGF8dWm_3Zg_lo8IjMgmX81sUkGqratTziD-lJGw6z_8PuVv5DREyF3GU","token_type":"Bearer","expires_in":3600,"scope":"user-top-read"}
Spotify response status: 401
Token response: {"access_token":"BQCZZG3DM8CvUjvbuOaUeDGCNQnVTHdkOvBJMsJz5_cqJYdwqC0O8PyXxN84E0qzZLq4C7DgDYn7JMBRJckHanG05vp9NK79gFaOgZkTkzkM16GjozjpAj-TP0y8-JvjCz-JjqNVF1EjqPRqcasQHnqD1elX8Au-4cA-sv8ZGbAq9Vhb2QwsEVlSVUCv8dIj3_yJdCipjUtngIu6tjuXyFT3dtwGm4DcfNASGWisi6cUJZrJsgswmGsb5TiLvXpe","token_type":"Bearer","expires_in":3600,"scope":"user-top-read"}
Spotify response status: 401
Token response: {"access_token":"BQB8TUjeTIrAgtheVsjU-wi1rYEKU8cv_ORvsJshQc1_XKvFlZ5J2ttsp6QfE6eIK8cG55GlUw9xuFmtrkq_4i7cmRHrR84ZyY6NM0YvXXCsIAP-IWtuEmsfLbY01B1191ZHbJifZOVqmfgcxLljKyS7JpxptRTc23zzBaApZbuns9me-Si-6T4L1T71WktQ7fnPXjfZKt1DdLX4MrbfTDvJgAFzrjDX0kBQiJqQ12trdHo3s-mtuYd_Hmg-cz3S","token_type":"Bearer","expires_in":3600,"scope":"user-top-read"}
Spotify response status: 401
Token response: {"access_token":"BQCkTYjapAgxh-eSVAeJIo6wvC7R0oJzxaaCJQrsF4i4N9i_QnZowRn0jDPSzdbDq2iwYHKL-eFcUX0iNDhW1DjoNnHJEZB8irsU2Wnq-EZNgQJkGX9mWhlvBfXkrXIqvS1-3YqSePPrzsbNU3gCCX1OzPIFxU1gNde1hEnqfPmAAtXixxzW6R5TTR--WV2XnLznea1dzQrczMCJugHu1aDXQVCeYqUOhJJETyAij9c6ff5yBSB3MEQMFb5WSUBa","token_type":"Bearer","expires_in":3600,"scope":"user-top-read"}
Spotify response status: 401
Token response: {"access_token":"BQBrgkaROFkWpKC8IngmOVXKcRV9tjNM7fXLSkmPX3fcxl1hhTgsUrW8b2ekvCE3z66G4hGFKkTlF2U9mb0Sv0A_uiQHPZKQXyfkWzu7L0rn0p7Z0ZbUe-7XYTJbuPEX3SvtCsIk3-a8YTPaYWmKJDUHdUPh4lYqz3MR4nu_w2ADx_wALrPjxF-M0Sls4mGNVe_K9zJEVsZuHbw9JIeSn62k8YnAQZGwRrXqjFn83nm_ZZ1bVBR-IyrMc2oTido-","token_type":"Bearer","expires_in":3600,"scope":"user-top-read"}
Spotify response status: 401
Token response: {"access_token":"BQArYae1mol5duSLU9EAHefl680Rdp_AlxifhT5Xh3B_joJ67fC7hq30LcPWksaauixNfaNlzncN70xOtEQeCIelytzOgldhL60sRUnZMUzTu6GjVEmpPi43oenv_h_Wsv4PKVWAKR7AAHHK9fk8rPFpjFgBD00kfGDVweTCihB-hBlxzkAgbuVMUK4JTdvJcFmfAHn83ObK7d2yVZ3Lyg-Zeo_Tel79cXkXOxIH8rbD7oaCriXq1Mauk3Lq-sdY","token_type":"Bearer","expires_in":3600,"scope":"user-top-read"}
Spotify response status: 401
Token response: {"access_token":"BQAYiveuiUs5-EGbtYj4OBn8iV_yLhVyGcWBZ5lzAxHustfEed4V46XnLdu1iyOhhDRGB12Xglk4ihNAkmwwJbzjCb3YfUHf_EO3Zj_0Rh2uTfh0hwY04FrRZOu1B8f7Qv8mdaX7gTn4YaGAfitvS_zfe7ABZ0gMmBeLZ31OlHDB1azDEZuG7to-oXAC3T3rWisJsSEOEG2GgGXzUVQaha2jHwzQvPCPvonpQ_J83s0J2NP-7k5783Vh5ae0jCHK","token_type":"Bearer","expires_in":3600,"scope":"user-top-read"}
Spotify response status: 401
Token response: {"access_token":"BQBW_bJctSB6fTx1RzIjHeiRv_9TKPL-FcvbfIf02Wf48UU22F5w1VLABU3d-KBfZxKMK_-B6Q9katzJeeYFyrfbHIAn7m-6l5xgvQPTZfaRFW4_qkENBMP6lUDn0OgvztsH6qgrbYEhinpTGsi5689rlNdSafby38K2s3GJ5r1ciocEo2LXgdIl_4ppzNZkRDlfE-Ed56lhGetVt7_v5-YzXA1lJ9OxU3KA62mdXGhFvGZ_vzVVq-m3TdD0oKFk","token_type":"Bearer","expires_in":3600,"scope":"user-top-read"}
Spotify response status: 401
Token response: {"access_token":"BQCuKbaAu3N6UDeweolgjqDEVv1JflnXIR3J4Two2-BCQQZaNRkWIiNnlDvZvCgNX6SiRdnMdRY-VB4DLsRz6s3HjVPw9VfeU_9HJw7C8YOjWaM6TzF-CFJgoHc63JK5Pex9UBuKwiECFb8SZadmDF_F4DtDfwfctzFLJ3yeJu6AWkjJJskkQWHJgIVatYgbnEeAA3QCBeyvhGf8cV3unDEGl0PyemnXQQEVx3cv7A734L-SPEAIiQ67kBCyjOBU","token_type":"Bearer","expires_in":3600,"scope":"user-top-read"}
Spotify response status: 401
Token response: {"access_token":"BQBhdssoFWYD7fcXrcuFa1Ifsje775WcRodmJ8QTcr8FXjE9m9hchpstPxrB-rvHvE1oiZAULiP8wIS0xK_2Z4hLZkTGO13uyqIzS2vTgcowju-cMMD7bJyL3z0Ws3qjWNfgNDHd0O3-KqEHfcAfKplgH__wiK_xadf3EQNqsZd3hovxZl7TPZDaOtua06XAvaduDR9Q99rVBTx0SolzKhKtn1aoYCCQ4RJCgcAev8WWTbC2DSUkYKJUZS08vAlZ","token_type":"Bearer","expires_in":3600,"scope":"user-top-read"}
Spotify response status: 401
Token response: {"access_token":"BQADxGboI4Eoslkpzp36UzSltbYDS92gUzG5_8kqJEjBGkcvlb5uzeLQfG158jN2pa_2hsbUz9WTRGNs1vsZjpYzeRkrhJqdk0GynGNqWfqCZjjxHQVQad0CqrFdBFCBDrCgeogl4AzyZAr6HEjz4ryUrtWaNUVkMuURb98CGagIp5AJAA-z69psplaKGLfbWD61NvRlqBBrkjDdXCgpk-gQC1SxRQGHIFD6wdKjvMu48nCbof7ABDmUcZ5qhYK6","token_type":"Bearer","expires_in":3600,"scope":"user-top-read"}
Spotify response status: 401
Token response: {"access_token":"BQB5g5PBrAotf_Ax8NK0DNCDqle_b_2MRzF65YlJ4DXUGSHsFS9utyRX8XMJ9P9kVn0afVVqnUf41Zkwl_yBq1dqLSaVhf5RTO3EmV7nTasKUfonoEPoqm7Zc8TQAGs38LeIPSrfstIdXWYhvUtyaOCUTrGKTJP2qOsu0YQ-Oi8zQuCKZJ5YhqxyicFnhkFH8CwYcunA6y3qYuMnWkTGyIHX8YU60t2rxKd0CKVZObMHDtVvu0_6lj5XNISi3AeG","token_type":"Bearer","expires_in":3600,"scope":"user-top-read"}
Spotify response status: 401
Token response: {"access_token":"BQBPwg99rTX8okIDwcMGQhCaBSW7KgHuwRbEA5b9ss3pOhAZWiS4WB7aayusQp-QvCc879E-467RewGYW6vnwrSy797rZGCMIhb4RjXN-hNifSxFFEzM2MzALOjVirH_Oq0Vgx_QrREv23Ajj8md3rZ1CwSBnjUB4XcjeEyjK7FGd_apoYBh6AU44PolQufvIfFCGEysU58GudAE8TPOoSYuf1CnkC_S2CD8mf3PzmGz0A1GKhwQOVkL0fP5d9mw","token_type":"Bearer","expires_in":3600,"scope":"user-top-read"}
Spotify response status: 401
Token response: {"access_token":"BQAjN2uxHelTKIa9WPD011GRtqC4X3iwcIyE37-Qvk3H_Swd9CXcZnEFP1oLzdgXb3_4vFbSx_W1eaac-yLfoh9Sk2gCsHUuzomlcBRrZ7RJCXVX6-FD-HRKhfZ36N2afq6S2HhlCOHy4N6TZdNKmsCaP2b_4RIyIFMOMaxJl1BosjJdG7zGA8APP4lwO5Q6SzEdEs599UPdyT_XUO3jVLvVqPb8Htrsf-g6t-grr-0PJr-nnfaQoXjcMpOTcDH1","token_type":"Bearer","expires_in":3600,"scope":"user-top-read"}
Spotify response status: 401
Token response: {"access_token":"BQBdxJJwV29Wlxyyq3vS0QDp7Zn4ouWeURsyNj2DJhTh3i0pSDmGSR6q5xZIw3dlkoyaTpkwhnf3dutDKRBp5L2JtTGXpzew8HfHIg7ewzQCqBbNvy5Io2DtwqUCjRwqPprOJQDco_EbAaVrdfg_n5Gr_PmICWy1yPBnV6RuS3N-3RCvwZdGNOBzk8YrKr6kg5VQTaUwO448Wi0dullIBFR3r1RpRs9DZAMOHXclHYYBUkl7l15eiNf_JdrFlyfG","token_type":"Bearer","expires_in":3600,"scope":"user-top-read"}
Spotify response status: 401
Token response: {"access_token":"BQBB5Srpr7TTjnDdw-NsVns39ofnQydqPOhfMNjHUyYW52Wbv_9k6NlCtOR0YiOFvejIywxZQ8arDXzdiI6kH3Esjd9I0yNRpG0Re5mANTCJwkqVH4SQFEvRd0pl2fTIpUxYWv5bqDVta22W2LDad39bB1KiSIC9UM_dK-fQMcx_u8QwZ4ZDkiLs4UxGcpv2E97A-8I_CfR0ER9WvDmWQoZPvz-Q_TPNTP2txvlGT75qKSW3XzGadCTovk00I4Pf","token_type":"Bearer","expires_in":3600,"scope":"user-top-read"}
Spotify response status: 401
Token response: {"access_token":"BQAS5EfCi4Mha4hLPHOPnWUEj2THWuRaaUzHIHIgiiA5dpPlo-rni-rWg8-XcUUvDm1HsqlyW0RTmohHmnETezPD_eSOXi_X3LR69m35K8OKzdLNzDSTqRT2EB963gKAu5hkcg6NC7BV0XWK1CcYjbUHAW5eCQFOlJLlji-Eneh7AEjkXT7_cXAUbrwdrUB-pCBLtAc1Y-wJqO64apyzdtoByTtrUs2B-9DVhhT5DWZDFGZ4gK3Nz8b25BO3RIR1","token_type":"Bearer","expires_in":3600,"scope":"user-top-read"}
Spotify response status: 401
Token response: {"access_token":"BQBUT179_YWdDAKXkBnPMfoi3CJPrrkeMqUPoL8rkpM3f64_CsG1UapbaiF16ZjfL0SXnzKUh9xz6CCXqUKRapNl-vccaQg6JiQrATFStCA8_JjJwvq0-FW6pbEm2gbpfXjlqdjhkWqP5mo2AuLD4vVI2N2I8Oa87HobvhHseUESVxikjdL-pHae848Fea60OA_fsR8LZS-5IsSIiwFXkufXSd3Nn-eplIns2WAucNBE8XgGIUelnwX4tU6F6U6r","token_type":"Bearer","expires_in":3600,"scope":"user-top-read"}
Spotify response status: 401
Token response: {"access_token":"BQBZHoVO-YS2gFriAHjl_IBlLXBSaBH7G3vUBP6AcVZHz1ylvqLNbzu4YxWSYLf2T_GNldim8BE36oKMudSAh2X1nRzDPsbi_x3LRXw28g_6NVr-Vc55iHhgSN6VYlDZNuWk7Mh56VaCRWmcK2yATHvsSLEPzbBB4JRlEU7IGGHIWN831W3DUxCNCAmv_yrbDhjd60gZIn4ANts7wsEetftI1HYjP2KYGA8948YBd2gy3W8u3vuQydQvNEnqDxKm","token_type":"Bearer","expires_in":3600,"scope":"user-top-read"}
Spotify response status: 401
Token response: {"access_token":"BQCvnLvTXI-VH-k48XOwquTOXBLRB3fO332nh5ylvXb1WoP7WynUR64z5Wzik5hBeNpTlYg03ipa3zdaGIuF4Ow9qp-8W8qY9C1PxJFuu30SEF7xlQRqVJcbKilrTKA52WrSNgsC20pi7wT5N6GHLza-exzvok_szAi5XML5phX_8XTiCi_U9ensmXEbw8Fp6dMt8UJb8Tc0JkwuzqgbKex2rqfKYL37ZGgqYOTmOG1YIwSTIzS9a4pKiAk-0z0I","token_type":"Bearer","expires_in":3600,"scope":"user-top-read"}
Spotify response status: 401
Token response: {"access_token":"BQBoE1Co-l5I4tm0ESlOfWzkNbVUuZVPUrxNrdyivC2PoxB68B2VoQ6jE-eTTVxBJ0VKIZPN8U12PL09YoP9Xm-bPkGSG6427QJE__olzgOHAwb7rqLMt8meEuonpCc4Nk-GXQDQsOYhq-HedzXUC6UPgVcAbc9nq4DgEwr6wMiB7io4aRpV6L1vG2pKLq_sWUEgq7PyuoZj90_NNIIF2cy-sL_XaG4cwwdxS2lUzgL1EgXPlax0bxAvcyFkWUCQ","token_type":"Bearer","expires_in":3600,"scope":"user-top-read"}
Spotify response status: 401
Token response: {"access_token":"BQCwn1cXdaxDt_5yAq9WcdKooTthfwzyXhoI_kiGIuNKfRRFgttgmWP8WPb8Pxx4Gp5ClWGioNSgqJ-Jcg8nX7nb1SSF3YiNNpPC_7Dkx69vYQNrsmfVzx66V95kgOp-DETdPTAD8DU5JmvrfYTAFaG6z6dO7KGuzi94dFC_AjCwp9fGgpCd9_Q4-3ESAaAI_BgK_FS50ODkV3LRybeohTKXXKsKCxiBbs22_EDx9zlwS6d_0MwUZab7OHRSRibY","token_type":"Bearer","expires_in":3600,"scope":"user-top-read"}
Spotify response status: 401
Token response: {"access_token":"BQBibnO8LMpSH-QCeNkcyXb_0RONbG_1cGmtAbeWw-MKNa9AtEv8Psuq7rxDIMpASsAJ7xlw4DF5WqIyqI_ZgTvTSViup9INvAXotxIDItEM7tY0pP_KoVuxbUhUCN8RKgFySXXfrA3umWO0J8512sHaAX3qLf8C1aCQzPfeO2Rm7NjN9u5EmBrT8hyDZa6M546j7rvcEt0qlj-gdmsPskH076oUVL5YtYG8cB_0kkWlUueoN9VI_s_iRTruA_Ur","token_type":"Bearer","expires_in":3600,"scope":"user-top-read"}
Spotify response status: 401
Token response: {"access_token":"BQAqe42oA0cf1TTWvTJGBj0F23zkpnURoY-h3mb3VeejCfqnaM67myKkGsr1Q_AmF1X4Yy0VijtjhEt0uUryAHevsGkVYS0irE2h3TpbswrmlOp_p7rs7rse4udvdRiMvBM5_II41CUq-T9pXyeD7PRnnwuq-2eFGa4oJQ1ZnBttMpM2anZPiVwddazT0MJaLlbiwHEC_u3sXm2uymcfvmbGgrtSLU2di-OJNTtMp1FmM7c-Anv_2Yt0S-Q8QzmM","token_type":"Bearer","expires_in":3600,"scope":"user-top-read"}
Spotify response status: 401
Token response: {"access_token":"BQDrkjKt1qX7LohrbtBNUhbtv0CBNXokmdnZvvontcpPmlMSN-o9svrvWDg4TTHGcjy0rkCo_RWk4w59SXSEZmMFALExu-o6gk7dePkVQ9fCvIMBI6NCUiHM3wMGFpW0x0AChgnKgGB9ysPTUvDPJZINBpy1yQTi1h1TdBMUl8ZvBa3E5rSGiXo6N4bTOFMwEtnzrJ59EbIL4u7VVoN0yvXQEpFWWmf7fR52-fmtM8dsl6yAmpsK6vNvPRaC3mRD","token_type":"Bearer","expires_in":3600,"scope":"user-top-read"}
Spotify response status: 401
Token response: {"access_token":"BQBcJVYDQ51XgKzNmwqOL2UYov_zJ5EivhHQ2qIB41EPpKV2yfu3yDg4x-xsuhwg0DcVdDUUdFcrsD_QkaJ3ozT1Y1wLSCBh0auEs12upeGdAW63_9oumsCrOWM8kbwjqTrSc9SyLjEMeBHSmL1VbAT9RjdGQR9g5M_Lbs0kj8syMkTBAjno1_ttmRtbM1ZrSLuBeGtYx2MHc397OMB86Tikbpy74HDSaUSZRFY72o0GICO1RN-NCPRgUdzX7eja","token_type":"Bearer","expires_in":3600,"scope":"user-top-read"}
Spotify response status: 401
Token response: {"access_token":"BQC6rXSjSO3WLy0_qUYSHDe3YvaJPJ6rEWu--FEg2BDt_R-VJWThEYJgIxTTi5jw7y0X48PeGVH2pte4MgbAoigucy_BYFHYQ3-1D3nrapnrH8PR8cNe0bLfzn1Jf24GxpKgFpBsPO0tnXo_4JhQuzW1xGfJMWR_yoPfbXveK8A0Ix8YZGrBPMQznFlKhW-jkMiKWASMLfZJG2Y_h-QPMlBcNKftPernieNPLo29r8me8CHdePuQV3-sDjIMlwAC","token_type":"Bearer","expires_in":3600,"scope":"user-top-read"}
Spotify response status: 401
Token response: {"access_token":"BQA5x64B-AfVuBmlhmPnLe0pU2z2ji800iJULpSlXyZs5BP30e6VYJaFX17-cix_QviTqXOhk1NGRDUSL_wdsRsCdIx2pLV-3QvYh2jbfsZB-pUY9QqK7xWk2T_gKCebSwQlq0RNGw5r5tTX_JON7cI9LmBIf1StrmN53guYDErxO_WNgoGCFN3s3jOAvgi4fLaRstqz2NssBDiihGTy__jeRbJSwDjRq70_ttR8FvumUvAW9RZAQuGfKjxe6YZZ","token_type":"Bearer","expires_in":3600,"scope":"user-top-read"}
Spotify response status: 401
Token response: {"access_token":"BQCB3hxSEiTYTb8uh6P20m0EZ0rHr957ZYClVQkmWUEcZ02IlUibprBHWCt8_QkU84QlW61GWLTCKGEcmW8lD4GZ32x-9iVCsYHi3e-_iDVJz_A2ok_WZGkL9SknK4LgFhD9ME-8IiUUXadomp8Yg5PB0SS8i2SHVNVztMGfT9ysEnZcQxp8WKduA4jBQvonKWiZvzvvUmXr9WWHsW3CAsT5NrxEJomtTcwNKncA-UXmztZOfvy9VbVESu5260R7","token_type":"Bearer","expires_in":3600,"scope":"user-top-read"}
Spotify response status: 401
Token response: {"access_token":"BQAFcmx4xcXxf7nB05pi03EPb9GrtS5iYaqd86VPtTVRJuQU_quFbCw0mSqfi6CDiKorY-LngfLNP3HV_mkePyMdCx4imti5CUcM8HG6SJPo4S558Ttoa5Qe72hdd9saF_oM18gbgylOBYvYQ6pzjhTJqvGXkBka8sEqq7FH76mOkv75Z4jv8eCk7xS8qmL8GjVA1PBR3DceyLjP9dXW_ZtMGQ9enW_sWCzGkBAa4hm674SaOzE4tMzysOiE7y65","token_type":"Bearer","expires_in":3600,"scope":"user-top-read"}
Spotify response status: 401
Token response: {"access_token":"BQAnBhR7TVJDjwURgbVzDeA4MsK8sfKr9tW6U6cu9QE2hhOypjnURG4ToBJqHbQXnYAGZRqWgDtSDyb3zOf7ti-M78_vuTM0nCXb4YHgqm6WGAX3eEx-LxUQanEscFziGCrz-d3dHow6mSABfePFH8a0as0MSIU2h1fbvvH6mSIutQopQfeQafe9uSjM2YxdgBGXMmSj145r6eMwuTL78V0V9q_lQ5xbE4NifIQDj3veoic0iDUBYUGOQL5Fqnrm","token_type":"Bearer","expires_in":3600,"scope":"user-top-read"}
Spotify response status: 401
Token response: {"access_token":"BQATTJIhxLsb58iMrjNft_2ML-RzKEEo3mDV5WjH-_hLrqJLicGx46IctCRU67sXJuTOdhaRJ_7Mpvl0tNZK5dC15mVwCqqRprX7WKxohyxTuSvRnarScQGYXG_v7rXXTvhRM8FAQ9ha3RG8l43M5oE4TGmDdjspSo_lkYcNkcR58eNzg8Ucp4RQYuWhTAYe5zpj6uzI38LEsGYDWjiuun_f7b4CYZHvyCGq59YyE8fW9osydPOvwafrTUIycBHb","token_type":"Bearer","expires_in":3600,"scope":"user-top-read"}
Spotify response status: 401
Token response: {"access_token":"BQCgOAG2mahp713ETABdzvQZRDWTaUQ1n896u4oiJbGm1dOfn11O8SI20qojlDsPPkj0UIohi3MquVixtR1ciKhO0m7AHc0bsj9pb9D_VwvvM-YzTtjgmwKc_sl2KcgM28JmdNZX67pNb2J3PJvzZDHPbEFPkbu1S3vxndk3wKvnQd5IIn9DxXRGe4RxwQUOECSdLTsk9fpAQeTwF1Fm9Gg3XLhIVhujcJrVnGjiC1mzHYPwyEULYJHIT0QrjCRy","token_type":"Bearer","expires_in":3600,"scope":"user-top-read"}
Spotify response status: 401
Token response: {"access_token":"BQC_yaMOIeEZhZ3kcwmbtBU_DhvCzHl4K5FlNY0IEOVhKtbUsbPnLZcpV8zzkf5q-XvZpId2L4q_iGpV_0CJsaloCIFwEcx6lV2aaIiXVpVuuNCNi1LVfKgaS5wrMkz_pXoZGsOlQrm_5AH6ZbZcFhVxFmj3J91yORS5CPj7vfpFkGsikNBtMWWXGaFLE6QrFDFm-dgPWpsZJ4GlC1LhVS45EJ06d6wOHHF5agWL5PysubSWSYyZnYXb7kVCO9Tw","token_type":"Bearer","expires_in":3600,"scope":"user-top-read"}
Spotify response status: 401
Token response: {"access_token":"BQCi5ke-AjCLtqlNY9NUdLhPMC_CT0kCA40sgsu4ntnrZMypqM4kRAMNjFCP8MnPrtkc0rqrWo1FIGD6vegFu5W8i1nWYWT8V-nUV_Bmj-Zu8_1ETKk6-j5QkRy2ignJFVOJsaF4wYgKlkkOcIRQF7D83G2EkawIJp6ZIccpDnf3QMRh6YhM1aZiUIQB3THzOlolOZcfRydyD3Dwvf_8EG0Dm42ddh5jljQHJlvFXqpWtwP7C5AuUTaWWKeeqFsB","token_type":"Bearer","expires_in":3600,"scope":"user-top-read"}
Spotify response status: 401
Token response: {"access_token":"BQC9Pf2mPjFbEnTdfD-sAOl0BTH9w623FcitW_TdQGkaqAIgiN_WNeohcJQ5Ju_CF7ACFVZJicp4yG3Zg4_ZbMlNB2zbRBnbq2mUe1Hs36LjrHe-mRNuEMB8lG7wsQvt4STK1_nL-k01D4Wu0lSnbpbQbSHNGCvD67L_0WD82rvll2lutk4UNzGE2sHImg5Oj6b8RBcAxW60B3m5b7re4J9KTctHCl9U8SZVxGI7OJwTZ0hG6B7GAT1DWkJlI2ua","token_type":"Bearer","expires_in":3600,"scope":"user-top-read"}
Spotify response status: 401
Token response: {"access_token":"BQCLSKwmcy5jCMXHkdIEimvbdPJ0reU_NlgtEQEa7uVkY55asnpVxVABVvrP7VDW-OjgkQclT8GLZi3hfzedaLYFH6QjbPYwzSbItMjHpQcVXrOGLB1ckeJiy4r0kCh0C_-hz5cijZvBDmKTzvZMQyJVHTI9-u24hH1OGkBcR02weo6-Y_wq0TDQVELcCu-Suv0QwYEdJXQuX-vFnJ5Y3P1Gux-IfG1bGDFiw_OhJhHJBWdtoI05v5GkBvEVeXAp","token_type":"Bearer","expires_in":3600,"scope":"user-top-read"}
Spotify response status: 401
Token response: {"access_token":"BQD5qI760Vk3PQXOWUf1VlZ-WyCsIDFRDXA2KELZQ_-6b3gQRP4S5jS3dq0V7dFX2ymoB6UoNkML6AtvEl8brehOf2I5qQOFNtbPdzYVbR7Yt0oTaDpx5MWRTJwSTHpeJQY426vdMq-dh6Go8nWyMJW-W0xAua-322Edl_2WCY-8XYHmDSxyZmpxpML8FR_dS47SAQykCwNInV4M3HmsFclIeRUhPGwODgXFrqWCl_gI_N_nGGsMZv0MoKlCS-F0","token_type":"Bearer","expires_in":3600,"scope":"user-top-read"}
Token response: {"access_token":"BQCEvGt5fbjo7Bsy-VJ4GUXa9tT9UB7DdDYkkD9rWUqXZ3qiY1vC8UG-cnb8ykhk9h3dS0FrWF1yxKduwJ54ojlvlF-XVzG3jQJyLLgcwFIwnnrIG-dkx9MQHQZILFw_sGn_sbSoJP4wa7RHWTdQYTVeGW6rBuCb3S-a85xEA5Wb-cl_kYSqFonHZMzG3faobwhIOVN-Bx-lfxRTNTuvEleIg3kZZgjhwVL77Q6hFePSlaw_vmeaK4tX-lKDy6OG","token_type":"Bearer","expires_in":3600,"scope":"user-top-read"}
Spotify response status: 401
Token response: {"access_token":"BQAvHe4IfJI--k7hSMiq9ybKpVslFWrduZ99zJmjfOUdg61nLiMXapWNNCs6lw_zk-EW59kb2Xok04Pu_BjgmOXJ6NhwDFJnJLHnMGWwy1nETB3oGI3yKX2RrCC8qosjdASAWZeUd8h3jtlXcWFmSgCPnG8_y-oaSDpIzyMMSNNYr2pp5qygUHD5f6fCgmoC8USnECUKV8-HMsB13N3Qu1W2ZefqM-4nFJ5zMqZswcAqeQ0sOCKDssa7bilS5zLQ","token_type":"Bearer","expires_in":3600,"scope":"user-top-read"}
Spotify response status: 401
Token response: {"access_token":"BQBWS_jffzlLYgeltNaCN81IdvV4mpqUktmF-lav7YcsbvisvPTig6W4EVwOp3TLntHx5RantfXjMN0dQTWCangfnU8R__0OBGopF9nZFw12lXCM_dCx7RQPa1EomZpbShXDY4rPVIeFezrlR1eYAAZ0qBvV-zlKPHdeNMYZmRm2zKH6CyeA51FJHMHVhYupRd4D8yRcY3w_t-YzqED34nh8JiZlsqee1s7xhZTjo-Lt8aPmEtwnvHeSJptDEkKo","token_type":"Bearer","expires_in":3600,"scope":"user-top-read"}
Spotify response status: 401
Token response: {"access_token":"BQDfQ-uaD5wbM-G0pQEpeVPSYAVR0SfYGFwN0pucPDy2-cfpbUek9mKUxNUiQHwMLKjVQUqv_iq3HMnlAdO4roQ7UYmSH1xXRBuQ96W8eNrOAW2lMnKUrkJHuwyH4UDRQK3fR1G6nAS1p7nY7vrAUXdeeXRZHofvheX0hEze3W9TJV2au2CEMlaYrQ2ul3fl6CnH5PxtJw1Xty6kF4NULun4TXYXkFxRs3f_Od_99pycB_iGo9PW5MVT8JAbs2yV","token_type":"Bearer","expires_in":3600,"scope":"user-top-read"}
Spotify response status: 401
Token response: {"access_token":"BQB6mSuipfBbh_9Jma7HAl1tci22xjY_YsrQTOc9zx5b7SLhJSyBW7K1nGuJKRK1TDfWQebiM47qVbb99ngxGb6fcR24tOYHuEsSrwgtPg-iWSd0nC8mDwawtzm6y2cn91Pm9W7cZStMfo28YtUbbXjYjtUM7OkVg9iRRdL-LkR8AucWfmk_029mn2YwUU6E4WfsrmgnivnNzyOJ57oye-tPHtgWk06xtPmjcbSl6p95utS-VugxYHpworNH1wVp","token_type":"Bearer","expires_in":3600,"scope":"user-top-read"}
Spotify response status: 401
Token response: {"access_token":"BQAKB3J3MbWa_TT7ACJtS5PGVv7mHK7Q9Oj0XNQkj_BFD9mI7y7Ll6wyO3gcgorsFI-SzwLoAqlk_X3_OGwIJxd3WsStq72_LRS-mOl-nzQ2JrtZG87cQKGlyULNeR8gqT7x3UkwXQKQY2CjwqiuNp7cmD9y-2EwddiwpM7Mu4U5ITtKsXn9T1CM6-5md-JGcyDC9xik-FvBgJqmTbULs-FpCqFkOnOnD9TkejGLteOV-jK2YjlxNk2VtqJF8exZ","token_type":"Bearer","expires_in":3600,"scope":"user-top-read"}
Spotify response status: 401
Token response: {"access_token":"BQBl591hCo1e74tW1LIKv6jMjesUlZBjJouMap54dXe6tuTHH7dcekIWrEHPrEwt1x8hidlM_iZDfLJQEe7_MQD0xlWYjHh9bTnXT0q44GKc97eH24T7hz72DeF7A4oFN8K_6tt3SkMsBpivtEmY7UhC5i8IY-bHRwz9o2ERgT7KIYEZ1aTlBSn76fsvMKzeQ1U1tfW6Bg-Zjwuso5koS6IGwlof_mdNWnbRnQ2s15JtAQX7dWSU2UTveP8MOGww","token_type":"Bearer","expires_in":3600,"scope":"user-top-read"}
Spotify response status: 401
Token response: {"access_token":"BQAxbZcGSmRTLsanvnHDOzgvbuU6uJAT-Qba4uPInHtP3oRbPLKcvt8H5GyPBT2QMnHzgYXj44fq9zt8Z-HQlQtTb88z-PHYyrdhZIIq7uO6JvXyh9-Bvtg8e5KIeB-JP9uvwsq4G4ASfp4rpbyF33ehV0KpoofOOUcev0ESL1muLgOsw7XIqFOOwC-oDcEquYdWFhfwcmIl9-YnlCLnNjHnZzg7PFICoxRDFM0q0vJXZQf9TUwYztDqK-wl7zhu","token_type":"Bearer","expires_in":3600,"scope":"user-top-read"}
Spotify response status: 401
Token response: {"access_token":"BQDqQa3g0pSLjSgCjhPt1EWYAFFQ8JDOfYSGy5JhXLOJo0uv49FdDheAqCxxfrqh16Ad7TndML_BVN7zOpl91IwHeJ2IG_Sqw_lamasP5_RdVisbUQTaMsSvMsLXnnYjZB1aPr1MszIqQvfuUByJusKLIeIs9Fyr4ZsylrrccYDSmu19SmIHtkBl_h5seMToE5zO4DJvsvGbdCPJpBPSee5wVzOW7aQP3xfiFfgunleuR45Kid3qGw8dmDOma1Zj","token_type":"Bearer","expires_in":3600,"scope":"user-top-read"}
Spotify response status: 401
Token response: {"access_token":"BQCfBsn8U4AuC4VM6KuY0jS4RJ43CfPyofaroV0JO-qzr8UQmewv5bf_q7ZiITavdTt4tlMe1nd5dd5xvnDAa1K1zkK6E7AcxpaxQwUX-OJoHIQ9rMJxZ-feNKCImN1wt0sOplaZ_RRUvsXnKOr-yoq5QbnZu6w9OvTiqxdiAVQUDOtoZQ-NmAGE62NLpzSbSZ9b-gO3qV-vKg5djOCuTgPVQA0BkSwpakcvUMxKaBw1HYsVnqbHlSfGxIWjhibS","token_type":"Bearer","expires_in":3600,"scope":"user-top-read"}
Spotify response status: 401
Token response: {"access_token":"BQAL1YOhKHvDWXSkY2I81fy3Om_C1Y-qTw8UzielO6gVEVQ9Rc6iW7sPmBH-pu3xOXi2rPaybUcvVV754QGmYvWLaEbB6DLhG_9UwGXvTGBvBjAf7nI92jHwBgYRrZArW2AwXgjrl_Le8pQCnLjvpbYAHb7VesOozanWvyaKLHwZiLnHe6MRC86TNS_CpKQV08rrSv5x9t8ZBFfspeO63-_5zjZ0Qd-_SpLC1Mp6rvWYUu-w9uNA6kpFmK6EyTyD","token_type":"Bearer","expires_in":3600,"scope":"user-top-read"}
Spotify response status: 401
Token response: {"access_token":"BQAwimgmjKqmcnm2dK4ITHpuYbDoHzCtkQ5QzzoLKjQmEBP9fkshylt4AOY1egquNbNPala5jKg2kmlg7LIdEUzJIoKyjDHdJdkQKoVTFdbSzSjdDHJapelS8dsUHVeIToM5WYU9zEhvvkerod7piPacnAGJcuKtmdreVfLePyXzpwwF5U32NLlE5dzWar6LPcTWvAhMFnqyoa_4Z3827YVwHOtRJxpaY2BuGdfS-E14HFHp1Zbvc96ZvSjAGAys","token_type":"Bearer","expires_in":3600,"scope":"user-top-read"}
Spotify response status: 401
Token response: {"access_token":"BQBn-yuA4jSHIr-_63vrl3Iz_gn-H0uraIV8H_fcrhqy67d4kE1phHzenAjtgEfdv4zJBAdB-cCTcnDGZ58dZtOfl8VrIN5B67n7r1O4mbOE9QVxrKmO20pq4iRuhkwaawWh3MFtX80WtmmCBUDL0zRzzRbe3mlk0lgIoqozGMev-jvJ-7eUWarqePLb3MQC2Qe2RO7XNNMrPMQ-3RjvLTmVRnuQLNEjEKMoz9Er4VcgkQVknUGbNq3JVgaT8svQ","token_type":"Bearer","expires_in":3600,"scope":"user-top-read"}
Spotify response status: 401
Token response: {"access_token":"BQCDKd49KKx-7uJOK3tsEWEpIj8nCs3VP8aqtT9vZHCA6aFoPTVc0kkkvsZZAoZqTsGoQ4wEOHyDfLDM2pkO50wvmvfoeE3wfTiSBFpkcP37YIpV22Ks1F6YuJ5F7Yac3zJ3EDr0T3hpIA9vnpnny8qHTRN3rLP8COgyRy0mtI6VeWa6ahXErERXdvSKNpk8x4bYNQ0SwDzsZE9OumLTAZrRrI5IvVOCPaIwQUFDGQjo8uJK20h-ZUQOZ6cm3CMB","token_type":"Bearer","expires_in":3600,"scope":"user-top-read"}
Spotify response status: 401
Token response: {"access_token":"BQBvqkZHQGu_xvc8OByI0i0vBMT03ytUO8mMIiYOnVRJAueW7aVmWjJ0mlwCxjOyNFt0uwy3OG7E0iiClzmteRgpA8FNGKPNHANQUVi3_lY5BgAhMMbnrSatqGxQSE0qeqVnG6ws2DnfQ4WIU-aITYCaq5DWqW_UjOx8b1iJMj46q6XwbWCnkMJvP6dT744LzOBa-Unx1M90zAHiURq_t4PdRtpCG9V0pNosbdi7rZJjFdF8oEe30oZBZjyLPLgN","token_type":"Bearer","expires_in":3600,"scope":"user-top-read"}
Spotify response status: 401
Token response: {"access_token":"BQB4tWBp26M9vKoeOjRpAjCa0BDOTb45WO2aWplebCuS5bjX9QUDkHJvdiOjw-cKiMkPZM0Y7OvCmhWxEAC-kHi3RfAWUtMKhkJgRawmYo3FAdBrrBLomx90FI3sCqZZXM4dGWLtWrong9oFB3HKZIESmMeJm7BPh7AKyIuFSUSEYUvkJny8TjcB4U2c87BRkpkTjYuNVKNE8G2xO52HvgADA_Qfi9qhrwi3sSpIa_xv-WgUEdUXIvOwGYi9l8CL","token_type":"Bearer","expires_in":3600,"scope":"user-top-read"}
Spotify response status: 401
Token response: {"access_token":"BQBLdC2dLPxIG9MIdtHwjrmOc2ztoGudsdAOdTMpiSG8fuacSZw0xhkgVVeQvQJuh1wA7Fh3vkqbfTrseiwxcWuDxKXKaAq8OInePM0UsBLxSMhxl1RkSGxG9josiYxk5miCECypj9uyqtPQUH3Ing8qB1jCJB5Uh-yiLu1WjjJO3MR_DGbiSAKulhu0fNx4wnrJemYEo0uem2H7IXKMPZLUJkhYYZUf6NA3M9KL8dnj8MJJyClSvJyDrAFPw16J","token_type":"Bearer","expires_in":3600,"scope":"user-top-read"}
Spotify response status: 401
Token response: {"access_token":"BQAieE1KdIJoMv41lUxfJjgwyl9pk_RYztsJS4uZ-1UXHN_acPvBjIkk7P5X5maJW4t0Acre5poLcJSQq2D9yxn085S_ZjslSR1LH6kQ8lSX9eqSk_yJ-UYszMXJ4s5uaWNEJzE4BoFGlAjyWb1iL4FtqxwB5dou-UgfSCaISSQ-ydvmxazQzqw4E0XaL9S7HPbvGiu9H4gXPdg8R6Y55TkRgjSMcbCxQLXlKB8jNH-wLUTMiriFJntidac7KIiT","token_type":"Bearer","expires_in":3600,"scope":"user-top-read"}
Spotify response status: 401
Token response: {"access_token":"BQC4XI1KKMPOYzGUmkcVjYjuXfu0XSn7bEREoyRjKEQL-WmxOVsaUnpG7rfDgzGKjSEXCOvSMbE61FZvriiGc9Ve6JssC3Dvby5HVP_m0g8UddJ0DGk3KPqm1rFhZHjPrfXIzvQtNuqmGIQRUrVZeAJxqTtNOc5siWI69Q5lPPgRytLmuLLxTLzdjZkPz6hYlKwVRkqYYQbNjYD8A0wng8XxOamL6WV8DYYPlczgynJgvZRGS67Hhz2lelQyUUsB","token_type":"Bearer","expires_in":3600,"scope":"user-top-read"}
Spotify response status: 401
Token response: {"access_token":"BQBfpYvJ6wclDV8mvZptW9syj5m3ckZPyJjCE_c_PY32uCrbC6vgpZAA96Ue7v16ggMG__xQ7KDA9vGC1hxdpNTs7RgSFwueT-ZQQUzFDOQq_UkxmUxXiERYQ3Ol9l4XC_3_Ln70RchLj01t7A91hQS_fKWvzVlF7HbNa0EBCOjY4eu_KgYfo6KvG-qagViIe19Z8OxAx5Xw6-3HHXhCWQmwFVYSKHdxJGwUMUgymPKSoA1S25PwlNYuBf1LBmJT","token_type":"Bearer","expires_in":3600,"scope":"user-top-read"}
Spotify response status: 401
Token response: {"access_token":"BQBf6boK9h4e7ObiYODjKVD8W0ysU632B_Jr218Yk1JRW0JZQegYphVVfviFHnSJH37VQvQPbWeAJOVgc5eG1UoWMX-F9ST2HD1MRu70hlT6YXMNrcT24W27mIZuyLSROzVaX6d9LC7S0pq0X9gMGjtWUGoW-teWFvD-IJI3oBGzWJMJyzyMmV3xSIISrYQc7fmFMcdmWKnGFU9pASphXeg2q8GGoCgoEoIiT_yZmrpxLt8ufs4AsxYxe920Jh1l","token_type":"Bearer","expires_in":3600,"scope":"user-top-read"}
Spotify response status: 401
Token response: {"access_token":"BQDycTsrziuVTD3wPo3GOY6FG0nCUFdAV029u16uOTthffjaxTvibLl2jndtnlKXhn_h7q9Ve6cwfhj11hgz2rchyOm-U-IzznfaQ6oK2ML3EQn7R-NqXt2D0BClf-mIItwmmWRY3-rqyhg5M_asmaGpVcQOapmKyriKo8-ykdBCnT_pM1xk5NChlECqqfAMkkO7Uca6p-wbbVEN-BsRBGVUa6vrIAeONJh4vfdc07wJ770iINr3-MARnxBjRa1I","token_type":"Bearer","expires_in":3600,"scope":"user-top-read"}
Spotify response status: 401
Token response: {"access_token":"BQCZbqxvYe3IgGLsNpwUSxysmvkOWt7s49uoz-uTpztWbTvhphbfTYOmojQgU_SUa_lxQrodSoORu2XzUwRohqwaEHazYFPYAodcEwyw6_iLpKQi1X41Zjt5XDaE_3KdiL7XRvQbpQbwKc8euCpCCwaZGsiX_m2velrn5ebkeefEa__Fd6Zb-ZF6hYzfjQiowxNCq1lhlZtxUSLalLDEI-_2GDwVkiXljR-aoBaH03HSCO7k4AVJHRnrba32zY5u","token_type":"Bearer","expires_in":3600,"scope":"user-top-read"}
Spotify response status: 401
Token response: {"access_token":"BQCcDYTSEQqAbZBT9_kRwcX5ATWtf7k1aoc4DB_rVm7c4mfS8tqJ5EQfro0TPYJgNyM29v6qBHbP8znHXpIAvCmac5oIcsczdClC0y2nC2H24KiJYOcpDzm5H54pmjASeG07M1-iJJLJVKdAUazt7Rtty3SE03zUkpmkkkWzd7g-iJWhosKX-rmGtLdvhaSV8zJVrWwk7SzxdE6w9PSyhLCpp4mJWfWTaAC4y5BYTfGiudHqWL1PXWG--w4Wos1a","token_type":"Bearer","expires_in":3600,"scope":"user-top-read"}
Spotify response status: 401
Token response: {"access_token":"BQCM-3VuTtKyq8oop98O1KDYLzp8a6Eg4ASbWpwOU_mN0DW3xZZFPeTwJGHm1eGVEggEgSfr9pfOvkhknLVMPsUWCpO6QdO6CxjrLNy_yRpXQqBBIjbKLcewu3_G8AXwKWpt2fXQ_FLneGlxisRBExge8ULgCgnkYyu2pMSigN5CJ05uTtaNhtleY3gNtBRgEGqzIZDUi2JViRi-rwxg92aRAey3VmmO4T5jm32zkL3lAJgW-AvgpnRbK0QRUeYK","token_type":"Bearer","expires_in":3600,"scope":"user-top-read"}
Spotify response status: 401
Token response: {"access_token":"BQCTGLNDiK1nqoTF5EXLp-LcPL4EMqj-DuyByUEokZBdBart2L81PDeLoriKy4fxAWk69R80aoYs1cBhhUwsUle4foSdd5q51Gav7s18H6Pb6X2FeydU0H-KUJMBPuJqPtKklOKu8SvQZm4OCPKI8sxEGuJwbyfKALbm_0Td7bPu7DuB7JDN80P14i8nkzci2ycXCNVoQi9Xl7SzbIdwcm8XB0bSoRzgyiFFJ5v3S3PtztjEM0ua3je8pnvPdyQ1","token_type":"Bearer","expires_in":3600,"scope":"user-top-read"}
Spotify response status: 401
Token response: {"access_token":"BQAh4rdPoofnHRh1iOQ8Lo3ii7WJyTfcqmnmGFmG4uQejYpO4l8UKNF6nMKfXOwpmaL5Za5MWkxSWTllC5n0PdymiHMcssbsZ3cuIrrkFUXd4njDfN0DNemEkNeynee6_EoodDQe3UdFTYEvcP_FjAlDYnt31BMQeLGsZY7IdLq4BLvCXF9jP75flfpQPKTZoLLTcl0hY8k9MJaOqjH3zJzTsiDpiCMWTO0o_2SmxjSEHTjnkVzcjpgclx0jGdqv","token_type":"Bearer","expires_in":3600,"scope":"user-top-read"}
Spotify response status: 401
Token response: {"access_token":"BQCna5yhHo8qzuKWjAL0RXUYR4mdCEJIMw28c7DT0qHqCRuEoQrzNph4ncuViIp0FscWhcJe5Ut8FcmZxHt86NgKokEJAN-SZRMKSEC6eSGzIaZLzGWDfmZtemq_iBSN8Xii5i48CcQmWtS5W7tkhLczq9Ex_NIS0zcPRTIfv14-SMrPxjmr5RcV_oUNNkjE6KKhVRSXIVkgcvqsO_f0KFwdAv3otmjVk2XMka0owi2QPH8sSPTGgOkk_MJAh_fc","token_type":"Bearer","expires_in":3600,"scope":"user-top-read"}
Spotify response status: 401
Token response: {"access_token":"BQBxv3kB0aPk92pYbkjyMJqbDt3y0-YO3UfOV8H20Ts71HdZI-YwcuD2M-OdpeqH2AmCycespu408wS6yAFtDUS_SWLWCuu2Lu-wpQwL3d059DQQ29oXp4EDIBpMrMHzYWXJAxXSPBkktfdUxXJEXf1xdg5XpZQ8aXoWswrM0Xei5PPLbmqv3Jr1ObfTLVHOXm_Jf2iyrhAy7TjaC3n-e14J6cZTGhoP9gO_NHNBEJPEhJVygX01aWwKkslabYOc","token_type":"Bearer","expires_in":3600,"scope":"user-top-read"}
Spotify response status: 401
Token response: {"access_token":"BQB42Cx27znj7LSzsjq6GKGS9XPr3T_eVE1BFmmp0wQYPCLFxOFHmSAegMJGXzbLz_Loce8FINiXyDxlGDVX3y0JYlnwsYAo2DUR0kHD4_Z1KOC57bnXS3CAh7WJEUImbVA2pIHXp_WkmEd0qV2W_83UTBodU1xiNwKLe1_AGLb3y30hbw_pko6yIokN8efIrX_X3HaW_4qnhPr9e5Clk9gPHErcYqMKZ8eXqL8chHDdcnzDLjDxZvm3YL5BswTw","token_type":"Bearer","expires_in":3600,"scope":"user-top-read"}
Spotify response status: 401
Token response: {"access_token":"BQBn96vmxUEJ-Cc29Gfve6cJY6wxJNQmpEQL2ms7EMKzl6JkPwctKlXWv_IvfUVPJ1kFoFc5OwQ2DMZYV3Tzk__ZBpDc4V8ndbyyUOvU2lYaooM0PLlRUtz15KpzeSdSTkktGEOTNa1wSSwYMCyAIVXsVgsSDskRDpEpMR0JVU14D0EOlb7rjjWb5jtXK_p9KLbhwTdXCJvPPsXqW_TaANAKTcLTQcm3rhP5BdjC0DnmMmp4ocq6NzlJnCrE8W7F","token_type":"Bearer","expires_in":3600,"scope":"user-top-read"}
Spotify response status: 401
Token response: {"access_token":"BQDYNiLYE9J52OFCZSucZVeaeJOfDhAKPE-CIrfIroNPG7K7lna_qGltCDyNycRyg3FXOPGuWmskmHqDwcTBseS0Dc2D5DlajzAYtcvsLyVvcnFGFGfVGCGpStfy4adThbRh3F18JKOqRNgvgXTFdJdk7NE4J3mI2-bSxaNx4_gRVqQCj1TAXdYs0szTZu-j1MsFT7EJ0zKAQC0qzMM2Su03eIpHvBdlUrOj8ggcNy7JiICsQPnfFTCZNdr5dZVw","token_type":"Bearer","expires_in":3600,"scope":"user-top-read"}
Spotify response status: 401
Token response: {"access_token":"BQAij1JXS24vPaq9I6w3IUSrRq8M-PNDCWKFAvCNzyX3pre4PVojxbZmEnBCgYvgqOSesTIU__3eBcvCHNPgTvfjZMLNzpuMcxdDBHObSM1ZNrz4mTklbw1q79yovtLvmMELuLhAxdBEyVAqDmdcbdfvHHZTdhoDU7JFGW_jICzfIDl_mYAqwn8eui6EXQuC_HdyowM8AoXiyiIw0lp-NGrSLEvtaiowWkZpQejI1VlKSUnJG5PP8avhuxiMwNmA","token_type":"Bearer","expires_in":3600,"scope":"user-top-read"}
Spotify response status: 401
Token response: {"access_token":"BQARZPGP3UPnmaFyfCdVgxL-CyHfHs2fTnyNZQV0lSU4T4A-m8PJFUqug1RGbHvbKiYRfTs3u6XLgUHevhd45ztYhW0tkCPbZYYfhJg3iZYIp5tXBFaiXCoHENAWRCqmY634PWfIA5vPjQXLMmOEkfdebLeYz_4QZiwwuNfPx2tHAthMomRa3MuxbqZ2atoJkFqGsmZfgnrq1anAW9SmcGWaF9p_nH4QQsVqO7QgvgeYVm_10HJnRxPpws9h7rGb","token_type":"Bearer","expires_in":3600,"scope":"user-top-read"}
Spotify response status: 401
Token response: {"access_token":"BQAzoLF2iLiFD65l5jyOM8eNN0JaSepBsx_D75l-V7FZjoP7kKVnu_-cSHBo70_cQJPyC6_TuKsqDm0lAX-5iLS5KzpHraKZdLmlIk6l0Fz_DFLfbJ58QwTSbe_l1At3BdeccLhJAK12SSJRUCu81VbYsJal45Qx99tzEL-FNa2oJLC-H4NEYZbkl3Y-shpLK3hhFxRBcr7Bqyr-KWz84wDNiyKB9a_vuS38zx62Tf3vap68yMKma9DbbHfDzAkl","token_type":"Bearer","expires_in":3600,"scope":"user-top-read"}
Spotify response status: 401
Token response: {"access_token":"BQC9aFwoT25yB1zgfI5orlU1PXCr3vQurbJcyWHMiEtYVs7hRLT87KoMioxSuCJIn1-FcmsXaAaBytVfJk0oL1LBWd4trhJsLd7dCg8Cvyo12evVVlxTzSXr_Ms_QjF7lIcjSssfjKUU77gXvoHhhsnR63qOXgi9NcTIpt_YjT7-qjYBv4z0pV2gTCP8-RfA97cSJRa414maKpiDomIhnu7Lz2jDCpwJ-H-urtj7ahcGHzcTeSAAhG1EHO1pQtEe","token_type":"Bearer","expires_in":3600,"scope":"user-top-read"}
Spotify response status: 401
Token response: {"access_token":"BQAGCOBBgIYTXsPw89Y5QrSRAzPt-K0Y10ZHNhbKvuKHMgCDMrq6ZPP0Z9m6CQPUrRGqBYobL0-450YEXx0Tprsn4pfJitMujIL0bLwKVZW7QUARzLUrla6dR7sV2ZTdhFCv-GV21lq1fvikdHkW5RAm97btHM26x5UnxRug2soBM2TG8soOv0cfGeogkWpkLs2H9gVcXGTnQtzyou9xeXQB0RRCvUh98sMsizH1IeOn3_OAP07iCA0qxqF48GB4","token_type":"Bearer","expires_in":3600,"scope":"user-top-read"}
Spotify response status: 401
Token response: {"access_token":"BQBAbgmgORf8Pf7EuTAZQwTXG_A4LQ3H4UAodrIW4RBKVzrgD2CxEjJX5TGZohAT0c31cyrhLIt4tvzi7dnv-fHSxSv02-akULF_44zVZScGJfUqnMvmEAc6UAbvNU_GxXMNTjsLzK_g82T6KPupSnsLfXl14rcpiL8Ra-r5Gk2Dmmm_VTHEFMLuKJO3Ve9mkYs6LJU0qjpuM5E4LnjI06TgRVv2BO5UfWD4xQ1nXvZgBt1tc27hypLOKYxnwCV1","token_type":"Bearer","expires_in":3600,"scope":"user-top-read"}
Spotify response status: 401
Token response: {"access_token":"BQBqY2P5WM8wNVqeTbYUUzp4MShCFOZKo7ALclJzEGY1J_AHrcwM91F_MXpVt5z2QQjynCSLc2F_T8Kiww1gWx_zpt97Fv4GYCluh9pn10rZsfu7mZo1vSDj4jRMWwA4qUtC1P5BBzNNq0KbEJZpNhWn1MuBXPbD2YVQwMFs1_mpa8lUNXWgZ9JIbGsHMdPmXkDgjSSNftK5hP5vtmksU1AOnKgqAHzMXrqcrO42YgCN53nAPyBWBXYNEkHGpKs4","token_type":"Bearer","expires_in":3600,"scope":"user-top-read"}
Spotify response status: 401
Token response: {"access_token":"BQAipSsRAeURuH8aEqbvITRPbIP05iEqDPt7X1j5_MX43MAfQqISEPBdhznXFkJz8L_G-z-gAI6TwZJFdzC3qCHXM5RUVT9QrrImGahIWxhsjcZCohPyDa2ePzBV93BG0konkugIBeq9zhHGLT4WzVbpSJ4zwv6AcbFUUqvrFKdR6YLailXRY9HGnNtMRMMV54-LwfKxGDIcTgzVrDA5vRlxioaEdHbZ9gI5yffwQjaQ8WzO8O8Dwi19GZrQOyiF","token_type":"Bearer","expires_in":3600,"scope":"user-top-read"}
Spotify response status: 401
Token response: {"access_token":"BQBbnWUocsCN1sC995WkTPUCIQjp0J41E5j6VtJOYNDTYkQBfMS4RlCmOkymuGM6CWXyMkHE0BQwCPUKwwTKq-WeMScQhp804p2jbOGGSNv9KgGens-yj6tA9sQxAk6Bwbd0wLaDXNfkaOaB4tR4hzyAlTaL6oMcOakcnF2gL_N16pBdkjHIkzcBLvNldAZ5hrgXXGNOJlzB4Myl4J9il4dM3o2uwP-0berJ_PKPEYDvp4t_z79XhvTerqfo71Ym","token_type":"Bearer","expires_in":3600,"scope":"user-top-read"}
Spotify response status: 401
Token response: {"access_token":"BQAregrX0kUTfERR-VfX_OotnnNA4lGpLmyxY_NUnhn_cIP0geJR5r7g46S4oYVhPY8SUYZ2x5-GG7VXm6Ix4tWpT_l76IbeyXtkUYI_HR9yDZFGlpc_VDi-2MLLm4y9VFojlPxi5k808VQ4h0Q8IriiC9-0dK29Br7gaxP_lW3xCZQbRL4Hq7UxXUCQJl6UFXzQvyMzmNgG9mGW3Wvn3OZn_TNX97vM70NOQHUXWslKk3c-s_3hjWvQBW4Mbmj0","token_type":"Bearer","expires_in":3600,"scope":"user-top-read"}
Spotify response status: 401
Token response: {"access_token":"BQAe7G7ZYqWhSrvFpaUJTkJJp3xeiE34A6sTFFO62pM0q-2ns2RMe0JwK92BoAS6BIAgUvgjlI4cMC0l45B-vJuveOt-sYNk44PiHZ0k3uH6Q7VKWhCMHPJCej2tnx-RSWk5ZsyD6h-w2BuDGc3IpuUJH3litNHrFISm34qiRebj_9a5DhQOZ9SfmH4B63F2FDJlVsubMN2hePQFoS5uqFitECCsTaebukl5OVcrHzaTv5DD2ZtxnQGdbkvPQvX7","token_type":"Bearer","expires_in":3600,"scope":"user-top-read"}
Spotify response status: 401
Token response: {"access_token":"BQCap7PQygMmjn6Pyyqk096z9XKcpQwiJPIebHrJrmzdqGrriJuRx4vYWWzp2kdkbKgFUpAV6O0jFjH6etZOHb4nhqjiakORULyXAITGgiIE94OAz9OgLfU946K6rwnoC7lmk-Iml3Eb2JW9mbFaLlik11Xv-lj4045P5F9PQRZLainWlEQMAdCbu2WWadKYfHyK_X9xkkttw_RGLjaL-gOjE0VVtQH-hVxPT14EEbSllHBzel-KqxIOwD1BcXIX","token_type":"Bearer","expires_in":3600,"scope":"user-top-read"}
Spotify response status: 401
Token response: {"access_token":"BQBdxcISKqnLlpE2Q7TqNvA52l-SedLSo0J8JXf7MwQcKT1Bl20L8GtN6Qg-xj-5hC839jV6UdR6SrNJJJha-8UF-GY53ZmaZkGZCOrv_qC1gWaoHxutJR0REi71MIFx25PoddYrhQw1aECbFQ2SW3WFdTfpGPofSz020LJBezzDUSDtEVuRClB7QWewSzKidQrx6T6EFzgdiSGlaWialylrxlEg2L_ISSW00BfTGH8vp8qYo0NXlTr4Mn_bxltR","token_type":"Bearer","expires_in":3600,"scope":"user-top-read"}
Spotify response status: 401
Token response: {"access_token":"BQC-PRHa0a2Fxi8yfHN_4zwZL0bvIpeC2rQYsUOfTsqtymIKRRJMfDa7blXkpqHXViqsGpIJd6JylDtcCGQq1f3b1_Crmrxez0PT7dcKID7Nz2bwOWbpPSzppbodFwO_9P8RU6EKM2uVj0HbPCzR3J3jk2ZyL1Txqam_wx1aBPNcuA1caaiNT9tvpIV4lM3t0zmMVjfbc0xz6jaIHXvNe2uRC0RLqIUMwgK-keyTSIfjZ0Vg6vtkcOdAKSBTmDVP","token_type":"Bearer","expires_in":3600,"scope":"user-top-read"}
Spotify response status: 401
Token response: {"access_token":"BQBqWRARPnpLj1qQdGSKvehhWalpp3-G0_9S8u8hIg-Roe82eCGqM5Rx8jGIpefW2odONZOzR0eaqcCj1pIW2bTjLB5BQqe4yG-E2Namb3D8IAmRvwLnp1eGCfHDFAsv-H3sXdK9NeWhNcjOgS9Ij9rtH-LXy8KKMmlN0v14qCv4LqLqXTIXTECC33FGWTdYZGRjCeEctFSpBPG4EE1MqujtDfuIptb1c42qQsD3_EwIRpr2HorxJ4tF99bSQ8fVwRspeg","token_type":"Bearer","expires_in":3600,"scope":"user-read-playback-state user-read-currently-playing user-top-read"}
Spotify response status: 200
Spotify song data: {"is_playing":true,"timestamp":1784230108106,"context":{"external_urls":{"spotify":"https://open.spotify.com/playlist/37i9dQZF1F5p3rmiWPIYgZ"},"href":"https://api.spotify.com/v1/playlists/37i9dQZF1F5p...
Token response: {"access_token":"BQCsYzNsue4-gUI6fYW8Cma_167vF4yT6MiFiP-tx9IvE7ZV1nfQeI9-J2FmKWZNzcBlpAs2JPSQcyWE0GVjJVbirrfFv70fSyjJ5c11rhRbNT7mY35W0AVLONkzPsFrS8yHO3IhzqeoSyWJIZloYCIHZs0B4gdoSuYtdBQGdbUYTCyGFiJoRjpd5PwxRWsS7Z-WcDgrn61ESIFEh4lfNfh0ihNpFBKVyVVmy7cwxwiW3ZYXVQC2CHSMM6Q7ShP8OOoAOg","token_type":"Bearer","expires_in":3600,"scope":"user-read-playback-state user-read-currently-playing user-top-read"}
Spotify response status: 200
Spotify song data: {"is_playing":true,"timestamp":1784230108106,"context":{"external_urls":{"spotify":"https://open.spotify.com/playlist/37i9dQZF1F5p3rmiWPIYgZ"},"href":"https://api.spotify.com/v1/playlists/37i9dQZF1F5p...
Token response: {"access_token":"BQAfCfaIS6vmHiXas8i1hGUJnRDiZ0aUH9h5Ba4uXJ5bmmZuHNPfLBPJxfgov0u5NsCKoj67eIZVF-SARko_0C8Fer6Rw3oGxtX-8334mwUKOv5ZlMaMey5lxry4zjqS7xPhBwcH_q-EdMUQOsThSxJW7mm_lcXfRUFDi0beh_ipGL56Yt8kTbZLLvSCYs-42Q6mcs3F1NeGpwZtT6e8VavNLrUESdL91IjOFpBxPMkRlTTQYlvTUdFYiYXB3qyujvflww","token_type":"Bearer","expires_in":3600,"scope":"user-read-playback-state user-read-currently-playing user-top-read"}
Spotify response status: 200
Spotify song data: {"is_playing":true,"timestamp":1784230108106,"context":{"external_urls":{"spotify":"https://open.spotify.com/playlist/37i9dQZF1F5p3rmiWPIYgZ"},"href":"https://api.spotify.com/v1/playlists/37i9dQZF1F5p...
Token response: {"access_token":"BQC0p1gC_nEGEc7U77l17-OMV7D-szAmGxFrNFFTUTNPUaD4_Np2shx5uFOv38vXHKa3rezdmVtchAwh1mfb8e8GARGVUmIfw44SMWYVYT2AEzy3OdZ5ibVaZohIRB44l9ljkcgnKNzyWSsUZHyCXIOuuA89B6X0aHvnW4-4wUl9mfhofmwcMvehI1zbBZQ-vhP7Q88BIWT0c5Ta9oNCozQMgaLpDvurr93r2n47Oa1MfCUUqv4nKIuhyaXDaQqfM5lzHA","token_type":"Bearer","expires_in":3600,"scope":"user-read-playback-state user-read-currently-playing user-top-read"}
Spotify response status: 200
Spotify song data: {"is_playing":true,"timestamp":1784230108106,"context":{"external_urls":{"spotify":"https://open.spotify.com/playlist/37i9dQZF1F5p3rmiWPIYgZ"},"href":"https://api.spotify.com/v1/playlists/37i9dQZF1F5p...
Token response: {"access_token":"BQDh3YAOoX6tJf8ZbmCU807y9S-jwVVpzlixfewHalTVv6lE65C_s4coKrxOtbeS0bb1YCpAFZyABR2KfjgAUp-7w4EcTT6pQOlUcJE9kjD-dz42viAU3tkpsT8ELfyJzdOtSMcC4dzyOKhNrRRO0e5nIabaIQjeaub1WSkHiKhZjX1Rul5TzAxRN1B1eNnt0G_ZARecgKb455qU2DismEGP2LMl9iqF8YgNFtDeO6na2FuvzC6SYaLNYGvO8u1ZsbCwqw","token_type":"Bearer","expires_in":3600,"scope":"user-read-playback-state user-read-currently-playing user-top-read"}
Spotify response status: 200
Spotify song data: {"is_playing":true,"timestamp":1784230108106,"context":{"external_urls":{"spotify":"https://open.spotify.com/playlist/37i9dQZF1F5p3rmiWPIYgZ"},"href":"https://api.spotify.com/v1/playlists/37i9dQZF1F5p...
Token response: {"access_token":"BQDq_ylGfQXt8AgF7DlQJmLBwVRET9XthyLOZgQCYUX9ITzTPANY5HSyJydpRtltAljK0idkTaGsnkBVIRg9jFnVADD0r9RJw6wgZge1YqBI-UGSuBVNn32RB4-yXMppUO9DwC-vwHlxqHIBcI_PsXCS1XPuvV3ajufzCd4uggArhmM-ob20GBueLP4lqjqC5R30QwSXC0XI9Rl-caJaD9kXiQ7tK10OAvCa6UyShFD0eb-zAoXmBXqesQzUPBcRM1R6zA","token_type":"Bearer","expires_in":3600,"scope":"user-read-playback-state user-read-currently-playing user-top-read"}
Spotify response status: 200
Spotify song data: {"is_playing":true,"timestamp":1784230108106,"context":{"external_urls":{"spotify":"https://open.spotify.com/playlist/37i9dQZF1F5p3rmiWPIYgZ"},"href":"https://api.spotify.com/v1/playlists/37i9dQZF1F5p...
Token response: {"access_token":"BQDmJr46TreLjf9ATP_x-UgsflRaJBYB2J_W3_xi91EA4_QtqHCleY1oOGeTdElNZdYbDP0Ibn1Dq7z1vpHqK46IpBcXXqSKGQUYl17wsPIqoscaoGzCXFuSt3PrEgMm0RbNz0eTWEPC5xvNocYwCJhe9p1w_iYP7ydhxLivgh8FWMsXSm3eiwamRkFt6w5PZ90LRAA99IZIQHyHVqXG4P2YzfmRPeh72bIEdLEPKB5_iQ-QITynD6TSN9zvBGTjZpCaQw","token_type":"Bearer","expires_in":3600,"scope":"user-read-playback-state user-read-currently-playing user-top-read"}
Token response: {"access_token":"BQBpN3M-UunsmwBMDx2u1Jpx7cr8jjLls2brpzG9jbCDImoRj85QtvwOp34rCygzyNi2W7C5r_FXspcvZsqiyQbduPeIAsEUjop4bAWHvfdnYJl9LtKhvsexGAPXG2zKazSr8UFMbmdSNri5AGzyXS1kNwSmdy0CFNesIgFQZsGoN8n3Endw5v1DjvmlqD_b1qvmo4gXldFVaJUFuqnW8qjXESfT0mpdN8JvX3uOTiisGsxMbsNklTdpcF82FoC0Em__IQ","token_type":"Bearer","expires_in":3600,"scope":"user-read-playback-state user-read-currently-playing user-top-read"}
Spotify response status: 200
Spotify song data: {"is_playing":true,"timestamp":1784230108106,"context":{"external_urls":{"spotify":"https://open.spotify.com/playlist/37i9dQZF1F5p3rmiWPIYgZ"},"href":"https://api.spotify.com/v1/playlists/37i9dQZF1F5p...
Spotify response status: 200
Spotify song data: {"is_playing":true,"timestamp":1784230108106,"context":{"external_urls":{"spotify":"https://open.spotify.com/playlist/37i9dQZF1F5p3rmiWPIYgZ"},"href":"https://api.spotify.com/v1/playlists/37i9dQZF1F5p...
Token response: {"access_token":"BQBtdKyK9vCZFNwRF5VDJMx05oCj6qdBtv8wOZoJne-vJdCuJLJ2HQ_OnSbKssswyRlGaC1uUJinmcV2-cBivTUrBCkjMUoXR7p3ZsxX0BrFeSj8kPXf371lryZfglqU2PSsz9ITpqPHTP1NUeHfqDaA32mkqIlcxRt1xSnvbK5IQ0MQKTz1d_M3fr6yY0546tzcD6dTyksg6-moLXrewFBGJ8v756TapWrJmNo0gFZVuITnindEvrA6f7t6-Ud74J5ZEg","token_type":"Bearer","expires_in":3600,"scope":"user-read-playback-state user-read-currently-playing user-top-read"}
Spotify response status: 200
Spotify song data: {"is_playing":true,"timestamp":1784230108106,"context":{"external_urls":{"spotify":"https://open.spotify.com/playlist/37i9dQZF1F5p3rmiWPIYgZ"},"href":"https://api.spotify.com/v1/playlists/37i9dQZF1F5p...
Token response: {"access_token":"BQCmJWZzVS8yr9F4Y39vuVbXVXJ7nTtte8c5SYNwLGCyy1DDWdIG3ziU8qVjyozIr2yQ_9FtS-aRcTr2IEu15rft54RgtTxae-oLme4OUO9IkANhyDzFsTeds96ihgq2U5Bz1pqHS7DccyEGnLCvdtlwPaUOrOS-z5H5FBnUxEYxsnowcWZ6U1R1_Bo62eCoH8GF0YSp87YTzQbTgbwqn169UBtBybHJlLyt7-1v4CPz0EDYpHKsuSekhIauxXFe8D_shA","token_type":"Bearer","expires_in":3600,"scope":"user-read-playback-state user-read-currently-playing user-top-read"}
Spotify response status: 200
Spotify song data: {"is_playing":true,"timestamp":1784230374042,"context":{"external_urls":{"spotify":"https://open.spotify.com/playlist/37i9dQZF1F5p3rmiWPIYgZ"},"href":"https://api.spotify.com/v1/playlists/37i9dQZF1F5p...
Token response: {"access_token":"BQDcr6Cb0U9eelZgmC1pOh-Xr3UJE8WIOJWc1B2_5Joe1xkBIGkIDJrUim6wtKU39kdQeeHc2T69lPwqLYElRh5UzamHgzmESQJc9WgZY_Nw7lsmnrqlC8p5VUd-E35T86lLKuTzwM30JJ3HDx8NfanTpChLmhxpW5RA4fYKVem472PIUUBJBIIZ_Xl_m_zU9NMse7fvdIueEW0QtmlkSvPalRSeoSCwjOJFfftyWcg6SCK2ZSDOgxu2AzuPqwC3ezzleg","token_type":"Bearer","expires_in":3600,"scope":"user-read-playback-state user-read-currently-playing user-top-read"}
Spotify response status: 200
Spotify song data: {"is_playing":true,"timestamp":1784230374042,"context":{"external_urls":{"spotify":"https://open.spotify.com/playlist/37i9dQZF1F5p3rmiWPIYgZ"},"href":"https://api.spotify.com/v1/playlists/37i9dQZF1F5p...
Token response: {"access_token":"BQAvsM6NKeZi9trJmC_GoEw4_9eF7VtbhcY7Ho5UZRibl2Oqx8QBBYK_kP8Tnit1TbZbZ2mGyn5b0SrvwbcSfQvf68hvT3a29S2607DsY4s1v0Zyrrn8DWRQbJEPFq4kRpyfUUWqpz_vNNN2RqXZ9JdLPOfgxVItNfo-mNpsdxP9vOT-JSPt8bQdjg1aMg8JNly1qhcXe5GI1_fuaMiKLlaVrqCyr20-QBm5cdKIpL_QRp_tE_-Tx6wLf23OxocXf-IyaA","token_type":"Bearer","expires_in":3600,"scope":"user-read-playback-state user-read-currently-playing user-top-read"}
Spotify response status: 200
Spotify song data: {"is_playing":true,"timestamp":1784230374042,"context":{"external_urls":{"spotify":"https://open.spotify.com/playlist/37i9dQZF1F5p3rmiWPIYgZ"},"href":"https://api.spotify.com/v1/playlists/37i9dQZF1F5p...
Token response: {"access_token":"BQCdNaMxdOfVUt9KYfAvLnBMCvVk2OImAVPbIZbArz1M-jA5iuVE5DfgGp4hDgv5yzA_HFqpsmgQOOoMdmutJXIh2k4k8KcAe9esNy89IJqa66lH8b3rT3a-taEfC6U3Oa51T-uyJcErdziDSex5WFAMBDIo1mNkAJkoCwBfilZ7bTVJsEQPv5e-uq1xVJinoVvgEzwEQ1XLpKKyvKqCUlRLFyXyOdixy9jKeoc722Rj9bhCm0GDvXaqWawDOK1XKGlvog","token_type":"Bearer","expires_in":3600,"scope":"user-read-playback-state user-read-currently-playing user-top-read"}
Spotify response status: 200
Spotify song data: {"is_playing":true,"timestamp":1784230374042,"context":{"external_urls":{"spotify":"https://open.spotify.com/playlist/37i9dQZF1F5p3rmiWPIYgZ"},"href":"https://api.spotify.com/v1/playlists/37i9dQZF1F5p...
Token response: {"access_token":"BQADE1VbqkrOXy-eLuVghGpX49w_cuO_dNs4Ur3_DnyHL2iwZAXnrdlg4U18vtxzWIbEOfR0_CJj-aUJUmARIinhfQkOKrLzEglDHxbFIrhViRkoxU-2RAdkteasvL7ZgUnDbkuZMgXYNxeAyjpDeABE-iTGszcyTunlvy-nOoYEys-qyKfjpL_KVGnwYwBIDd1Ch0MNyf8pWMysZZu264Lyw9lexGu0bt4p1IfBjMM_NvOBCNjASNOUzqyHc-3X--lYFA","token_type":"Bearer","expires_in":3600,"scope":"user-read-playback-state user-read-currently-playing user-top-read"}
Spotify response status: 200
Spotify song data: {"is_playing":true,"timestamp":1784230374042,"context":{"external_urls":{"spotify":"https://open.spotify.com/playlist/37i9dQZF1F5p3rmiWPIYgZ"},"href":"https://api.spotify.com/v1/playlists/37i9dQZF1F5p...
Token response: {"access_token":"BQAWmg_xTlGNSqQor-EFu1TgEGXKLAHXGDXLQMKvMS98d8NykkGZXO1HCNZChV4y6hw_tHQ4Xawcqjfx_BOQ0mVGRkqZ9WzxlVD-VLgAX0BgnI2-i9CguRIRgy1Dsm1wrUTjBLo0V1ttdvgi9h7hHEltOi5W5FqkeR2qVd7Ked-Gy5rC_p6tQv3wuDawlBfcHw3QaBYZT0oHVQS9-kXtlDa7Oh7PdL_W2uUIM4aEt4vrKwE7nzF6jsgidJ8HKeaBgr9Amw","token_type":"Bearer","expires_in":3600,"scope":"user-read-playback-state user-read-currently-playing user-top-read"}
Spotify response status: 200
Spotify song data: {"is_playing":true,"timestamp":1784230374042,"context":{"external_urls":{"spotify":"https://open.spotify.com/playlist/37i9dQZF1F5p3rmiWPIYgZ"},"href":"https://api.spotify.com/v1/playlists/37i9dQZF1F5p...
Token response: {"access_token":"BQBrRMc84ZxVKSQ3RUfKRS3b1l5J4qzw1ZwTdJtQjiobRfbNCk4AlRH_IjnNz5DwD512_luFrFO69H9eC-iOyQ0vSGDza4dwyoILbdV139XW5l3UdjM508rBVq1IT3r5-OUOvqMYE21pMn-0uE-Z5PkpbZRo-cYGsRF0l9vebAIGXsRgSLAZDyK5QJFAW8kpBi3SWAJTIin9URLkMrhH-2RI68HhyyNo9a6yXFXw0OuCeqYxmqnd30rMp8uhFaRK5PnhLg","token_type":"Bearer","expires_in":3600,"scope":"user-read-playback-state user-read-currently-playing user-top-read"}
Spotify response status: 200
Spotify song data: {"is_playing":true,"timestamp":1784230374042,"context":{"external_urls":{"spotify":"https://open.spotify.com/playlist/37i9dQZF1F5p3rmiWPIYgZ"},"href":"https://api.spotify.com/v1/playlists/37i9dQZF1F5p...
Token response: {"access_token":"BQA6MuHIOr3g4wWAhwNEmibSweNbHvmjaf87ba1BMqmQP96P7BIKNInViC64OZDDbGlm9AAC11G4BYtEgI0HVRBxiZArt7akH8rbDP23FBkoUbmf6GaxLf_SEtIsww5v9BBAc-QVHB0LKmCq8BR6Yo7Z3A6Q9doMgFosUbZ6dibXEykm0mNs2nwG1uU6gZsqDAaySJCoXiDezEr9F9aPIaywDl9cswESjUdHsBqNhwMqoLKxFAx55yZNePLm0LKhxXZ5VA","token_type":"Bearer","expires_in":3600,"scope":"user-read-playback-state user-read-currently-playing user-top-read"}
Spotify response status: 200
Spotify song data: {"is_playing":true,"timestamp":1784230374042,"context":{"external_urls":{"spotify":"https://open.spotify.com/playlist/37i9dQZF1F5p3rmiWPIYgZ"},"href":"https://api.spotify.com/v1/playlists/37i9dQZF1F5p...
Token response: {"access_token":"BQCG3ex56iKj5esgCo--sUpI5nLdqDRTSRgYb3wqoqHQxgqjGjoeAvXKNyXocz4OXtJZpxgoVYsowV9QmV_naWP7lyf9yIUZee3ED-n_QKrcZu_JbeIZWwgaGd8Jzn8ZnvXxriFeWur9G1h5Squf0L3WxKqwKSbM5vtfpHdCMQb1V0j46GGm19ueGod4X6SLbPfHsd1wLU0pj2Ymt8aaN4W8-b96IlgVaZcUseCvt4ycQPoO3rJ4U-G9VItzMljh_Orwxw","token_type":"Bearer","expires_in":3600,"scope":"user-read-playback-state user-read-currently-playing user-top-read"}
Spotify response status: 200
Spotify song data: {"is_playing":true,"timestamp":1784230374042,"context":{"external_urls":{"spotify":"https://open.spotify.com/playlist/37i9dQZF1F5p3rmiWPIYgZ"},"href":"https://api.spotify.com/v1/playlists/37i9dQZF1F5p...
Token response: {"access_token":"BQBvtcAXxciCAUc0ixpo8a6DdSj3E1EB-QNFhmJAtA509Q-8CLfU860nWPj4Grz3cIFO11ExV5UGOqS9h--qEuvMmkT6Ltt2engPAajRyYjnBT9rIVvmRfGes5-UmYLwvkz_Dn0lKxlpaG7jyExh1TFLE0MTiin0g7tkeFviUd47KfEqvS8-QbyUHVEK00N7rsktnsGIlev44Z5q5k0Iqe4d25zSvoFpjXfvyiDXDNs-ONpxU-jNShH1IO5jwRZwDBoR2w","token_type":"Bearer","expires_in":3600,"scope":"user-read-playback-state user-read-currently-playing user-top-read"}
Spotify response status: 200
Spotify song data: {"is_playing":true,"timestamp":1784230374042,"context":{"external_urls":{"spotify":"https://open.spotify.com/playlist/37i9dQZF1F5p3rmiWPIYgZ"},"href":"https://api.spotify.com/v1/playlists/37i9dQZF1F5p...
Token response: {"access_token":"BQA1kFcO-tD1JcBCbN4tI3jQZULAM0cRAi6uaKrsBLn3dS2Azv-IqLBxbx05c5Mrp5fD1062IPooKiigG_XVKfnpYM3fWg62oxTZgMx-tbdYvW55uA9h9HTY6xcbZlC8_mmuh71mnaGpvE2n_vw0-JkdLwaKKnSWRhnToszusgjid-A0Oa129meJfhJfEk3-iRRoARMdE5OlsRQNs5m7BgpUhtzr5bGlW5sYbYipJehOpvqMpgtsxm4a2HR52NbcucsbPw","token_type":"Bearer","expires_in":3600,"scope":"user-read-playback-state user-read-currently-playing user-top-read"}
Spotify response status: 200
Spotify song data: {"is_playing":true,"timestamp":1784230374042,"context":{"external_urls":{"spotify":"https://open.spotify.com/playlist/37i9dQZF1F5p3rmiWPIYgZ"},"href":"https://api.spotify.com/v1/playlists/37i9dQZF1F5p...
Token response: {"access_token":"BQCas2tyDJUynFMrGPE4nJnfxXYOvjhYdd3X6lJSN6nTCT54_ByCmP-H5DHU3rv6tm3Bah6MS2a9bZZLft53du9bUmh07rX1gxfM_xCGId4H8p4_ZW7IMGC0eDazRXsRStFVWNeB-yoFcNoDVZ--QROgh6nQZu4zB9Yuqbe-41we15b03mgKsmksr2lgvKB0erOTo0cjR_kg5VFrZUc1NWfsUOi9gAn_oGqfLXdELLASylBS35qB0RMy-jVz5wyN3i4Ncw","token_type":"Bearer","expires_in":3600,"scope":"user-read-playback-state user-read-currently-playing user-top-read"}
Spotify response status: 200
Spotify song data: {"is_playing":true,"timestamp":1784230374042,"context":{"external_urls":{"spotify":"https://open.spotify.com/playlist/37i9dQZF1F5p3rmiWPIYgZ"},"href":"https://api.spotify.com/v1/playlists/37i9dQZF1F5p...
Token response: {"access_token":"BQBW_Iwkzvu7a5JSBEzK7Nl7bDSrZKO49VSMj46I7w1sURKCsbRUQgvxZXPD9vOe9JtQUkI8GV4I98MrNkGOyvRbloqnLhdVGN6vmu3HgyL2dFb7ISyeZMsdOvUGnvHvX3UfCaJku3xWRg-sCH0oS44uBcbPe5MHgptiqKBu_WVxz7vfVJOzbVTmcPU_jguLrVA70_-g55Ok3Pp22p8AW87HwfqRpZy--UXxFJwfkwjrC3ErY1St66EgEwYTis203Gx3Qw","token_type":"Bearer","expires_in":3600,"scope":"user-read-playback-state user-read-currently-playing user-top-read"}
Spotify response status: 200
Spotify song data: {"is_playing":true,"timestamp":1784230374042,"context":{"external_urls":{"spotify":"https://open.spotify.com/playlist/37i9dQZF1F5p3rmiWPIYgZ"},"href":"https://api.spotify.com/v1/playlists/37i9dQZF1F5p...
Token response: {"access_token":"BQD3ZNnvjC2DljJdZ2z3pdyqDF6D7AaWOmGQtcFEFdkJygLxPJWjZuLOcfE2xOUzhWpWK3JTTW3Pr4vmsDGwDXLPaJmE6B4BS7j0qx2XF1MD6D3QPdVSPTrHaEq4okP0pID918NXfB7PsPTZ8bcJkR-iVPEOQXpQMqD3eNBJFz5B0y2b9Gca7xeqD4EbNmtHuCkxTfjWV0PnIg_TmvPpcUGGVe-21xd8iurhgJLYjJ_bGx7UG0K5XbqRg3khyNlfMdB52g","token_type":"Bearer","expires_in":3600,"scope":"user-read-playback-state user-read-currently-playing user-top-read"}
Spotify response status: 200
Spotify song data: {"is_playing":true,"timestamp":1784230374042,"context":{"external_urls":{"spotify":"https://open.spotify.com/playlist/37i9dQZF1F5p3rmiWPIYgZ"},"href":"https://api.spotify.com/v1/playlists/37i9dQZF1F5p...
Token response: {"access_token":"BQBPwFde1SCTNIvSYrtvsBJXjN-Ntkcq5G6j7BTUAxNMgdcGs50jdV06G4z8JB3NztWVZQSmt5pluTVffarkAWZt3szkfK1kNxf6_LMCMCIKz5YwcXo7005lToz8utse3kmw3qVI8yEOOalKb2smu0z03LHlqofnXZ1YiD0i-hPMHH9wSSvjLnu_PKg9ujJxjqU-w2sJUx22JoalV4xEiwlthDZamcVJ0lwNkG420Y95gGuVjQ3Bgp2qg5blHfALFSb2hA","token_type":"Bearer","expires_in":3600,"scope":"user-read-playback-state user-read-currently-playing user-top-read"}
Spotify response status: 200
Spotify song data: {"is_playing":true,"timestamp":1784230374042,"context":{"external_urls":{"spotify":"https://open.spotify.com/playlist/37i9dQZF1F5p3rmiWPIYgZ"},"href":"https://api.spotify.com/v1/playlists/37i9dQZF1F5p...
Token response: {"access_token":"BQCFN6nap3qYySl-tsZU3pNx2R-MSFfW3-gLGiLO-UjfwYv5sD_2GsZBsYHfDhgYy8X7NFjAE4btireN8PAeQTC1-hZtt4bUmqQj5WOWBRL96cvqfyL_ccN4eZSn4zpJrOemfnArF7xsfVzHm1s9XK1SSwB_BXnhRkuow7H7KzT8yZn2R545t9-VqE8pIVUFKZZ7xuj2YTxSGwZT50G9CCSSX-MQPwYYdPAO59AsNJq9ieJwT3b6e1SHrHVZWhM_KeFh0w","token_type":"Bearer","expires_in":3600,"scope":"user-read-playback-state user-read-currently-playing user-top-read"}
Spotify response status: 200
Spotify song data: {"is_playing":true,"timestamp":1784230374042,"context":{"external_urls":{"spotify":"https://open.spotify.com/playlist/37i9dQZF1F5p3rmiWPIYgZ"},"href":"https://api.spotify.com/v1/playlists/37i9dQZF1F5p...
Token response: {"access_token":"BQDbbuS8EIpm-Q2HIWyd9b8qJ4_5wNp8AzKEYkH_kW7Mxy5X4Sp66YdOj3jkrf2UOSuDhya-k_bNZNjE9ciik-pT4g7nmuGt_DMDgk3EUqeGMuePrWRehF8Bq31WC_dg-MePn2K38uPSXFIFk9SG_0mY0acdrSgeY9coOJbZN96H6rFPpJ-teZLCVAWjqFejgiilDRKj7vzmjPpDT01P6FANmBpz7b6llM2Sur4DISvl87pPwT0F6bBYqho9BI4jHxOTYA","token_type":"Bearer","expires_in":3600,"scope":"user-read-playback-state user-read-currently-playing user-top-read"}
Spotify response status: 200
Spotify song data: {"is_playing":true,"timestamp":1784230374042,"context":{"external_urls":{"spotify":"https://open.spotify.com/playlist/37i9dQZF1F5p3rmiWPIYgZ"},"href":"https://api.spotify.com/v1/playlists/37i9dQZF1F5p...
Token response: {"access_token":"BQD2IZLIxdDIMOQykS_Lgu8MjrnTU7IdiYQo2fgWmIHeSRkQNygY9CvInMQ5HK0ZYJcgLQZY1uSPpMklVqKFoWzNRQ5vM3nN8POEcCa9ksrNFVdD_W_xC5jfM2Bo_pendafjuLFe-52W5F0TFIajIaaM0jyNuWbUfIiB3ktXp43ZTP-kBOFOU4hPPjms8RcPNyF-hGUU1KJvWVX1Hn21lwRmeAvTvtx4j7Y33DB5F0d2XU3xL59s-vjbZDUXA4vo6Cm97A","token_type":"Bearer","expires_in":3600,"scope":"user-read-playback-state user-read-currently-playing user-top-read"}
Spotify response status: 200
Spotify song data: {"is_playing":true,"timestamp":1784230374042,"context":{"external_urls":{"spotify":"https://open.spotify.com/playlist/37i9dQZF1F5p3rmiWPIYgZ"},"href":"https://api.spotify.com/v1/playlists/37i9dQZF1F5p...
Token response: {"access_token":"BQBNTwZS9LJRjltvW1br5hCxA6EwY8yBkeIASPkWMXoOwenwAsuRhOKBxo9TZ1Ohnga8WTeAgxKLIkn9-_WNXWHmxV_q35rPY_7XfK2KieRKyJlluQYiUSq8aAhmYyFKcUQhkdQYwcuHArtD9mWxITQ9yiBRHgkKw6jc_HeQ699Ytt4rNUUuFnpb6w93g81r6jJ4eY-yEHSju7nN186XEi69qdpwYQJQCYCj4vtazBQ407uH7SzFnZNCXw72sC8VprPBpw","token_type":"Bearer","expires_in":3600,"scope":"user-read-playback-state user-read-currently-playing user-top-read"}
Spotify response status: 200
Spotify song data: {"is_playing":true,"timestamp":1784230374042,"context":{"external_urls":{"spotify":"https://open.spotify.com/playlist/37i9dQZF1F5p3rmiWPIYgZ"},"href":"https://api.spotify.com/v1/playlists/37i9dQZF1F5p...
Token response: {"access_token":"BQBAlH9bS_AGYrLXP4Msh8FJrS9vz1mYS02A3er_2nLr0iSRh3_TqjlOFtFqx-vI2vLbhdz35_ENQMLegq5NHjjm7Blk__GR7fL__SOTgHj1rTj0SZsKeMlSJnfsG4n_espBAx6J8zkKDJwkFo_igQ36oAKd4gLShaBnhMjAOMPTFwMWa1SL0RRAxcbRbEtFXTlSW_Hys1PDT2i9m5NdxVyBwaSPN3c9LUBfEcziJ5q2_u8SRPRPGxYjn9C9vp8_P5FELA","token_type":"Bearer","expires_in":3600,"scope":"user-read-playback-state user-read-currently-playing user-top-read"}
Spotify response status: 200
Spotify song data: {"is_playing":true,"timestamp":1784230374042,"context":{"external_urls":{"spotify":"https://open.spotify.com/playlist/37i9dQZF1F5p3rmiWPIYgZ"},"href":"https://api.spotify.com/v1/playlists/37i9dQZF1F5p...
Token response: {"access_token":"BQATerEhM0CtEHY3uSAHvI_ezLNlXFQy54jMHMBNIcFeHfwGnyJNFlJPDiwBGzbEzyV0kqKdiyIVpU3ghOjz0kxovcYzwcFd8b_xHdXXV2l3qFkl7_Me9gTugydVzxJZQ8gPET-8ITjD8Ho1WmfANycQRlVIVM75-7lVz6DjZWZdJR-MWNV9Rbn8HKs5t4c0kTEJsR9Y59zbmeF-cLf3KxdTWmGo5WGdeUw512_PlEAW5UPeGE0vNbFq-pHjqumItWyz4A","token_type":"Bearer","expires_in":3600,"scope":"user-read-playback-state user-read-currently-playing user-top-read"}
Spotify response status: 200
Spotify song data: {"is_playing":true,"timestamp":1784230374042,"context":{"external_urls":{"spotify":"https://open.spotify.com/playlist/37i9dQZF1F5p3rmiWPIYgZ"},"href":"https://api.spotify.com/v1/playlists/37i9dQZF1F5p...
Token response: {"access_token":"BQA9Id6_NuvkpBX9vUZnTZdxt4T_el4jnvYP2XsfEpJn2l0fg8-wGJIWbsDSj2OjModaVG8E-WVL_d08UGAK58mh1DKKxuXAJCqpxPdTeZzOREdW4HnOi0_azHyT3M_KyvFHeiLt-rQJ_Hj14DYs99ulCVjwthxPrKvr9NY8lLk1a6GfD9gusqa5l_NWdkRdq8ooGrqEAYIwQpWzyE1I2CfWPtpG4m0HwMWqHGSwcnNPJnqp1m5ZWOYfNC_Hc9FCDERFhQ","token_type":"Bearer","expires_in":3600,"scope":"user-read-playback-state user-read-currently-playing user-top-read"}
Spotify response status: 200
Spotify song data: {"is_playing":true,"timestamp":1784230374042,"context":{"external_urls":{"spotify":"https://open.spotify.com/playlist/37i9dQZF1F5p3rmiWPIYgZ"},"href":"https://api.spotify.com/v1/playlists/37i9dQZF1F5p...
Token response: {"access_token":"BQAfej02mQYigJoKN75sA709aX_whGYof1uL8TMPFjjCBAMsvjkD24rKP_sDl634BloHQE-tIunpa6Tf8APL9NeORsaPZ3pMhkvQmcjXYXz-Ru6UivJoidrFrZXN_98Sq27TG3RSFYeo0Nv6Fo01TPPqr7YBt0feumiEgI91f1E_IXz7edG_DsB-tUNrFlLU_TRVdksTzIzOF99btYF8L8LRxFSUPcmZkPbBJ1MttlQuSm0N_Bax0BjdTs-YuwB1HPjkLQ","token_type":"Bearer","expires_in":3600,"scope":"user-read-playback-state user-read-currently-playing user-top-read"}
Spotify response status: 200
Spotify song data: {"is_playing":true,"timestamp":1784230374042,"context":{"external_urls":{"spotify":"https://open.spotify.com/playlist/37i9dQZF1F5p3rmiWPIYgZ"},"href":"https://api.spotify.com/v1/playlists/37i9dQZF1F5p...
Token response: {"access_token":"BQDFNvzMTyeEb7lb0OebEaCuSOI0EYhgx7stYR6RNJKN4u2WFIAZnrgrj_rx6ix-s3qLdaUvunrrCSo03yzi2q-RF3-c-9p0ShTy7J8REDXvCDV8eeLHjH9oE3Eu0G_Qc0WS_ir8mRQ5ZP2piTfYZXJNGsLeKY3zRnGuXO1u5bHl-jCuZDAGvKcWBaGxG6Rw-bQKS6GcItxH1Kf0fiR4AAzsrlVtX6TdGr2lzWXDWB8PfePsGByZkGW1mXpb3aBtg1j3YA","token_type":"Bearer","expires_in":3600,"scope":"user-read-playback-state user-read-currently-playing user-top-read"}
Spotify response status: 200
Spotify song data: {"is_playing":true,"timestamp":1784230374042,"context":{"external_urls":{"spotify":"https://open.spotify.com/playlist/37i9dQZF1F5p3rmiWPIYgZ"},"href":"https://api.spotify.com/v1/playlists/37i9dQZF1F5p...
Token response: {"access_token":"BQCsrYDYDRb_hm1cVVKGuS85az3mDR3yl1xMqn4yQ57yTJl-hlsZP_M0_0wWHOix6BjT_MUEuKEwQefrXWjsemIBo4ZM3ffNkfJthdoBgzLyeLsErLGG7APTEHp4xt1Ydu_rcVtPVzAcLFVa6lYXov92r__b3dfD01w64A8GQK8UWGnnSRQExwfp9s7xL-HlZqol1huMyKdRTpvEATMtBjq-O9NvtlMIFTqhjLYX2mIeKORbAn5-xiA64C9KtKa1eMojfA","token_type":"Bearer","expires_in":3600,"scope":"user-read-playback-state user-read-currently-playing user-top-read"}
Spotify response status: 200
Spotify song data: {"is_playing":true,"timestamp":1784230374042,"context":{"external_urls":{"spotify":"https://open.spotify.com/playlist/37i9dQZF1F5p3rmiWPIYgZ"},"href":"https://api.spotify.com/v1/playlists/37i9dQZF1F5p...
Token response: {"access_token":"BQBjNxovXIMhl6vieVP1TfRfAdC39tZ_yboFMDt7OsACWVU4hhR8wFdcQDHIv0UTuHEFLcoUJnZCiFUMf8pKaWgUl19VubUs8l2DXaH_c1dJL4NDVqR17AeUrp68jN_62Fl-IYFUOtm-gZyGIlHAhvT3DI_M1S6eBS80BaR1Dy5LdJVWYT3F1iVaIhj8Qoo_Fa80d6vckvr4l41LlXfzSxfRk8eCo8koqBsRCkit_jUhS44HiaBF4uZTqGpOmQ3gaA2Ohg","token_type":"Bearer","expires_in":3600,"scope":"user-read-playback-state user-read-currently-playing user-top-read"}
Spotify response status: 200
Spotify song data: {"is_playing":true,"timestamp":1784230374042,"context":{"external_urls":{"spotify":"https://open.spotify.com/playlist/37i9dQZF1F5p3rmiWPIYgZ"},"href":"https://api.spotify.com/v1/playlists/37i9dQZF1F5p...
Token response: {"access_token":"BQBO1Ud_PiRkmT07ah1OdD7oS3FhhqMq7wJ9NClZ4V4OmJmUYpHzBEkBVofnYyYqQGnEZQNjqbFHx1uMdAnqnvG05t6kwomPDpDc_1tTXG8GHiulio8o4Wgt_Rf-ipZMFxwIqA3GYqaI9xqEJCRxOx3jFg5oDT21KA2ZmKJRLKZvTRif_9ZESVpJZcYcO4lYQqyU5I1aB0qdoDuHpBIDAsghmcVsVj_iBzhRDiDO393KqlrORgDExTBsziGeRlB6ByZPqw","token_type":"Bearer","expires_in":3600,"scope":"user-read-playback-state user-read-currently-playing user-top-read"}
Spotify response status: 200
Spotify song data: {"is_playing":true,"timestamp":1784230374042,"context":{"external_urls":{"spotify":"https://open.spotify.com/playlist/37i9dQZF1F5p3rmiWPIYgZ"},"href":"https://api.spotify.com/v1/playlists/37i9dQZF1F5p...
Token response: {"access_token":"BQAgWAXAWQbw7PKZNcBAsBi4i5gFMNupTE7mao9phcbhBbWutobEhX_U0DUEfGpt4oO-90pCDStHhIUHek9PPT2bOkDIaDCLg3bkhEjg2iXTSVKR3rPs8Irztc8ZNTl8JKo5SPvHOSLaQSm7cK-A7SX6sgjqg0FOqaBHF8wNYJV5FwOa0mSHXHGysgC_CossQsfl2yNd_jX4zIQxm4hASq2qhjmZrB1oKr_LgaLdGodrc5qImNz9y91UbkxqikeBUyu3mw","token_type":"Bearer","expires_in":3600,"scope":"user-read-playback-state user-read-currently-playing user-top-read"}
Spotify response status: 200
Spotify song data: {"is_playing":true,"timestamp":1784230374042,"context":{"external_urls":{"spotify":"https://open.spotify.com/playlist/37i9dQZF1F5p3rmiWPIYgZ"},"href":"https://api.spotify.com/v1/playlists/37i9dQZF1F5p...
Token response: {"access_token":"BQAbipGzOfcudC7aBOgVs6iwgkVGSpHBz6uO6sltZ9lWzAutqgjnbSBsh7e1ogKAICI6tAqFDqM0B4ghKJVktjox7kfMetM9NIh_rcGlIff07MavjDKvbAqL2mWu7QZFrsbKWVddqBL0iOfD2VSAfPtbDft1-vyNZOcImivhQQpzismcwjV60Z4GfaGn7Ugza7pGoPfU5dTBaXp-gqdoC17HNg0ZgPFB0vuv4OuyrPd1VNGdUVIaU4JC8CrQPoZ1xpceRQ","token_type":"Bearer","expires_in":3600,"scope":"user-read-playback-state user-read-currently-playing user-top-read"}
Spotify response status: 200
Spotify song data: {"is_playing":true,"timestamp":1784230374042,"context":{"external_urls":{"spotify":"https://open.spotify.com/playlist/37i9dQZF1F5p3rmiWPIYgZ"},"href":"https://api.spotify.com/v1/playlists/37i9dQZF1F5p...
Token response: {"access_token":"BQBgJRPpRZfbHy6hyy1bA8caj-UJhey196lG_FnFLWBP7DNnf1WePwTSIdmqEAWNXsBxPGFWFRe-C4SeGohCJFIom8DjTLIbV9AHXF49RpI_UxsHr_EfWsCZlDcIHcnUtgfUMDODhug9CZLnnTEUyNxYi9nnVvylEDIvMCZ9K8wLIhKQBMZJN82a64SPjiGAUP4iFsi6J_68YvgwoL7_5TJ7VwjcAz2S8Uxvr-jszFuVKpR1WHsk-tr0lId7WDzZQ_q_2g","token_type":"Bearer","expires_in":3600,"scope":"user-read-playback-state user-read-currently-playing user-top-read"}
Spotify response status: 200
Spotify song data: {"is_playing":true,"timestamp":1784230374042,"context":{"external_urls":{"spotify":"https://open.spotify.com/playlist/37i9dQZF1F5p3rmiWPIYgZ"},"href":"https://api.spotify.com/v1/playlists/37i9dQZF1F5p...
Token response: {"access_token":"BQCq0KvxttckxqSRi_T9TL043l2LChNgSOnMROcc5XPAHD9RiVUGT8h36FjTurLOboTxmd61-eVZOLtV7fCBSNpZazXuFz_HsnT2D2zyCaYdUS2_XWXM4I8E8r_BD2nlNFVhkwx1lFhlzX9lAOjUi46H9CIJCJpUfE6y8p2qEhSP4IDuiOud8e8aVkxRGaBrs4ps2YODYw2pfUypFT9vJ-sYuyI8JdKPrsDb_8vBotuyu886u41pjK59EMyafMeqsZbO5w","token_type":"Bearer","expires_in":3600,"scope":"user-read-playback-state user-read-currently-playing user-top-read"}
Spotify response status: 200
Spotify song data: {"is_playing":true,"timestamp":1784230374042,"context":{"external_urls":{"spotify":"https://open.spotify.com/playlist/37i9dQZF1F5p3rmiWPIYgZ"},"href":"https://api.spotify.com/v1/playlists/37i9dQZF1F5p...
Token response: {"access_token":"BQDq1BCquKNXvsRfmhpMziqZ1MfpSkM0hwJkfyxcH6BN8tqYcgAHXe-k0bCt9B57YFMJnc-7zE06jSRthed768svcRe-yZ_1N-wY1s4kp5jwL0-RslW8gsyL2qLIPbUOe7JMqbulZ_uFKLJeKDHYjpMsPxc9irvK0dsd2goGtUrft4Ztq8QDizwh6efIAF8EPjFFEaJNnxYmeOVdkK3mZgXySqeQCrJhdvxzKryOYAk7lVfrdnrEwKYqa-LjlrA610NIbA","token_type":"Bearer","expires_in":3600,"scope":"user-read-playback-state user-read-currently-playing user-top-read"}
Spotify response status: 200
Spotify song data: {"is_playing":true,"timestamp":1784230374042,"context":{"external_urls":{"spotify":"https://open.spotify.com/playlist/37i9dQZF1F5p3rmiWPIYgZ"},"href":"https://api.spotify.com/v1/playlists/37i9dQZF1F5p...
Token response: {"access_token":"BQDme4Hg-lA9qBojh-VbHnA_elMV74C-Rz4KafzcUgGSWpvyiJQCJclTqkk5mGqj1_GpCV-X8pBNYIJuNFB2mmMhLiYdqnVf_BLKWAg_2OgJwx20tCtGvUiJp1UJVMaKcJeeBwK-hIlB-QTjpNOtBdCTcQEr_j-clmZoDXNRqoHqPQpWRgy6XmNkKq4kll4feubu4mbwdEC79wcQYsZ6FL7TgWxTQZdUQ7QLNUCwDqsqWI-OpQpeDyklO75Sdwb21aGXCQ","token_type":"Bearer","expires_in":3600,"scope":"user-read-playback-state user-read-currently-playing user-top-read"}
Spotify response status: 200
Spotify song data: {"is_playing":true,"timestamp":1784230374042,"context":{"external_urls":{"spotify":"https://open.spotify.com/playlist/37i9dQZF1F5p3rmiWPIYgZ"},"href":"https://api.spotify.com/v1/playlists/37i9dQZF1F5p...
Token response: {"access_token":"BQCiOEn7qAXE1TaBFlT72tyrKqilSWvtIR2JuLTDWeV5lLMm9INF9CPRHUv6sTRPxyiNLm9DXyrVtU71GefsNMvxeUnWzPJCsDENrPMRtdSeJQNoQpKsXduVTRg-qvgvYTIM0MnJlK_nBFUQxzEwo4pDOSNIDmtLifGyPzmXWZzEfBkjgQMOgoYgPJWc7dGN_VLbv_kUCp42zOBFsI0Wdcg2rQDHEQVZ4MQbs8XT6Bg5FK9uY93Bnpu_00BIyXFsm0PE4w","token_type":"Bearer","expires_in":3600,"scope":"user-read-playback-state user-read-currently-playing user-top-read"}
Spotify response status: 200
Spotify song data: {"is_playing":true,"timestamp":1784230374042,"context":{"external_urls":{"spotify":"https://open.spotify.com/playlist/37i9dQZF1F5p3rmiWPIYgZ"},"href":"https://api.spotify.com/v1/playlists/37i9dQZF1F5p...
Token response: {"access_token":"BQBqGxs_rD8XNZVGrcdT5OwVUFH3x7DbS8AmU556zKntqRhvs9qnaS2OzVnL24egDtFX8Aewd-j6N78EJU72k-vPGXDsQ_dZbi66h0hTiJ_8qnEGADMKif-58VvWnCaa_mRJDDPFfKubpbhY3ZnSZcjFB81KBx9EBC23WayhIIpg1sbEG9m6YcVS4F5GjnVKTLrnfNaJR5HVjKR_HI77CoPxMT8GNsM26y4gWPg6hf272G4WIt0JsK4-NRgn7-neMwy3-w","token_type":"Bearer","expires_in":3600,"scope":"user-read-playback-state user-read-currently-playing user-top-read"}
Spotify response status: 200
Spotify song data: {"is_playing":true,"timestamp":1784230374042,"context":{"external_urls":{"spotify":"https://open.spotify.com/playlist/37i9dQZF1F5p3rmiWPIYgZ"},"href":"https://api.spotify.com/v1/playlists/37i9dQZF1F5p...
Token response: {"access_token":"BQAttQDUsngbTRyGwRebTJ9YocnOoQZVXQ7adpwcjRMQqcfQBkJFKNxZvGjmxj3ixX-8vZ95bgJ37BCr7BwjOcMSi0jP3v8FstkK_sNtJ96bO2AknS01LE2n3Muwpmrur9l1K8KtZbGIpOYmx-ntgbKrj60y0Yh-_-Ih3f75Vpq2XRETLtePtmI-d1fJSkslPlCxEvSJF3COLvgQg_Cr6e-D52L-PwP1UgD2ooagnfBI8L4DpmOE69pobCxXySvv3n1fDw","token_type":"Bearer","expires_in":3600,"scope":"user-read-playback-state user-read-currently-playing user-top-read"}
Spotify response status: 200
Spotify song data: {"is_playing":true,"timestamp":1784230374042,"context":{"external_urls":{"spotify":"https://open.spotify.com/playlist/37i9dQZF1F5p3rmiWPIYgZ"},"href":"https://api.spotify.com/v1/playlists/37i9dQZF1F5p...
Token response: {"access_token":"BQDO8JFKMt3kGOdLFY-YEieqehl01veXQvNedEmfmjgLDRq86_kDaPKPeU9itjDjJgzEjp_5HE4E8z1jgMrLrvQ6pLBqDX1GRxmCieVJKTsTb80Dj4K66W-_4nLw6Y5L-4iMtxU7-T-3PvfC2WnDRLC3Av7iE74DfcMj8Xzmquq9U26-Hr_OFGAwXCJh2GQAx3EC35eK1i96WAaD-3sPMCSEFK5VV_Y2P_EGKcb2ghbxRzhYUT91KS23v2lSu8UhsJWbgw","token_type":"Bearer","expires_in":3600,"scope":"user-read-playback-state user-read-currently-playing user-top-read"}
Spotify response status: 200
Spotify song data: {"is_playing":true,"timestamp":1784230374042,"context":{"external_urls":{"spotify":"https://open.spotify.com/playlist/37i9dQZF1F5p3rmiWPIYgZ"},"href":"https://api.spotify.com/v1/playlists/37i9dQZF1F5p...
Token response: {"access_token":"BQABph0IAJjVGNt2k8cfPzRfoDjd1yAGDZYo_ugrgZzmStV9VjjIVYoZCdlMJPe56kAkYUI2vNJV70K6WN1ol9GVsaOmxUIMJyEhXdGlqF6RrYNDvfM0RfVvNQ5swT8x5j_qGNl9z1pKfxpJV0rPWiok3diTAiYtLqzl0xQsrBweQWQl1_miO-JYX_3bJUR68Lhrey0_M3qzFaMC24CwcbA5_xTrclQ_xSzUareyVRKEA6xDwlMe0WJsa6TreOGYO0o42g","token_type":"Bearer","expires_in":3600,"scope":"user-read-playback-state user-read-currently-playing user-top-read"}
Spotify response status: 200
Spotify song data: {"is_playing":true,"timestamp":1784230374042,"context":{"external_urls":{"spotify":"https://open.spotify.com/playlist/37i9dQZF1F5p3rmiWPIYgZ"},"href":"https://api.spotify.com/v1/playlists/37i9dQZF1F5p...
Token response: {"access_token":"BQDZoT45_pR0i0txbSLRHQbZqMGpNWgCifweZOYiAXRBVfV911lpFkNjZlXZfazJmeuCIM7xC7DUDVH_3k2_ZBdRiVfW4NIAlLiLYVLtrwNyWsCHDqpaARGbx1iJ14wZ2FnYsPI_caRz90VcZauuiPkWJSSZBfHDmR76heMimZR1mq8dvLedJr1COvPe--HvmR3qDDqQNq5RxGrxzsS2TsF9n1SwIjYLSP1DsVIYlXzm7JzNGYTKpi_XUz6cs-yiUWHxpw","token_type":"Bearer","expires_in":3600,"scope":"user-read-playback-state user-read-currently-playing user-top-read"}
Spotify response status: 200
Spotify song data: {"is_playing":true,"timestamp":1784230374042,"context":{"external_urls":{"spotify":"https://open.spotify.com/playlist/37i9dQZF1F5p3rmiWPIYgZ"},"href":"https://api.spotify.com/v1/playlists/37i9dQZF1F5p...
Token response: {"access_token":"BQDoobborO5HLKuWH-Rg4H0CMx6LB6YAdZnMYxc_IGI3PHAF8k88Nik0OUqRSFQ1iRrAg4Od3JV0jzD5NQ_6NHbthhLctQdpd4MaqsnbwIGeilVFFaFhO1mVdxV1a8Cp9g5aCY0ipXwRgExKTVLuDkoBP4Cxdf0lYaFyqzzlcsjgCd6S9ZLGTz7_fM55H319dGUAyoM-X5Xj9brUln_dV-QHr8Mv0kv_CK2BrNj5XvvhRg2cSYKQgodvSfCDsF0tiQpDDQ","token_type":"Bearer","expires_in":3600,"scope":"user-read-playback-state user-read-currently-playing user-top-read"}
Spotify response status: 200
Spotify song data: {"is_playing":true,"timestamp":1784230374042,"context":{"external_urls":{"spotify":"https://open.spotify.com/playlist/37i9dQZF1F5p3rmiWPIYgZ"},"href":"https://api.spotify.com/v1/playlists/37i9dQZF1F5p...
Token response: {"access_token":"BQASbQDLR2clNZ-ygXzr32qXo_Otd1AtJdXgdTrqzWCyrSelm5VQQgRFRC-7HYBU2ldQah2mDU8DLHg9sCL5SpVIr9xVDjqh9dRWpnfLrrAK8yGYqPIwBU-B24fBL28pt9CTia-SN0RpgfRlVE_ikctvNZZzX_7dbeqcr90rZsibGE_BLx3DZ_Z1u9angwT4N4KsCJ1E3fBWW-uUX96LwqRoRoH6fSla__JVS0VLRV1ZIaFXHYpBBQ4SrBLaBzufMhCU1g","token_type":"Bearer","expires_in":3600,"scope":"user-read-playback-state user-read-currently-playing user-top-read"}
Spotify response status: 200
Spotify song data: {"is_playing":true,"timestamp":1784230374042,"context":{"external_urls":{"spotify":"https://open.spotify.com/playlist/37i9dQZF1F5p3rmiWPIYgZ"},"href":"https://api.spotify.com/v1/playlists/37i9dQZF1F5p...
Token response: {"access_token":"BQCOhafkx3tGonP0PI2y0JgLXYder2gKARMerR8wecjAKeZMQBJx_i-C7o0CgA_bdzzegM4aiepYvSRU3YnKa1mFFKzYUYOmGIgVta7EEV2410fAlNfJHiDRun9hVt_Ug_s1OdMIOsNXF3vThflarTl1Fm1JGt0dCu9xYWHTHLHNWCCMGM50_uUrCqXxOg2liIPBCN-wybLsm7_cw2FZPmCukpmoADfB5DUaZ-xgNha7cleZ3MblPZ4BYjsSVCn20xBx0A","token_type":"Bearer","expires_in":3600,"scope":"user-read-playback-state user-read-currently-playing user-top-read"}
Spotify response status: 200
Spotify song data: {"is_playing":true,"timestamp":1784230374042,"context":{"external_urls":{"spotify":"https://open.spotify.com/playlist/37i9dQZF1F5p3rmiWPIYgZ"},"href":"https://api.spotify.com/v1/playlists/37i9dQZF1F5p...
Token response: {"access_token":"BQB1Dpm23ldpSz_vtg9pkLiiv9opxxArgve89LxpUZTZK9FgaShoxBs5qlo5jx_si38o-xY6Jbm7QxKrV1yyZ7V2L-29DK4jkppHnuzQc6yB_PR71oNDEozPP_JXYsQUW1hzVtZAi3GnLtJQAOAH9X59RE-dYYuVnvYX-KYY_bfn-jHiz6eo91AjDX4KF1fJh0rDtMoiG89SaTzeQ6qCGnFBm78_1ai_QUkkgWDsXTmkUKZkGlmiwsg1dZDCluxdTZYwiw","token_type":"Bearer","expires_in":3600,"scope":"user-read-playback-state user-read-currently-playing user-top-read"}
Spotify response status: 200
Spotify song data: {"is_playing":true,"timestamp":1784230374042,"context":{"external_urls":{"spotify":"https://open.spotify.com/playlist/37i9dQZF1F5p3rmiWPIYgZ"},"href":"https://api.spotify.com/v1/playlists/37i9dQZF1F5p...
Token response: {"access_token":"BQAZ3Bw8p9b0whNy7i15wrsQ3kHD08kxTEpoEtYPvzFJTWQJ38JRLHHViw5AON7vkl_AZMwNnZ67DI-ZfLhGcpuLw-Yp27gkBpsBwlXnDMIFiD7Xgw2uLS4hvhS_Al4Q-FvQGA47jO3wNDb-paK4nd7F48jwwP_53ZFAEVPen59-kSEnIp7-twqfKSRbl-SjdBFQLU0hrCpO0wTo7JszFq-lbmno8jstea9VJJl4wdlhGcw40LA4YpDz2qX7FB7Vevw40A","token_type":"Bearer","expires_in":3600,"scope":"user-read-playback-state user-read-currently-playing user-top-read"}
Spotify response status: 200
Spotify song data: {"is_playing":true,"timestamp":1784230374042,"context":{"external_urls":{"spotify":"https://open.spotify.com/playlist/37i9dQZF1F5p3rmiWPIYgZ"},"href":"https://api.spotify.com/v1/playlists/37i9dQZF1F5p...
Token response: {"access_token":"BQBJrfdDZV8tA_Xo9spZtOJh7DOZTVAZbzMjfDqnEO64TZISTNT1AqHZYWGnXzKjVhxc2-PKPr9jFMDlpcenVoIOoDLwa_85v845xHvCLxgtV6WIUj4HJeopshnrnCaMi6N3H2I4dabB8yKN5uewFIP2EbGsAd2t-sdY7OUyOvaZdPYCXlZRWRF-9GmDzHQ-_NhQ1qcsLEC57hs5-zpWS7pGvvmY0kE-3c__0M8BjHqKwYC-QFY3elupmyRuk4ZkoRRhiw","token_type":"Bearer","expires_in":3600,"scope":"user-read-playback-state user-read-currently-playing user-top-read"}
Spotify response status: 200
Spotify song data: {"is_playing":true,"timestamp":1784230374042,"context":{"external_urls":{"spotify":"https://open.spotify.com/playlist/37i9dQZF1F5p3rmiWPIYgZ"},"href":"https://api.spotify.com/v1/playlists/37i9dQZF1F5p...
Token response: {"access_token":"BQBHPx6GbhHR3AwIqJHAsDd9CNpF0qV725hJWuWRUI4KjZ9EvvNwtHC3H6Qs-kCsS9tfy1AN1ec9UekzeOwMDKra0pgtjZypeRkteCOS5hMIPAT-np6Nb2hLTpq8ajiQ9wzhlDdd6TziNzQwA6MSm3UzmasU9KyINXhCJhIVysqM-oU3H_RgrKywTIxsUwjw2f3Fne9pCVpenXPV458T8r4FusWPpz4qPZeiH_ZCMRZmEYlR-w6L_JyND_PXERyNOr_zcw","token_type":"Bearer","expires_in":3600,"scope":"user-read-playback-state user-read-currently-playing user-top-read"}
Spotify response status: 200
Spotify song data: {"is_playing":true,"timestamp":1784230374042,"context":{"external_urls":{"spotify":"https://open.spotify.com/playlist/37i9dQZF1F5p3rmiWPIYgZ"},"href":"https://api.spotify.com/v1/playlists/37i9dQZF1F5p...
Token response: {"access_token":"BQALyTNWmt5sQBU7iIfX5LYmbXOcpryhLSGTGzIymEL2r_pN5RIIrKq0mwHuH4M44QFEDiUlFZskjo5wB3CGwDivvQ8TaIa2Yu5t8D76v4LJ2sHuRyfCQ-_kRYiX5Q46D7RketLnJbfFRDo6TrGBhjMzjs23JIYY8nOfI0eKT1TwEWQRAEewmSULgpcru0YyGhSCX6kBemxkSEc0BzuKFvlTCvQxi8QZ_1ymqWscN1En11XbJiOYkfuIViORdCFB922mIg","token_type":"Bearer","expires_in":3600,"scope":"user-read-playback-state user-read-currently-playing user-top-read"}
Spotify response status: 200
Spotify song data: {"is_playing":true,"timestamp":1784230374042,"context":{"external_urls":{"spotify":"https://open.spotify.com/playlist/37i9dQZF1F5p3rmiWPIYgZ"},"href":"https://api.spotify.com/v1/playlists/37i9dQZF1F5p...
Token response: {"access_token":"BQAjAb_B5ks--6856uYDe8x5p1FDKbjo1wdTYU3obIpQKvw57YvG90UaNR2avcjopKkT4yY7Ns27-UH9kI6k3Iih9R_JqiQSRw1hBLjxGax_pnuDPBAOySuFzq0ldq-6lCxu1_SIW3AW2iWaXT0VDKeTiDWZrfiwvwjpvpzdzwY8viFi-X-9Bbv_CdMlJ8Ra1mUO0Ujp5DQO-6cRUgvXLpFUMkzC9mmBS8GQ9FlszvCSjt_xY5CqLkXPlg5drjgPJ78z7Q","token_type":"Bearer","expires_in":3600,"scope":"user-read-playback-state user-read-currently-playing user-top-read"}
Spotify response status: 200
Spotify song data: {"is_playing":true,"timestamp":1784230374042,"context":{"external_urls":{"spotify":"https://open.spotify.com/playlist/37i9dQZF1F5p3rmiWPIYgZ"},"href":"https://api.spotify.com/v1/playlists/37i9dQZF1F5p...
Token response: {"access_token":"BQCb_wDRRjVV1PNo6YwzxNd5Y-E18v5RpXbN9Ux9OHY8OtMFu3xNOpHGW9JT9EpRbD5em3qot4V62gBE7F_x5j5P_yRGc-Lsrb3JNMe60DaftDkX8bd6IaGwZiuqYkhzOoc9PzYv8Z8pwKTDwT4Y3FzTxr4etxDmMvVnZCIjFLC9AiT11LszwIDgWXTsE05357nlioSfDOqfujh8TmrGLOCL-3DEHqbcpvNIbDh80ZkS_eozEz2HXdgiA7hyhbVvlOoXGA","token_type":"Bearer","expires_in":3600,"scope":"user-read-playback-state user-read-currently-playing user-top-read"}
Spotify response status: 200
Spotify song data: {"is_playing":true,"timestamp":1784230374042,"context":{"external_urls":{"spotify":"https://open.spotify.com/playlist/37i9dQZF1F5p3rmiWPIYgZ"},"href":"https://api.spotify.com/v1/playlists/37i9dQZF1F5p...
Token response: {"access_token":"BQAjZwHW5iJVkVPvuoGYiJbVaYHYIhUrCp3HDGZY1sLqx7CmRvIDUHEccRquBp8LQWuWLWqO-xKR3oiY4b0l92Ui6fGP7vrcVxo8Pwpc3uVwzYdgI8vmjGijJrm6AS6Og9nQc3t6VuNiSPoN_6oUWuIfrEvACfrLImZ0IeNkA5U-zeQIObMThbsV7ChqcFUdj8aasuiAwuD0kMdp9jbUFIvR214Ww7qeO53Xg153XUa__p7lzO7aa692JbV8Od-DDq1gwA","token_type":"Bearer","expires_in":3600,"scope":"user-read-playback-state user-read-currently-playing user-top-read"}
Spotify response status: 200
Spotify song data: {"is_playing":true,"timestamp":1784230374042,"context":{"external_urls":{"spotify":"https://open.spotify.com/playlist/37i9dQZF1F5p3rmiWPIYgZ"},"href":"https://api.spotify.com/v1/playlists/37i9dQZF1F5p...
Token response: {"access_token":"BQAsR7PziYeOaoJ48liSJEv6NhydhcsXaqQQAkvgujSu46KOjcQo87nz2o0EPpzfgRm2a4HA847ayTufM-KbpiUtY6pv2iOHBczIhvTmPIjJ0sia6jGvQrS0ArfWB1A_cKQct0wTF_USpYlPLZw2e1pf-rEj7YZF-5wCURlxFnHCrDWKuSgr4tkWuy6kzNbxI3tX8loH1bwm_BSNxhXAS4MoxJ72LXLguQweAqnK6z31R88H55ec19dR31UAdQ0N21GsmQ","token_type":"Bearer","expires_in":3600,"scope":"user-read-playback-state user-read-currently-playing user-top-read"}
Spotify response status: 200
Spotify song data: {"is_playing":true,"timestamp":1784230374042,"context":{"external_urls":{"spotify":"https://open.spotify.com/playlist/37i9dQZF1F5p3rmiWPIYgZ"},"href":"https://api.spotify.com/v1/playlists/37i9dQZF1F5p...
Token response: {"access_token":"BQCy5B-AuoGJsKmvjs9gWz-pQN5WCY0ya9ERK5QqgCT0JzG4dIqRLfFnVXZrvVSQuxmMAspXPAjUkaxH2H0QhhMC0lFs7nehbmAsUT6ykztmnCwdDo6TasWQkSeYiU2IgPCT-S17VJaJFwd3RRUHjAtzGvz95yN4R6JXx1-mQkBlMbILNQvV5fw0tfcNq4zYwvEAeYytnVh9sgFNqa3eTp5l6CYdBZVMbQ39TWELS4iQQCHprp9cWbu3dszqGfRKKTbLCw","token_type":"Bearer","expires_in":3600,"scope":"user-read-playback-state user-read-currently-playing user-top-read"}
Spotify response status: 200
Spotify song data: {"is_playing":true,"timestamp":1784230374042,"context":{"external_urls":{"spotify":"https://open.spotify.com/playlist/37i9dQZF1F5p3rmiWPIYgZ"},"href":"https://api.spotify.com/v1/playlists/37i9dQZF1F5p...
Token response: {"access_token":"BQCKzMHfPJHCrPxbJu9vG3Pyyj6PWXePeXUOrCOQcFQRdtVxLsUFJFMtTZzBCLowMjZ0ixgdPWmmncPofxXLRST2e0h0Tknf6E9FVz31IIMBAMH_SjX-FTR4sOkxFQS1QDAQTMsxw0KSbvtHOI0ylaGKDNZ7Hyz_jXpYirI0qdd2w9g4TCgD8k5EAkRsW4aZymoYfo4ddgx8PdJxbMSDMxxwHzciQ1ISzxPakxG1P9M0QdlvpUFVm-0fYW9b7SB9u1B9AQ","token_type":"Bearer","expires_in":3600,"scope":"user-read-playback-state user-read-currently-playing user-top-read"}
Spotify response status: 200
Spotify song data: {"is_playing":true,"timestamp":1784230374042,"context":{"external_urls":{"spotify":"https://open.spotify.com/playlist/37i9dQZF1F5p3rmiWPIYgZ"},"href":"https://api.spotify.com/v1/playlists/37i9dQZF1F5p...
Token response: {"access_token":"BQC3bF1SD3RFpDfDpAicv6NHlywh-fwp3qovoi8DRwkiyPU3QARUz8oT4NhNxwPIkb2wedTgWvEg_MtHVQTaoChxuMcPPWX1wZ709GNXmYLzoNFvS3o_1CgU-DF3pZmWWpQ0zNJONUtVYZX0u-vDhE-R3Meg3GM6vFwyzOwfi666sB9N3ronJsoPdbgTccLjZOKEgxw8ebAFiakDsOZvbe7bIchX1po7M5e9kqaC3JSNzgotCe5o17rXVBnKHyjfhVrA3w","token_type":"Bearer","expires_in":3600,"scope":"user-read-playback-state user-read-currently-playing user-top-read"}
Spotify response status: 200
Spotify song data: {"is_playing":true,"timestamp":1784230374042,"context":{"external_urls":{"spotify":"https://open.spotify.com/playlist/37i9dQZF1F5p3rmiWPIYgZ"},"href":"https://api.spotify.com/v1/playlists/37i9dQZF1F5p...
Token response: {"access_token":"BQAGDyldqZ_KzAr4E6bQgKVgqDkQZjv6_fDPIKL8ZjoUxdQ9H_ZCcJzfiVPKyvWq41j61DVbwLNbOac7F56_AaVXRPuQBJWojolVf1QDRVcKIHgrLN6NQsbelh9HOi7chYSA1iIN5O07h7-kUvHFjCYknpmLTahwm71PKzFye1UYeNUsDV3Xws65mMYi9uNTyEqcL7zI_PEJ6U8ncKtIUWVn5wTfqQ4TTc0yrD8USYcUlt1qsyYpgUY4mHvFtoBs0XtAdw","token_type":"Bearer","expires_in":3600,"scope":"user-read-playback-state user-read-currently-playing user-top-read"}
Spotify response status: 200
Spotify song data: {"is_playing":true,"timestamp":1784230374042,"context":{"external_urls":{"spotify":"https://open.spotify.com/playlist/37i9dQZF1F5p3rmiWPIYgZ"},"href":"https://api.spotify.com/v1/playlists/37i9dQZF1F5p...
Token response: {"access_token":"BQBhVtSl1LByXIRl1q03hkLX7VnPb28Inwq8eg6j1IfYgRyhY4e9b4W39CnL0-UdAF5bSHEgigQ4nBmDNupgvFcqd7f5hWIl6lOWUOX6DgjuPBKmb5EeqAhAsEq9bH3wuPWuLWcUgjQcmAZRJsZtxxfS4M9uCN_YzxRmKrs-kZzAU2Xr5nV5o17ON3wu-2v8LQhqSQpUqojXt9fTOAP_LJdxpfARhBBqQgW4LeL7y0Pqtbc3Qu9aR9Ly5NpID9oRyOct4w","token_type":"Bearer","expires_in":3600,"scope":"user-read-playback-state user-read-currently-playing user-top-read"}
Spotify response status: 200
Spotify song data: {"is_playing":true,"timestamp":1784230374042,"context":{"external_urls":{"spotify":"https://open.spotify.com/playlist/37i9dQZF1F5p3rmiWPIYgZ"},"href":"https://api.spotify.com/v1/playlists/37i9dQZF1F5p...
Token response: {"access_token":"BQDccZ3CkE6ovDt4Xlv325OCvzuhLmoNwqX6VoroWKsW5d3pDqZ8xh_1umfUd8yJYgLSlEC87OCN891QfW_3IC9DPyCwH0uBwYscSdtIZioK5sJL4jtzrl10mXzLXAzLKy8EGXq3JLs2UMARBnP6j5e-ULUn51mWPVFcuXsvSpcAy_tXLrzNt6PBFQ3YskX_9rANumRvkPYf7D1M21JM5h26CjTmBbjOYdLUFCWnPGjkyndeHYMF-WfhiGXSXejTPWYBnA","token_type":"Bearer","expires_in":3600,"scope":"user-read-playback-state user-read-currently-playing user-top-read"}
Spotify response status: 200
Spotify song data: {"is_playing":true,"timestamp":1784230374042,"context":{"external_urls":{"spotify":"https://open.spotify.com/playlist/37i9dQZF1F5p3rmiWPIYgZ"},"href":"https://api.spotify.com/v1/playlists/37i9dQZF1F5p...
Token response: {"access_token":"BQD9tIj6DVp72fJPCifwSZSJMewKOd2eES5Rnqc1hG5LywwAvfS5ES8MF_gfRrBSLsQZoN-CtlnoLLHVYuPWrBlRdWylBoI1kimcrVhvWNVf4ifiG4-Czdbge0JmtT_4mi3bNKN2EttUInGBneYI6jul-1CDbDH4MCmOqNOm-6edpVpXVzK8znL8ZcClR7JM5YRzwc4Ueo-qAtI0ndmWcOy-hCyxJudtY1OfiGIy5MecOrZDTtfgpEPJgXsmv2tICbL_6Q","token_type":"Bearer","expires_in":3600,"scope":"user-read-playback-state user-read-currently-playing user-top-read"}
Spotify response status: 200
Spotify song data: {"is_playing":true,"timestamp":1784230374042,"context":{"external_urls":{"spotify":"https://open.spotify.com/playlist/37i9dQZF1F5p3rmiWPIYgZ"},"href":"https://api.spotify.com/v1/playlists/37i9dQZF1F5p...
Token response: {"access_token":"BQABN5WT1_AEWbGO40O4mL3-VEZZ0YUGBwDZQPnzEJlIhwWkBeakh9P4Nv5bX5UePW51ntwqkAmIMXV-XVuVvBjp_HiuoO0lypm6Q_R8BfR0V0_cumNKtPEiU9XQFHLW4cxrZjqbdJ2LOeGnI_O4IwKYh80Twp5UeoE3rw9qEGcfrRHs6UQex76xNIe8M62zpovJc2uP0lmGJE2dmafHaaUo1zhnwj0D-t-SZMLDYJSgKnKgefHS-EBWyAKxCf2NgI1FMQ","token_type":"Bearer","expires_in":3600,"scope":"user-read-playback-state user-read-currently-playing user-top-read"}
Spotify response status: 200
Spotify song data: {"is_playing":true,"timestamp":1784230374042,"context":{"external_urls":{"spotify":"https://open.spotify.com/playlist/37i9dQZF1F5p3rmiWPIYgZ"},"href":"https://api.spotify.com/v1/playlists/37i9dQZF1F5p...
Token response: {"access_token":"BQAUd3Ae5B9jJdgMMaFrrbrBSIrqB5iGmwwkw7X-NcATDaCZasPVZAPXK-8deRdgaIv_z8MOxhnonxx-X9JR_Ok5KMlshi5NNQiic5KYjtmfeW1MrrPBQXhdg9XdPpgXUhrgPZ_c51QD8EZnLKJWK2Zc7YL9PNTk04ObEOmOislkNDr0KTz0K2xqEgDZGWD20_GpMF2cwM1rHYhXGh2_htmPOjIt1KDaPvBVDOjs-e90eEI3S0lik-ipIaVjnY_o0Jai-Q","token_type":"Bearer","expires_in":3600,"scope":"user-read-playback-state user-read-currently-playing user-top-read"}
Spotify response status: 200
Spotify song data: {"is_playing":true,"timestamp":1784230374042,"context":{"external_urls":{"spotify":"https://open.spotify.com/playlist/37i9dQZF1F5p3rmiWPIYgZ"},"href":"https://api.spotify.com/v1/playlists/37i9dQZF1F5p...
Token response: {"access_token":"BQCg4ZwpjPi938w5-tdP_bP-AjoNHMjSAjmbsOovt9Z-259sm4nhpvSR77KaUyPBbqPZ1HEqur6DR66pV3DJSyOJrN51EbakrojOGNIL58TsT_ihMRDAv7qouwQRgxiFYQYzRCt3rDblL4F-ZBjD21XIIvyka4MAlKrs-jb0tRraAIRvLxFQajQtsSCizo0Lixg3XTEajQGIfp5Y2u91DMPmoWPof9lklLKB025REuK2LjDoGAbAn67IXlZxEYXHOPInmA","token_type":"Bearer","expires_in":3600,"scope":"user-read-playback-state user-read-currently-playing user-top-read"}
Spotify response status: 200
Spotify song data: {"is_playing":true,"timestamp":1784230374042,"context":{"external_urls":{"spotify":"https://open.spotify.com/playlist/37i9dQZF1F5p3rmiWPIYgZ"},"href":"https://api.spotify.com/v1/playlists/37i9dQZF1F5p...
Token response: {"access_token":"BQAQGNX6gtAbeEV054NBqSWY4iz3-SM0zgXbo96761ZifMAxQ83dQDyic8JwM6cCY92K0bhHsfhbhV7PXOZBSM6nfK2bOlH6S7HwF1ub2t2ZhUH0IWZ6SR6Ex9TUJuAoL8rxabX0TBt56ui3iKCEgbyCEfc9X2nb8rVK26-SnRe4XHBcbZr_0glKtI-YdSzyZ3Zjzo0sOBqhEbtMVckOvKWVtmqL0FrtzRp63RW7E3tXlpduyXa3k0mMzFSxi4dRsORBZw","token_type":"Bearer","expires_in":3600,"scope":"user-read-playback-state user-read-currently-playing user-top-read"}
Spotify response status: 200
Spotify song data: {"is_playing":true,"timestamp":1784230374042,"context":{"external_urls":{"spotify":"https://open.spotify.com/playlist/37i9dQZF1F5p3rmiWPIYgZ"},"href":"https://api.spotify.com/v1/playlists/37i9dQZF1F5p...
Token response: {"access_token":"BQAAsSk1CK_G1ynOXxx_Gw0W2I1594Wt7-Xg43Qw2i-NjjcdRSykasPzo4iRI4khZ8LNg5CXAvs3M3iwtg4m133f0WiW_FaT26f5d723WpbBw_iEmYEdIHkMCJe8qNhayFtvcIfYuAogLVmJX0SexVATaGx87UShYjPAen5FICpsuZHg_q5bCbyIn1aGSEd4Xvp310vrNc6MiGkmPiABpL1hwgRAzqnyajWo37hwoM4QQydnrHg-9wsHzNtkZe2-pqFP-A","token_type":"Bearer","expires_in":3600,"scope":"user-read-playback-state user-read-currently-playing user-top-read"}
Spotify response status: 200
Spotify song data: {"is_playing":true,"timestamp":1784230374042,"context":{"external_urls":{"spotify":"https://open.spotify.com/playlist/37i9dQZF1F5p3rmiWPIYgZ"},"href":"https://api.spotify.com/v1/playlists/37i9dQZF1F5p...
Token response: {"access_token":"BQBHCxaOFKe0xI2uEr5bm5HnPPPMpiBJDXqa3N6RtvJjXz-MOtpLY_JBqPpOnWZSUq1Y18iJseJSq4BDexShmucGNoAV2W2o3a8zjkcB-RaWQKlBT3xUqDo0fLDhnRrmpN7Ni1qvUi7k_38EzZ4cZjt9KLSxmdVFIY7pwHm3xhxtDlCvjQLq7qO-De-jd4SRk2nYqt22WXMCdlPuCcbOsIegifOXMTntLuLpBLnrIUW5qE3ZnhAOSnM71Tt2ig1fFEn8ZA","token_type":"Bearer","expires_in":3600,"scope":"user-read-playback-state user-read-currently-playing user-top-read"}
Spotify response status: 200
Spotify song data: {"is_playing":true,"timestamp":1784230374042,"context":{"external_urls":{"spotify":"https://open.spotify.com/playlist/37i9dQZF1F5p3rmiWPIYgZ"},"href":"https://api.spotify.com/v1/playlists/37i9dQZF1F5p...
Token response: {"access_token":"BQCotMbb96VXnCWUi0zUcI_tBfB9hFOPysyGq8X15MlILorPaHbsu-3Xs2-5essDutuw39CxjsHKAdiPjpWA-Lcq7SAwvjq4N3gGBdPPitIO13uosLeZBZeLgdOGhL9Fk8-AdMO7mfhe3Fr0ktgUT_aCutQYiea8-O-g989GaWVlkYT0luZ1qooV7nc6Mk3iCm-YhOxuqlgRHAQQhA062uwQ-54oPEL2gbzSRZ3p8HbX83RyOqjvzulb3b15CbACYnnLCg","token_type":"Bearer","expires_in":3600,"scope":"user-read-playback-state user-read-currently-playing user-top-read"}
Spotify response status: 200
Spotify song data: {"is_playing":true,"timestamp":1784230374042,"context":{"external_urls":{"spotify":"https://open.spotify.com/playlist/37i9dQZF1F5p3rmiWPIYgZ"},"href":"https://api.spotify.com/v1/playlists/37i9dQZF1F5p...
Token response: {"access_token":"BQBcSqeAXWzpCGhGAhZIfiv43a5we9mrCwD8loN-3c_SBpvh8V59uaMSys416Ka58zCiL1U-DLWToDekzcx9xjtzcqniR2vXNghafplb9xDscto_MnmaHWqfJNrvIc7mwlIAXGMzDSwFk715impSAYQu-GD-xmHU10LpV57qM2-RCfAXjpWjR27L-ZPWAMeql_B6xV60qFFqc-_fjBnBDMdZly8fejOJwQDSvT-lyyrzVxxCzokbB8wkvu6yjitLJivH0Q","token_type":"Bearer","expires_in":3600,"scope":"user-read-playback-state user-read-currently-playing user-top-read"}
Spotify response status: 200
Spotify song data: {"is_playing":true,"timestamp":1784230374042,"context":{"external_urls":{"spotify":"https://open.spotify.com/playlist/37i9dQZF1F5p3rmiWPIYgZ"},"href":"https://api.spotify.com/v1/playlists/37i9dQZF1F5p...
Token response: {"access_token":"BQCW7mltcvmeCYPPpvIdRChxHN_67p19A6yH778oFVbqOl1kOwG0lBRBdS3Cq3FxyRxf7wx0nTV3hJVmev2nxYUUwVGNCBy8PZY6tW7OM3_sLpMLvzR2qdp1BhwZ_Sp-Lj7N-Z6tgt44urvQkXN3B_X3KcF2jS69iBa_8UtHeRyNPp40GY1D5vaehmzoza4wEQEOquXwIpm3ykYtj1Kn5Wvqny6gvaIRw7duuSj_kX-ScSgcRXp1u8dqq-iTE9FE-FsBlw","token_type":"Bearer","expires_in":3600,"scope":"user-read-playback-state user-read-currently-playing user-top-read"}
Spotify response status: 200
Spotify song data: {"is_playing":true,"timestamp":1784230374042,"context":{"external_urls":{"spotify":"https://open.spotify.com/playlist/37i9dQZF1F5p3rmiWPIYgZ"},"href":"https://api.spotify.com/v1/playlists/37i9dQZF1F5p...
Token response: {"access_token":"BQC4HN5qW_Q2-vsXrS6kLL5R5SgGX2CWFVthtXQ_tjONh2rVrYZVCOFkJZ66Txbg-7rNAHyyF_sxd1p52AJzlrCPcYAyeivT-wtRKx1buF4QhbnX71qhkmXrTZiYuvRowoKwMfW7xKQ7XGcyVV10MethIXmLmk5n4fYQA0MGaVi0mzYmKgBwKZzOY9gmMUZRST2l32EqA6jHxEQxvQiuUoQOtgwpzoyUYI7BoGL3rUJ-sKiApQ7WtXnBXHyM5hPTR-6a2g","token_type":"Bearer","expires_in":3600,"scope":"user-read-playback-state user-read-currently-playing user-top-read"}
Spotify response status: 200
Spotify song data: {"is_playing":true,"timestamp":1784230374042,"context":{"external_urls":{"spotify":"https://open.spotify.com/playlist/37i9dQZF1F5p3rmiWPIYgZ"},"href":"https://api.spotify.com/v1/playlists/37i9dQZF1F5p...
Token response: {"access_token":"BQDhSUbaxCt28-fvsEpk6GQS89tvGowCbCIERvNZlqWQc1UuMnu5tP15wYYmxqw7n0nD1HdhJEKKoxraJquwznAL84UZIVJd08jcV1Jpv0PfyyB01_QuvtnSpZArPpSRJO0JSMSh5f-MVJifDPY4mwOlkWpgUleoM16DgO1vGnal7sUJsEZI0f89THuFf_MOEF_QDL-HuusUQnwawrSAIcVajqHCLx7fhofvf0pEqcGRkgE5unfu9LqC_nKwRpSb9I556Q","token_type":"Bearer","expires_in":3600,"scope":"user-read-playback-state user-read-currently-playing user-top-read"}
Spotify response status: 200
Spotify song data: {"is_playing":true,"timestamp":1784230374042,"context":{"external_urls":{"spotify":"https://open.spotify.com/playlist/37i9dQZF1F5p3rmiWPIYgZ"},"href":"https://api.spotify.com/v1/playlists/37i9dQZF1F5p...
Token response: {"access_token":"BQCHKl_Bk5ixWN7KZRJ8WEtZPg3nhG5XRt0cy0yACKuzKOVLNbK47mZKsqnc9akghs3ebNm404P89cSAj0PituK-5vmSp6ze7PfzvADCr337wYeTYmIdvgTOSsLNX6UVDCTB7WUCZfPoX4LzBrA5PhJ55N_aGClscGguiMnUonGfuxAcIFCMUwoH3e4V1jFcEbPkQrA4JCiUVfyObwtdv0wrP3X_IlIW9qh5ucLSxWI3bj1Y1042VNO1t2XBR1IoXE8z9Q","token_type":"Bearer","expires_in":3600,"scope":"user-read-playback-state user-read-currently-playing user-top-read"}
Spotify response status: 200
Spotify song data: {"is_playing":true,"timestamp":1784230374042,"context":{"external_urls":{"spotify":"https://open.spotify.com/playlist/37i9dQZF1F5p3rmiWPIYgZ"},"href":"https://api.spotify.com/v1/playlists/37i9dQZF1F5p...
Token response: {"access_token":"BQCbT4Y4j_h1eMFWspeVBW5hLGx0O8QK-7-o2NQWjhrVwOMCdAKmPkMjF2qoAWpHsPI4oC5xGUoPQ0MhCL13Za26rnB0goTgcAggSvahfdvmMy2lG6IsNG0ivu1tT8b09Q1Xq8cYHo5cjN21QnlI49hE39VsfEuTAzot_rwofhA7SdWOye991ah_-RIdgpVpJUBSjW7rt9ZEo0OftI4JvB1wpx4300gdgFKoR1O0sd2WmcDWX1u80RH5ZJV_QBCGQz61mA","token_type":"Bearer","expires_in":3600,"scope":"user-read-playback-state user-read-currently-playing user-top-read"}
Spotify response status: 200
Spotify song data: {"is_playing":true,"timestamp":1784230374042,"context":{"external_urls":{"spotify":"https://open.spotify.com/playlist/37i9dQZF1F5p3rmiWPIYgZ"},"href":"https://api.spotify.com/v1/playlists/37i9dQZF1F5p...
Token response: {"access_token":"BQAfn5xbPvrvfFJ4jrpc5KlZIm7dMBNAeKYS8_kzbcMxyqcfl9Lv-QCCd3IWweLK1f6Pxq2OLAmgL0g6NaKUIxpA6Ar1zBd-484wyS2NNB3yj2EJj5c9__5v2KohoN8ic7LR-e3VCM2MrKSMek6wDs5pJO5I6MY54HHPLL9TGD5djW1e4QR_hIGRAb1eEiCSbDZrJp7zOtqEH1gMWWZOm_HHdUTfNccpWYIHmF18rBpUYIqP_McBnE17GAQ-WqTuZeBQrA","token_type":"Bearer","expires_in":3600,"scope":"user-read-playback-state user-read-currently-playing user-top-read"}
Spotify response status: 200
Spotify song data: {"is_playing":true,"timestamp":1784230374042,"context":{"external_urls":{"spotify":"https://open.spotify.com/playlist/37i9dQZF1F5p3rmiWPIYgZ"},"href":"https://api.spotify.com/v1/playlists/37i9dQZF1F5p...
Token response: {"access_token":"BQB3Y6gj52a0b7nHdi4RXCDH1sfvzkd4C0MBjA-3fEl-9xbMbzBpCdmZ6iyQnB6okaIrgciQ7eOhAcKZVRtvbe_RnPGHJ0uitOMrXpCSt9t-YHKLFl2W5LYD94xKhKTgcu85JvtEIs2ENIF5sY10OD3Wtl9HnU2miI0J4UNobGF5FB1ae0qhlLBeGEcUCMNxxfMM5QMJrP_jYn7rVpTIzzhN-vKtkXbBpxC6HvaIY6whRwQxs3r9tli_HJZESD7L71expA","token_type":"Bearer","expires_in":3600,"scope":"user-read-playback-state user-read-currently-playing user-top-read"}
Spotify response status: 200
Spotify song data: {"is_playing":true,"timestamp":1784230374042,"context":{"external_urls":{"spotify":"https://open.spotify.com/playlist/37i9dQZF1F5p3rmiWPIYgZ"},"href":"https://api.spotify.com/v1/playlists/37i9dQZF1F5p...
Token response: {"access_token":"BQBZ5wZ0YWV08Q-ltEDZXBHHffq2ydPLDhOv7fKpcJuNGIXzfQRNl8yis6BpKS5s7o3U0XqaHYpxBcagOfwAD5PQNlu71Yxg3r5GEFfS8cwSqkOqmzFq0zpM-8rPVemDUw53aZyzHleAPn9fZ-jQvGrmhdFMAE5EBxOA86pvH_U32Hv4VvfY27whxAvoMV0fYDJeqP30J6R3G3bJWtlg5LQuMy2urL8X5-x_6XyZvZeWTD-WgLidSOT5aD5zHEAzjUmgEQ","token_type":"Bearer","expires_in":3600,"scope":"user-read-playback-state user-read-currently-playing user-top-read"}
Spotify response status: 200
Spotify song data: {"is_playing":true,"timestamp":1784230374042,"context":{"external_urls":{"spotify":"https://open.spotify.com/playlist/37i9dQZF1F5p3rmiWPIYgZ"},"href":"https://api.spotify.com/v1/playlists/37i9dQZF1F5p...
Token response: {"access_token":"BQDR_7MofaS8U9ZgMueaY0nHNHTwz6FCqSHuJS2tCrtRO8iTYev0ifR9NOyM5Qj7K6SYL41zUE_QIlKoU21b2N9c_hiRkRR7uinWvYGtBxdaAZXz0heCJ2BFex0m3dbLhduK-W4JWfPsFfild55v6uGIkuFBnzlx3zxpgHoP_fMWvofLdjwtNeEe8qfDIhpOltjcNgCHwMS2kjoY5vqKeZ3bXtm3Ocn3IPXGZ9vQnR7UPxPZqJsgURwC8MmQoScsyOx1tQ","token_type":"Bearer","expires_in":3600,"scope":"user-read-playback-state user-read-currently-playing user-top-read"}
Spotify response status: 200
Spotify song data: {"is_playing":true,"timestamp":1784230374042,"context":{"external_urls":{"spotify":"https://open.spotify.com/playlist/37i9dQZF1F5p3rmiWPIYgZ"},"href":"https://api.spotify.com/v1/playlists/37i9dQZF1F5p...
Token response: {"access_token":"BQC2Ervga0HguI0f1HTYhyO3lU6Jn8Jv2ZBphdCtSYopKUlg4vqZGIn8IG8o_HHzIctbQzWj1SsIRdCzOvNN56r_NGINYO8CX8qf_21LPEaP_wTzOIBZGXPgqDRYbCam-Mm0__IO7njvhiP8J3Xl3C732w9h8wUTsjZ0xVaoag99fKPGnxQSE_tgFtT6QJx7-aipKqJ7DW33LPbZW2fj8Wcp3a8oWuUlbyVU-WIfrOK41FlQ7fWPg0CtIf4pr4r646hD0A","token_type":"Bearer","expires_in":3600,"scope":"user-read-playback-state user-read-currently-playing user-top-read"}
Spotify response status: 200
Spotify song data: {"is_playing":true,"timestamp":1784230374042,"context":{"external_urls":{"spotify":"https://open.spotify.com/playlist/37i9dQZF1F5p3rmiWPIYgZ"},"href":"https://api.spotify.com/v1/playlists/37i9dQZF1F5p...
Token response: {"access_token":"BQAkde-nLv33FwOXsn_iTb5JjyCH8KgjoPr5E4ysMg781Lef6fXBh2m4IPecUaJ-RYj0clu5ucIL3R2_-xAQ6ZMIGieoEFGW_86bYjAje1jTy8sLBRlAbKZP7DCbxMLStjo6DlYrN6-7tPhIskFIVgY8mKD0cHrGInqizJiNPaCYw4STUqOTomfRl0KGrgDEbC710F8u_rw-0FcHIKwVb-oQMf4lbuhj_AuuI0JPu7xeUEJ0-dAcYpSrSOdwQ8ifQKQyMA","token_type":"Bearer","expires_in":3600,"scope":"user-read-playback-state user-read-currently-playing user-top-read"}
Spotify response status: 200
Spotify song data: {"is_playing":true,"timestamp":1784230374042,"context":{"external_urls":{"spotify":"https://open.spotify.com/playlist/37i9dQZF1F5p3rmiWPIYgZ"},"href":"https://api.spotify.com/v1/playlists/37i9dQZF1F5p...
Token response: {"access_token":"BQAYNmsfa0eO-P4975Ncfn6rqUnbWeV-NG0inpIDY0BiAULyIOQ8SUstPv4f9pNfkWveIpED7ybdm_Da5zNxpjrIQc4GZ6J4yWkyKuj0X4htuty5AF4i5aWFCEAwbqaeF7fGYa1t6NOpooosy38UGsjlhHH7ygat9Ho857QILi0INKsyzSZbuEHoU_S7N0uTN3of97DxqQG0w29RgIN7Z5eKlF8-QdFKoaFXZI11ekRuXKJdQRJo7CFtxW4MBkWrytAo5Q","token_type":"Bearer","expires_in":3600,"scope":"user-read-playback-state user-read-currently-playing user-top-read"}
Spotify response status: 200
Spotify song data: {"is_playing":true,"timestamp":1784230374042,"context":{"external_urls":{"spotify":"https://open.spotify.com/playlist/37i9dQZF1F5p3rmiWPIYgZ"},"href":"https://api.spotify.com/v1/playlists/37i9dQZF1F5p...
Token response: {"access_token":"BQDDsczAMoyTP3OAWYkn_U0rHcz85PPHMJbHE_rhZwjrFPTRJqgkr0pUXNKILYyfenG3gvGtsqzv29OOmjaKcFi5ukxH0gjK3_Dzw2a2PR6XVrSeDoVq6VyKfuK-SqamLBsJ0IUk4TAypTETJQ955bsxD3uYFczy4y-XuNPcGMzWwGMRIwY-3U-CZGINAK5gUbkcYMBIh-ozYZT68HtQV-lnV47sNpw5bKI_rk891ZY8xzAgR0LglATywkXACWlbcBeWKQ","token_type":"Bearer","expires_in":3600,"scope":"user-read-playback-state user-read-currently-playing user-top-read"}
Spotify response status: 200
Spotify song data: {"is_playing":true,"timestamp":1784230374042,"context":{"external_urls":{"spotify":"https://open.spotify.com/playlist/37i9dQZF1F5p3rmiWPIYgZ"},"href":"https://api.spotify.com/v1/playlists/37i9dQZF1F5p...
Token response: {"access_token":"BQBaFB7Ura2PxYiVkoCSQCUAxBLefMD5AXfEZlI21WM7Nm-q0PBdb7J1_WGZEGS0UIUCJvwdlWPASCrrEIKUk5rQ2LBoHuAH0fHHhsQ3TYwLXWFa0ldL9bYFXUh12NwypRUJSSnOnGtdmEUfl5uaJQSyIi6lReFJ4y_KXzYYr8UoMVF99H9cGE3AaDKaWDwGHzTRaKGU0_yue-Zg60kfFAqiP1spgcSl6duqFXO0JfI2eU3cAzXjIOzWF69Z_TRkcwaejw","token_type":"Bearer","expires_in":3600,"scope":"user-read-playback-state user-read-currently-playing user-top-read"}
Spotify response status: 200
Spotify song data: {"is_playing":true,"timestamp":1784230525083,"context":{"external_urls":{"spotify":"https://open.spotify.com/playlist/37i9dQZF1F5p3rmiWPIYgZ"},"href":"https://api.spotify.com/v1/playlists/37i9dQZF1F5p...
Token response: {"access_token":"BQCDpmLVb6IstTXIrtgVyyehdZXDQ3tlGPSpyvsba5sfcoWCxhy0hiWr5sDb5v4_4dDfOZxHWgsfzp4DiqJVKg052eS3MivGBS7QyP_VNRr9x3RlWRxkrdfmNNIJmfyUElee2TbxVhqadLhVxJFVfOizhalGJx7iD2J6ZLXHGq471WMLMHfsIMEbW-23HneB3vcfX2fVZmxe2k3-sSEDo3ECAyfdM2WDFfEISd1QZXNNvUxviYNgZmXyij32gEHd0cs83Q","token_type":"Bearer","expires_in":3600,"scope":"user-read-playback-state user-read-currently-playing user-top-read"}
Spotify response status: 200
Spotify song data: {"is_playing":true,"timestamp":1784230526812,"context":{"external_urls":{"spotify":"https://open.spotify.com/playlist/37i9dQZF1F5p3rmiWPIYgZ"},"href":"https://api.spotify.com/v1/playlists/37i9dQZF1F5p...
Token response: {"access_token":"BQCMi-ndcyHUOt_bGiJbdndZ2pWY8HB6FtlgDrFPodQpeiXue_yoBqyuTaqZZ7qCitw5toGYWlG-M4zuFQGJqZft1s1W1SOGzpKJnjM0YHJFH1G8fz8yuzSmqzfe6LGkImFVpKmPs8esuFojigr0gy1Cp2POQbZTRtrbZkfKVnUnN-dnyJfJMcaVLVTFkLVEC6zl6kvWQ33FE8VtVXH0aXCILFKRWQf-R7gc-KN_2uYmJnnpy1yW0e8HbKoSwCOHFj_rwg","token_type":"Bearer","expires_in":3600,"scope":"user-read-playback-state user-read-currently-playing user-top-read"}
Spotify response status: 200
Spotify song data: {"is_playing":true,"timestamp":1784230526812,"context":{"external_urls":{"spotify":"https://open.spotify.com/playlist/37i9dQZF1F5p3rmiWPIYgZ"},"href":"https://api.spotify.com/v1/playlists/37i9dQZF1F5p...
Token response: {"access_token":"BQCtiW39y0qXlBx5setJ0_vMpU5OeeZ-dY5Dyi18-_e8bsb_t1fYUznFn4ErBryLqBZ72hSGtuE4VEWn-idVe4Yj5X0nyroyUHVZjFLKnK7wgPRM908JuvafjzVI2FqujRUYpMtrZm6or4OX5apvrppCogDbQp85TwT32Gyutx6DQfZJrC2J1hY21JHMQKFaDTbm1szv0nHGzCzOzN184B6MkkgRvMFCb3Zb4FKBX-oJOwYJdgSvfrHM6OwpwgW-VnmjNg","token_type":"Bearer","expires_in":3600,"scope":"user-read-playback-state user-read-currently-playing user-top-read"}
Spotify response status: 200
Spotify song data: {"is_playing":true,"timestamp":1784230526812,"context":{"external_urls":{"spotify":"https://open.spotify.com/playlist/37i9dQZF1F5p3rmiWPIYgZ"},"href":"https://api.spotify.com/v1/playlists/37i9dQZF1F5p...
Token response: {"access_token":"BQABU5jntXwCM8Vr0FRTrZ2cgrsWafnBcNG7tWiFdS8BjyxpfdGsjTjIh3G9isQ5W1979z6uVaAP0Yz2UYwO3AWV5y74TuiefhHkwcqevWadrh8qVYQ2FPSyOigD9sFnng8hCNIQDBZUKe3nfYctCUY1wDPAyXKkgn9UJZx5suVCBXslk1wi6DSaj0YYYOO_WL_OWOr_uFDkm9nbwptLFibGITiXfeg6pyIJ7XPPBFG8U8gfWC3Uod5BW6N2f5bHogWP6Q","token_type":"Bearer","expires_in":3600,"scope":"user-read-playback-state user-read-currently-playing user-top-read"}
Spotify response status: 200
Spotify song data: {"is_playing":true,"timestamp":1784230526812,"context":{"external_urls":{"spotify":"https://open.spotify.com/playlist/37i9dQZF1F5p3rmiWPIYgZ"},"href":"https://api.spotify.com/v1/playlists/37i9dQZF1F5p...
Token response: {"access_token":"BQDSwLnSRukKdF_gu6SDepcgHz5vyEO-zrZ7oRHQe_fZuhSNUtfhYw834WAqiSZGWMKKl9-9gucnL8MqhP7Gfv56XbPLAINETHMAox2jRoloUK90b91OkoteYoBMCNSgwc_Pb-4NKD9LR-j3_1NwNJ5pd50ee43bb3wSQ5O_2AAu6GoDLpJlc7U7yat5AtwafnSLEf530h_rsbeYD_N0B8_4T8T5GMEk6-Fmhiuy2xjq2ElzxipbWFgWNjw1xabhvZT9ZA","token_type":"Bearer","expires_in":3600,"scope":"user-read-playback-state user-read-currently-playing user-top-read"}
Spotify response status: 200
Spotify song data: {"is_playing":true,"timestamp":1784230526812,"context":{"external_urls":{"spotify":"https://open.spotify.com/playlist/37i9dQZF1F5p3rmiWPIYgZ"},"href":"https://api.spotify.com/v1/playlists/37i9dQZF1F5p...
Token response: {"access_token":"BQDAIyuSe0tTW0eBUQPhNQr8ccZvELfA6bTQnVIrlX761cX-W3boi2-GAh04ECSn6QJyCGFPyQby_KwwPAJXZvC5mz9259hT4IMncOy_zxd4ARzdmSQvERv_wfAwxPxhzpl47MrkwMGWtmH6gEio4OqPKdhxFTt4udSL8v-tui6R6i4ihBf-G9hBymF9KATrXEND6BIq6UBg3sHOaPIESI8mcsUyQuOT-bI8UfNbDR98MAIWQJyiKFSiEr7w4f4oIJcj_w","token_type":"Bearer","expires_in":3600,"scope":"user-read-playback-state user-read-currently-playing user-top-read"}
Spotify response status: 200
Spotify song data: {"is_playing":true,"timestamp":1784230526812,"context":{"external_urls":{"spotify":"https://open.spotify.com/playlist/37i9dQZF1F5p3rmiWPIYgZ"},"href":"https://api.spotify.com/v1/playlists/37i9dQZF1F5p...
Token response: {"access_token":"BQAiXI2kbFsX8eAscGOqRcm_lxakUTsJtlT-3J7L97WDkt59kilkvqpSfD3IvTxABwQe-KayRp4gxm1pfD2PzVHsSNaQy_bKk0qLalEMhlQJMUfnzJ_ojhfRL0ey7YiLos8K7pkNkFuYaSQRZYD9Bi_wsMVlpIfdiclENG0Hu9GhKvUoX0NLnYakXPZm-jtRzQMhfA8fj2QyDHtmiAP8_VZeXIqlx1iid1uBSM4kZX-Cb6ozUqU1i72A7q1v8-wG-VIyRw","token_type":"Bearer","expires_in":3600,"scope":"user-read-playback-state user-read-currently-playing user-top-read"}
Spotify response status: 200
Spotify song data: {"is_playing":true,"timestamp":1784230526812,"context":{"external_urls":{"spotify":"https://open.spotify.com/playlist/37i9dQZF1F5p3rmiWPIYgZ"},"href":"https://api.spotify.com/v1/playlists/37i9dQZF1F5p...
Token response: {"access_token":"BQCLkVeGyVIAz8OA006vlg_5fVByDSiNmRBEwIDGY7RgbZ5PgQhLqSYIbu_LhNN6RqyvKg3mTScP4cqv9ovx9YvJWloEDbWFvRPAuMJCCW5q0DNCclvc6qNjgdbjuP6gXXC2rf2hVFkFCM97cPItywKVXzqqvafZjsGY4s2UnypQXG_akr1T5ie4L-81LTZgsD8AbDMpidesT9bUytw7mrGU8VtrTU0zCgVMd60dvbf4PJ8Hns7jVe4AoOFxfDKry12bmg","token_type":"Bearer","expires_in":3600,"scope":"user-read-playback-state user-read-currently-playing user-top-read"}
Spotify response status: 200
Spotify song data: {"is_playing":true,"timestamp":1784230526812,"context":{"external_urls":{"spotify":"https://open.spotify.com/playlist/37i9dQZF1F5p3rmiWPIYgZ"},"href":"https://api.spotify.com/v1/playlists/37i9dQZF1F5p...
Token response: {"access_token":"BQB8921L9u40QzrXEp3zCKYJ9T8an74IjELyjMid_NJHww35LJ1yEU6gq8VsdJmjzB0w5DeaCN5hqmzMIjTNT_RRSrrZtLbbJtdp0j2mVcSsavYQZ1YFyAgYFxDHZ5bdg6Djdz56LTEjJ5sS5XBsjHtLDzBouWOPvyY13U2leBmj2vVJKbkkTf_qJdJlP-9equJAeCwZ2xV09aJX3PEVmnRAiSW0QtAZYwGxtTjsV0P90yWasKHDzaPjNbPoWjpNDTnvag","token_type":"Bearer","expires_in":3600,"scope":"user-read-playback-state user-read-currently-playing user-top-read"}
Spotify response status: 200
Spotify song data: {"is_playing":true,"timestamp":1784230526812,"context":{"external_urls":{"spotify":"https://open.spotify.com/playlist/37i9dQZF1F5p3rmiWPIYgZ"},"href":"https://api.spotify.com/v1/playlists/37i9dQZF1F5p...
Token response: {"access_token":"BQD1nMJEMFFRT6t83xCX5sl_6-G8DPfuXBvqNlvsY6edE6GeBvLkocfwFPzgjOJsUNf66j7C2vN4JK_J9wLpNlcP0E-y947RS8l5XtQ15xdgYIp3s31_eGDmAtwRr64UrXwdE7Uh3OY51IdDTiVUI3lSYmIEIdMHWECmkHuOpqubIOUC5rhjfy8Z9FZh9408WchuY1BwrptXQgwwAsiYTOwD7UUJRf1sv33kGrP8uXwfrolrWHrHm986-X6hiPE2O1Nobg","token_type":"Bearer","expires_in":3600,"scope":"user-read-playback-state user-read-currently-playing user-top-read"}
Spotify response status: 200
Spotify song data: {"is_playing":true,"timestamp":1784230526812,"context":{"external_urls":{"spotify":"https://open.spotify.com/playlist/37i9dQZF1F5p3rmiWPIYgZ"},"href":"https://api.spotify.com/v1/playlists/37i9dQZF1F5p...
Token response: {"access_token":"BQCtRf5-KEaJC3_KBkNIY5_nHec4hGEYsuZeoU7k7OK0mf83tkBokFIV3gSpNm07PzirbqIgQIMPvsjouBTH_XsEw7u2PTBvLTsdp8a7kkY6B8yJToUi5AWF2ZH7cHR5S0W87Dh60kBobfuoDEipa-t5vjzuKuVWaTRQN-qaOVogaI7TZ0qHoKWy0IWeBsTS3Jkw2LLMBnuWzDOXIBD2NVQNtokolTHGbg-4zunrs5MzpLN8OWuM9G3q4EMbu10RgeB3Fg","token_type":"Bearer","expires_in":3600,"scope":"user-read-playback-state user-read-currently-playing user-top-read"}
Spotify response status: 200
Spotify song data: {"is_playing":true,"timestamp":1784230526812,"context":{"external_urls":{"spotify":"https://open.spotify.com/playlist/37i9dQZF1F5p3rmiWPIYgZ"},"href":"https://api.spotify.com/v1/playlists/37i9dQZF1F5p...
Token response: {"access_token":"BQAErkoeSBq_j3EXxEW4xpNg86f-awV8TLaNcvDhk8y8TTNBRpqDRudVV5KQbYPEtENd4UBZ3YYLUGGJ46Ek8yKgONPt6oY5bZqELm41UNJzOe8v5pGlI9BV5Nw97u0JvZvMdskqImqph2usbVZJ8bzMqNlR4d9WYgDyuMY5esOC24vhWyOIWuvSrOri-oWVoPyy5wR0Pg3dW2_f83vliHXu36bfHlCGE6qb3zGFylmkFq1F4Rdi0SD8paZjEtTLZvxMfg","token_type":"Bearer","expires_in":3600,"scope":"user-read-playback-state user-read-currently-playing user-top-read"}
Spotify response status: 200
Spotify song data: {"is_playing":true,"timestamp":1784230526812,"context":{"external_urls":{"spotify":"https://open.spotify.com/playlist/37i9dQZF1F5p3rmiWPIYgZ"},"href":"https://api.spotify.com/v1/playlists/37i9dQZF1F5p...
Token response: {"access_token":"BQDp3S43Y98aqDLiGVtdTkMDUGcT05QV_b4DdwomF2HH9wMWRdjlNxyQJUiVsktueEjLKr7l8jnZvArinCiSGYLZe14F6OIYFi85OdcCuDdT9_OCipSdeFi26N0CSJU6RRAAoRPZTqhjY_40PTJDUWCsbfSG-GpLuWYk9s1GVeWJZNSQZFXLQjvJL56qtJAdZ2F2iMcKGcmU68rv0CdXm1g4YRh1lXOJ2uXPgvNJurBpsjCN4m21ZYNu4nm0RqoclLEmNg","token_type":"Bearer","expires_in":3600,"scope":"user-read-playback-state user-read-currently-playing user-top-read"}
Spotify response status: 200
Spotify song data: {"is_playing":true,"timestamp":1784230526812,"context":{"external_urls":{"spotify":"https://open.spotify.com/playlist/37i9dQZF1F5p3rmiWPIYgZ"},"href":"https://api.spotify.com/v1/playlists/37i9dQZF1F5p...
Token response: {"access_token":"BQAisOhnHuPKMMfCSqVLFg7i67802x77cJvfziIZddi-SpBFUqjrKC4_CgcVln95orFsnQeQGpzpzIJHEyjNbk6iqLTlQW6nJ7JUd6ha2vqJevIziK-w94B6XADPLDaIQ-chwvAMIGnm0XKPKeiFl1K0-NU8MwzzDXJ_DyMOFigTiussIwfDoXKMIr1pw-cS93AqPCFgRk1v98ZVNWCBv5HiBCQ5LJ0PdZv1JR-LPN3B7C1iWcmiaToVCTPP_SI8k3Yi6Q","token_type":"Bearer","expires_in":3600,"scope":"user-read-playback-state user-read-currently-playing user-top-read"}
Spotify response status: 200
Spotify song data: {"is_playing":true,"timestamp":1784230526812,"context":{"external_urls":{"spotify":"https://open.spotify.com/playlist/37i9dQZF1F5p3rmiWPIYgZ"},"href":"https://api.spotify.com/v1/playlists/37i9dQZF1F5p...
Token response: {"access_token":"BQBt62iKfPkWMGBXIqtTHUpWQRjZ5t9kenBGqoNFxiuKFsRs7xMcD7778rjsCydTwq_C78vxUnfqhb0PpXM1DMZa3GCBTUVUvJIGfkEyvVNVPUiar5LbLzYtx91oJyaYTAuv2rOntqppzxxzuxr0as60iTr3VdKxQ8NPncqE5c-3DcZxMYxRTWMECpsNoztSjzHT5WQ9qMlrhDg5Rq-hKo6i8ZR5V6rsDyOc37rRzc0BC3rkzwyKuXj_yrw8Oi4blvJrQg","token_type":"Bearer","expires_in":3600,"scope":"user-read-playback-state user-read-currently-playing user-top-read"}
Spotify response status: 200
Spotify song data: {"is_playing":true,"timestamp":1784230526812,"context":{"external_urls":{"spotify":"https://open.spotify.com/playlist/37i9dQZF1F5p3rmiWPIYgZ"},"href":"https://api.spotify.com/v1/playlists/37i9dQZF1F5p...
Token response: {"access_token":"BQDH5ha97w9pJHUATSOgwRw9rIq67swMDngDZdwUgMddIiwjId8B2d_0e9Bt_xJk4JQIn2K3GbB5YnrXR2qerUQojHdvATkNQ-m1VsiNTVDY2C3StoaZZ9lDT5J_Ta5_IJzRdVNrfSWIw-rD8YLwLc7A5bEsF6sjChFOqQ2SmOs2G0TNUPLPPaopB4VmaCYO6wWLMxgHiOCxLYxkngh5KbZuRU2fufPxUiAigM8Fl1VOKcw78qdKojyaLyRRNlEhddABdA","token_type":"Bearer","expires_in":3600,"scope":"user-read-playback-state user-read-currently-playing user-top-read"}
Spotify response status: 200
Spotify song data: {"is_playing":true,"timestamp":1784230526812,"context":{"external_urls":{"spotify":"https://open.spotify.com/playlist/37i9dQZF1F5p3rmiWPIYgZ"},"href":"https://api.spotify.com/v1/playlists/37i9dQZF1F5p...
Token response: {"access_token":"BQBf8JXrBUdQYdkB-SdFqG-QNG-dmAOsDQI_0kHMcAidUOV_EHkuGayOaTEjacGUODHYUq9RMBw-N13U1bYa6jyulRHU2Zdo8vbe3dsUm_hnS4tvXJnbsOR8SX3gHZDcddAESRs4E_eDyMBegrg_9ou6YlafmSlY21ja3I4RHjC3P_jipIoPwo56r2qxuDsy129Q57cbnf1LoukmqihLr1jjucbWHcVBmLPEI4jJaX592S5wRvhJUoBcWINH5lFmfhDZRg","token_type":"Bearer","expires_in":3600,"scope":"user-read-playback-state user-read-currently-playing user-top-read"}
Spotify response status: 200
Spotify song data: {"is_playing":true,"timestamp":1784230526812,"context":{"external_urls":{"spotify":"https://open.spotify.com/playlist/37i9dQZF1F5p3rmiWPIYgZ"},"href":"https://api.spotify.com/v1/playlists/37i9dQZF1F5p...
Token response: {"access_token":"BQA37YmJESxl3gPmNFxE1v0kEjAU8Cs4RewVTz8l_lV9Q7fwGNQhmqYJli4CHYNFvd4NzUZv_7UroCV7qx4edVU2rUmReeLAAGLavaGIthyzXP5l85a9vyZtWOkdwtPKlhdSttI7baz1GeC-XHgInvYIf3nreGcEnoO1nJNcM4qL2m5pS0q6VV6cbsly7rQOTuBBNIBdCjM_Mqczy5oq_DjT90LKToh5efoXxu6I5fL_hP5-1PMd0aVSz-qO18R2sVBKpg","token_type":"Bearer","expires_in":3600,"scope":"user-read-playback-state user-read-currently-playing user-top-read"}
Spotify response status: 200
Spotify song data: {"is_playing":true,"timestamp":1784230526812,"context":{"external_urls":{"spotify":"https://open.spotify.com/playlist/37i9dQZF1F5p3rmiWPIYgZ"},"href":"https://api.spotify.com/v1/playlists/37i9dQZF1F5p...
Token response: {"access_token":"BQDn9CYac968gfHaYuHI-nayPRE1JqvADxt3QViG5D8D_9krdGTTMgX9xQc40SSrMIZb3KkhWzXQMzey5oPLq_J6jkE4FNA_PZ6qL3YvU71x9Pooc-firmMRD3cB7B_zdw5L1gD0GJZC7gdR-IgmtZ2WCgfeA8Whrr8fqAY7v1BBGa1o9pqfz5e4_mm6MAFJEXQrhDMzePrc5omzKyr-PJ0p3yMVeAQJarwXh0yQyRro6Wqrr2-L7JwdaDTfz5EHPEhY4g","token_type":"Bearer","expires_in":3600,"scope":"user-read-playback-state user-read-currently-playing user-top-read"}
Spotify response status: 200
Spotify song data: {"is_playing":true,"timestamp":1784230526812,"context":{"external_urls":{"spotify":"https://open.spotify.com/playlist/37i9dQZF1F5p3rmiWPIYgZ"},"href":"https://api.spotify.com/v1/playlists/37i9dQZF1F5p...
Token response: {"access_token":"BQB1ZByPdQc7Y7rRYE8WyUoIBZJV-cexH57gZKVtYsn428Ee_rTFwBi8mamupZ9OtUY-ap5C4m_bxXJ7UMIcOvIizWsse5307HiGVIhuY5cdgfafobX0En7rLWH31HQRIp7nGImQatrSMuK7bk3gq9Fa2MrEgo08fCCXZIY1D5vKpCBxn103hIJWse5d-DtXlQ1sEZsF7QF9r0mc8buB_JbLbc99RLSKdHIdD_J6_kpVBD94RJaJC6rZQ8X8k4fcIANX7Q","token_type":"Bearer","expires_in":3600,"scope":"user-read-playback-state user-read-currently-playing user-top-read"}
Spotify response status: 200
Spotify song data: {"is_playing":true,"timestamp":1784230526812,"context":{"external_urls":{"spotify":"https://open.spotify.com/playlist/37i9dQZF1F5p3rmiWPIYgZ"},"href":"https://api.spotify.com/v1/playlists/37i9dQZF1F5p...
Token response: {"access_token":"BQDHi-a7jesl-ASrCcr6UPKvG9Ldi9_h4f_kBsnGf2ICHu831cij4haDaAhGhzFBgH4fow1lTBjpB0Rdvnw0coihOV4m_iZlPiOqD9sWD3K21viJiuaAKeikDZpo5HO52vhYD4v5AWc-0jlLBT7fe_St7kzcBytKjA42wuOQBSbEnslgd7Vy0VO7zgxPTfFITNUckGJqOlD_Y35imkdrcKhsUZiu_pa5qT91fVYuMQ9TS2s4kX1T991NWY2x-Nl7wMW82w","token_type":"Bearer","expires_in":3600,"scope":"user-read-playback-state user-read-currently-playing user-top-read"}
Spotify response status: 200
Spotify song data: {"is_playing":true,"timestamp":1784230526812,"context":{"external_urls":{"spotify":"https://open.spotify.com/playlist/37i9dQZF1F5p3rmiWPIYgZ"},"href":"https://api.spotify.com/v1/playlists/37i9dQZF1F5p...
Error fetching Spotify now playing: TypeError: fetch failed
Error fetching Spotify now playing: TypeError: fetch failed
Token response: {"access_token":"BQCKmEo2HubZlR8MN0hUFXFWsWK6PC2VfbaBXXEawgUr0i7d5gzHLI0RLvnXRSZOmHfDwpOM-T94WF-xvPsuUKmpT73kHGhGf9DbU5b4mmzokm4KmfkYlyFfnKcmer1QWoo5oPaglUginV-Z3azmzq56OfabLjv79xMEsWqe6R3npjvJcEcz1fh4kVfL-q3GNakD2UmC9rsf-t6GMHYbb63VImalPTY4XOe34dnLWyIDZec33m__VJuyR9F2dZQ_vP_2AA","token_type":"Bearer","expires_in":3600,"scope":"user-read-playback-state user-read-currently-playing user-top-read"}
Token response: {"access_token":"BQCdQEhGaoaU5AwPvH35hqxGyCc_V17vck32ON-r464kV3isEVvJNAPurmta2nUdgF004Sa1HMbCjG-YGIEbF8hfjMSJT6TCi2ien94G4nbADxKRqAIXI5uC0hGPeYAFcMv4wY94BvAICiCRc--PR14XQkNi99Bkj3RMPCaCMqNy-CwMcQ_3NzNALi0QSVsq62mJTMIgacq7nr515O9BtChoxasz5KTsJpYzKXSFD7GLJCrDNn17PghHh4NLmOkLzxXdLg","token_type":"Bearer","expires_in":3600,"scope":"user-read-playback-state user-read-currently-playing user-top-read"}
Spotify response status: 200
Spotify song data: {"is_playing":true,"timestamp":1784230526812,"context":{"external_urls":{"spotify":"https://open.spotify.com/playlist/37i9dQZF1F5p3rmiWPIYgZ"},"href":"https://api.spotify.com/v1/playlists/37i9dQZF1F5p...
Token response: {"access_token":"BQBbQRkdlXNrrfjUxCu32J_aqJtRb702fzNu4InMKFGCdVcdQUzMLJNLsonTqXJVaCl5TiUpBjbdNBizAttIsQUFSjBPwwFjMktCQxCrxYVkPUMzVIFO3Wg85EUhslKx5J2d3O_LjGBe2kYLbpTBpsgMpPIP_3nqQoMeYr_75MUmdLFLXKdB65Ov1GBJ5l9sDOxhJQHJA9IVXfqDT6iHwxRh9VcdjZanYCoO0dbahjKdVWen51x2aTBNSnhPLhfuW073gQ","token_type":"Bearer","expires_in":3600,"scope":"user-read-playback-state user-read-currently-playing user-top-read"}
Spotify response status: 200
Spotify song data: {"is_playing":true,"timestamp":1784230526812,"context":{"external_urls":{"spotify":"https://open.spotify.com/playlist/37i9dQZF1F5p3rmiWPIYgZ"},"href":"https://api.spotify.com/v1/playlists/37i9dQZF1F5p...
Spotify response status: 200
Spotify song data: {"is_playing":true,"timestamp":1784230526812,"context":{"external_urls":{"spotify":"https://open.spotify.com/playlist/37i9dQZF1F5p3rmiWPIYgZ"},"href":"https://api.spotify.com/v1/playlists/37i9dQZF1F5p...
Token response: {"access_token":"BQAMfJ0tewXFeGG5j64SbQ-mtX0qSF2R7WJCodGPkSiXXb6CtuIj-XCzs_m1QTS75nI7egi0lUvxiwx-4JgskL-su2GJwkb1hKYc07OlcTkdE_e-8CEnWZPUH5F6K0Ygre7J6TUZ8LnVK_FgB0LUIpLYoNH5DJo5vtMz1zuTAGhVfVKArqo2JXQJYMt8tebB_GYVTODlj8TKLRiuK3V8L8BWTzkfkxLFNGbTjRGXzezyrxOjs_B8wNjX_I5hJiCkJrVLng","token_type":"Bearer","expires_in":3600,"scope":"user-read-playback-state user-read-currently-playing user-top-read"}
Spotify response status: 200
Spotify song data: {"is_playing":true,"timestamp":1784230526812,"context":{"external_urls":{"spotify":"https://open.spotify.com/playlist/37i9dQZF1F5p3rmiWPIYgZ"},"href":"https://api.spotify.com/v1/playlists/37i9dQZF1F5p...
Token response: {"access_token":"BQDZ6Y_yHWbXGpcwOllG0fApv8_Z5cmWYZTI_8KxWouWeGuFp_-FPKCz4HBysgdont9TXCTeYW58PvxB8Akpq88KlJRF6VoOOPUsdasIN8vU5eNJhhBNOpNFq1AVcrH1gM3uya3n-wicNCwRfGIpcFUnGpQF_sJolBUEkhOJh2cKY73Pkn9Q6-CTVNQOp-5TT50nf1VyGNFEB6j5RVsoQfUDm70quQk4EoWyx5FkMeAjbBEHKb83ZJudR0QhC1XqkSXr1g","token_type":"Bearer","expires_in":3600,"scope":"user-read-playback-state user-read-currently-playing user-top-read"}
Spotify response status: 200
Spotify song data: {"is_playing":true,"timestamp":1784230526812,"context":{"external_urls":{"spotify":"https://open.spotify.com/playlist/37i9dQZF1F5p3rmiWPIYgZ"},"href":"https://api.spotify.com/v1/playlists/37i9dQZF1F5p...
Token response: {"access_token":"BQAWmlbOTW8VyYnXlxiiMOp0z4WX7GyxcB5RfDXewkA_rZwI1ARjS4ix2oIs9RFkMIJx9tIGXbnd0gbsVcNV8PC__DR19ukjapjTk9cIYG9RgA5AfKTnTXkC5_jRLpn2tgvxJ4lD8vt7JRtKbgPewcXRbf-SW-GTkK8lDV-R7YXC2q4haY6i_yzg3oY1HGwBY_svdmA80QOEz94NYalcjzzebZIw2aCkBQtMSYvz0deQatB2-1mn_DUzGfP4G3A2MnScLw","token_type":"Bearer","expires_in":3600,"scope":"user-read-playback-state user-read-currently-playing user-top-read"}
Spotify response status: 200
Spotify song data: {"is_playing":true,"timestamp":1784230526812,"context":{"external_urls":{"spotify":"https://open.spotify.com/playlist/37i9dQZF1F5p3rmiWPIYgZ"},"href":"https://api.spotify.com/v1/playlists/37i9dQZF1F5p...
Token response: {"access_token":"BQBrPE-Iv2F7Oo0Gd2nBfoZB_WQ52EB_Sa_Q7tWkOXy60qoh7Hs-hkTXiFU3RVOZkPTlBUj4HdBzq5XGnz6c22UmvTo30-6y9W4d49407HgkJn3VpvxxC26zZlNkzC6FJfHNEdPt78La5Q_YpNnwYVauv_tJhawZBWt_8waCAgEcyZceJ0ddfbW7z6DSZEH6LI40zbSOKl4k7LMn68uhmzbIT23OAihD4TWl9d2nbOY4_tMLRDQgGrR_LDHbsy-1G1wN3Q","token_type":"Bearer","expires_in":3600,"scope":"user-read-playback-state user-read-currently-playing user-top-read"}
Spotify response status: 200
Spotify song data: {"is_playing":true,"timestamp":1784230526812,"context":{"external_urls":{"spotify":"https://open.spotify.com/playlist/37i9dQZF1F5p3rmiWPIYgZ"},"href":"https://api.spotify.com/v1/playlists/37i9dQZF1F5p...
Token response: {"access_token":"BQBgpKiJOvtoYwPALq54jfQ6MsJ9OhBY7AQn9YoHzDL_Y_VGLvvdgASJdgRrc4gHfipZ3196AZxqOXXhO3mnV0J5wBc-pUjrObrVDF0_Q3t1HxJYPFsLUUTXe2Nfr9pYMo9lutBm1oisyh5xRFruE6e6grWGzNDEpPhtZit37CKxg_nsaGIiIc4Me3E6TtVEzrbenUQPr4kRKqmdkKSZQ4Bz8X9lqAGhZx5blYfYfQ0-0fK4HmPxLIEmGmCzXnYJSHWwhw","token_type":"Bearer","expires_in":3600,"scope":"user-read-playback-state user-read-currently-playing user-top-read"}
Spotify response status: 200
Spotify song data: {"is_playing":true,"timestamp":1784230526812,"context":{"external_urls":{"spotify":"https://open.spotify.com/playlist/37i9dQZF1F5p3rmiWPIYgZ"},"href":"https://api.spotify.com/v1/playlists/37i9dQZF1F5p...
Token response: {"access_token":"BQB6xp0mXBZMDyv-JZMF7XyLB95n6wBZ0Dfe7BzVmBxITO7KmK1c-89n9XeOTpD2QojjVA4V9SzmNCMfhpe7A6hcxcpzFFOohmEG3L4CMnFI806d1unVv6vsacbV3B4g281a41A8BAIEzN6_S33fExT9v6vKOZJPGAq61ZKG-8BkHc7-vMV0Cjokn6tHkRzeGGJAYK4xrELh2c6DVgmK8BdnXEpq3B1FfkpJP3UiWT29gPQDrkZa9s4YQCkeYcypVmIWIQ","token_type":"Bearer","expires_in":3600,"scope":"user-read-playback-state user-read-currently-playing user-top-read"}
Spotify response status: 200
Spotify song data: {"is_playing":true,"timestamp":1784230526812,"context":{"external_urls":{"spotify":"https://open.spotify.com/playlist/37i9dQZF1F5p3rmiWPIYgZ"},"href":"https://api.spotify.com/v1/playlists/37i9dQZF1F5p...
Token response: {"access_token":"BQBUefsvI8XFuY6vUiaFcuYVoaHENZ8GTXHpbm5qEaKUV8-wvHVojdR1K1ReA-iCSZlnugnWda2gJo_JKQkK0px6zceVmdLokHC-Aw8mcbJU3QEgdJlF_ZUYk5fLOwRWwUEdFrEMBF1RN-_pOnwGzpesSfzUaoVykn8JpDWnyMQ4IKZCvxnaG-9HaSIfxAAF3JXpGLvJ117ECS7C9hTct8VxGNQuoTE2Qq7ghETJ8-SXayTTRTMH0jIoSKr4Lfjs6dFMsQ","token_type":"Bearer","expires_in":3600,"scope":"user-read-playback-state user-read-currently-playing user-top-read"}
Spotify response status: 200
Spotify song data: {"is_playing":true,"timestamp":1784230526812,"context":{"external_urls":{"spotify":"https://open.spotify.com/playlist/37i9dQZF1F5p3rmiWPIYgZ"},"href":"https://api.spotify.com/v1/playlists/37i9dQZF1F5p...
Token response: {"access_token":"BQDg-lh3rtqUxc4GViKmR6EuDFkfSvbRQRy-QnT3GL_X6EDAhvgosnD6fZ3dbzQ4UNVV6w7JBzAVEjVSUbV4Mu1yGoctJSOTJVzpKc6dnXLnRiOUO1VuLiyWBCFdUIl8ogrCVgflFdHdh3KPitu55tcoTOYu7c4fK0SxuCrBfB49SRrf2UOJofHOVwSfQzAiUBP3BB10lnYwZ4xKBccEw69qruQdVqbZL3DmKTnOE30yWHFZzvPUYsKDX5U2LsP16zHCUA","token_type":"Bearer","expires_in":3600,"scope":"user-read-playback-state user-read-currently-playing user-top-read"}
Spotify response status: 200
Spotify song data: {"is_playing":true,"timestamp":1784230526812,"context":{"external_urls":{"spotify":"https://open.spotify.com/playlist/37i9dQZF1F5p3rmiWPIYgZ"},"href":"https://api.spotify.com/v1/playlists/37i9dQZF1F5p...
Token response: {"access_token":"BQCU-sXyhNq8oGOP9Hx0TDjVeNETfBZM8Lko1nToSOrgg_4C-FfC7f0wfkOTYYfi7Ml24EQsSxgBw1wfIVEAKR_1X7BNlFyPVaOiFeCUMkNikcM6hBZWv-9Q7y1DGvYf8C7VnkG8t4VTtfGmpPRaMeMCvF_Wqy74FM87f37Phtp5LHEVcgHbBndv604andQtAYaiRFuDX1zjVx7vTeMm3-rgPP0jGUxCDJZsRd-945Dc1fAYZYzypcbgzWFcZCScxKGbOw","token_type":"Bearer","expires_in":3600,"scope":"user-read-playback-state user-read-currently-playing user-top-read"}
Spotify response status: 200
Spotify song data: {"is_playing":true,"timestamp":1784230526812,"context":{"external_urls":{"spotify":"https://open.spotify.com/playlist/37i9dQZF1F5p3rmiWPIYgZ"},"href":"https://api.spotify.com/v1/playlists/37i9dQZF1F5p...
Token response: {"access_token":"BQDpDlVeVc55ZDcHtZCPZAAzclvN5Jq4uNQ_9Ut-nh2qA_6UQiXoOh-M-_rN7DFtq0_B-MhsEyLrwYcewX4HVOq_nXlCFsGkXfmOm_GXV4dJK1zK7I0kySZf31EAXiniEL7ywOfHcm62e2s_GJ6PhnFuRKPnwf3ms11nIEwOlx0Gxk8TMuZB1pwZsGusekAhFhtJY-Skhoe_2xUZZnSSbxt5FHnuq_efWALqy8KhyLVjCxCAfyGJh3IER74xBxAT_60-Zg","token_type":"Bearer","expires_in":3600,"scope":"user-read-playback-state user-read-currently-playing user-top-read"}
Spotify response status: 200
Spotify song data: {"is_playing":true,"timestamp":1784230526812,"context":{"external_urls":{"spotify":"https://open.spotify.com/playlist/37i9dQZF1F5p3rmiWPIYgZ"},"href":"https://api.spotify.com/v1/playlists/37i9dQZF1F5p...
Token response: {"access_token":"BQBlKaHKSfU9XxVfxvxF78p4Qjm-k9r29Mn_Kgm6dvI5P1QrnO0uWdVb7heCrTb5iZ6-QXF84ZWYP4hF4W4TC-7LYz_jaPypztAAfC0AkXOH83gVgpgsEi0umC7W2Hy7z20TxWt-UQcnysRWOqVmTrqBlZuPgS3h8Ztc3OetPpbsQwtrmH-H2jRpfHsZYtwlyppUttvw5gpVlWAy8_b0KD-kRrlBnsowGjBVcJAlKY6SmV8CzdrxIAFSvlQl3a8NogM8rQ","token_type":"Bearer","expires_in":3600,"scope":"user-read-playback-state user-read-currently-playing user-top-read"}
Spotify response status: 200
Spotify song data: {"is_playing":true,"timestamp":1784230526812,"context":{"external_urls":{"spotify":"https://open.spotify.com/playlist/37i9dQZF1F5p3rmiWPIYgZ"},"href":"https://api.spotify.com/v1/playlists/37i9dQZF1F5p...
Token response: {"access_token":"BQC068sUpzKRbXSZoUDAfhRoqWcx4zDVq4VN8HOnPVqu1qQNZS_cRrlO25WEd2PQl8SBGFEhZ6NgmQHHZ7cONpLkXX3xR2CLNLhhuiky0HRBf_fGmbp1iyh21YmOV8cr4sd_tm_qKbCaCObNm1cOj0AyUNGpMD2n0Z7ujMdnyN-KXdS-nzytOErKrwAlhHYQNtv9QxE3bY18kGYO1exI5zIqcgEruH-JBFolFjiGS9CXDLdEyaPpWDGrQE3lnAILNI6MJQ","token_type":"Bearer","expires_in":3600,"scope":"user-read-playback-state user-read-currently-playing user-top-read"}
Spotify response status: 200
Spotify song data: {"is_playing":true,"timestamp":1784230526812,"context":{"external_urls":{"spotify":"https://open.spotify.com/playlist/37i9dQZF1F5p3rmiWPIYgZ"},"href":"https://api.spotify.com/v1/playlists/37i9dQZF1F5p...
Token response: {"access_token":"BQChwYSsjD9hCAsyEWytQEuxuh11_435I6TQFEDcoP5Xil79aIKsERBMov_A1OxdO2fmOAFs5bDlguaarPDjCXRhTsCDrmuR851VBI0ICf-UX1ps55KZ_Kh4tBkiqRwLNIZypV1nuUaOaMhm7omJryaBjiwvtyS-UkLM_ae_kxG7VaJy4HRWs3nAWn8EiI8iDV6zmDSbTjZ8vkkAW89iAzMp7punsXPgZLzHn14Rd9Q2_FvjmX97vdjLwhFYbwhEuMYydQ","token_type":"Bearer","expires_in":3600,"scope":"user-read-playback-state user-read-currently-playing user-top-read"}
Spotify response status: 200
Spotify song data: {"is_playing":true,"timestamp":1784230526812,"context":{"external_urls":{"spotify":"https://open.spotify.com/playlist/37i9dQZF1F5p3rmiWPIYgZ"},"href":"https://api.spotify.com/v1/playlists/37i9dQZF1F5p...
Token response: {"access_token":"BQDfj15PwLU6NaqyjL4pl6JfIzmoL2OO-1MGke6R68vUE_hIC5hLkxFl8B9jM5FrO15ztZAJNoulGWGtfcg4zXefJRMRUbl9IilRGkwrGTsnqwiiwFtUWT1dtCPRemOPloFaet6aPv7kYA3KXLBV6j_ieNa5MYWsLIMK4tkRJ-aHWVeFYy9R3vuQVWZIHIkwYFr8KWRFt6Bl8-c2fFvbTWlzII6HvxViR1ux6TGtOhuOSe_5CaVTREilm5BO2DmFIjzQiw","token_type":"Bearer","expires_in":3600,"scope":"user-read-playback-state user-read-currently-playing user-top-read"}
Spotify response status: 200
Spotify song data: {"is_playing":true,"timestamp":1784230526812,"context":{"external_urls":{"spotify":"https://open.spotify.com/playlist/37i9dQZF1F5p3rmiWPIYgZ"},"href":"https://api.spotify.com/v1/playlists/37i9dQZF1F5p...
Token response: {"access_token":"BQDlF379gPslcMqacyOkCYviPsAiez4Vbc29czU2DnapNFkvDyg5dHJ1ic6wi3wyiuLiM1RpWDX2UZ33lNg4WW9CX_U3VNHuhUuPBJHsilbPHtV-DVM0_gFsl1yrxl_MQkKo0wjeBWv7XN2o3XNOirplMjGyuQBPKbbQLLBDnPO5yUf7n7QcKCMuiWSLxNHF80zc0AofQ3sPyQ1ylWRZ5DntFafX4T8nOHSfOiOlEycL_YB_pZL3XHKpTuY0wPebyPryow","token_type":"Bearer","expires_in":3600,"scope":"user-read-playback-state user-read-currently-playing user-top-read"}
Spotify response status: 200
Spotify song data: {"is_playing":true,"timestamp":1784230526812,"context":{"external_urls":{"spotify":"https://open.spotify.com/playlist/37i9dQZF1F5p3rmiWPIYgZ"},"href":"https://api.spotify.com/v1/playlists/37i9dQZF1F5p...
Token response: {"access_token":"BQBJQavg-HVkymnEHx_V4V7ZsnAXY03CGyqcr_rzDCBpNkBNPFnzBtHQ_Zq-WgIjntc2-yT7KAZsoiAMaTuaLvzl8zflkgAguDLs5u0or4ozCzGhzMuwcq5J5m0wcfevlTBFdwhS_wP1pzNW7-ZCkniCXERF-33zn-lUf4lV3ptK7p2nwB4IcZuy-hiBCSPPPBfAHl7HEUVeBkC2ThcITLocaQOv7_7U-VxHJ-ueuWyMFfGHe58W1RG6hXGBk6y3b4nB7A","token_type":"Bearer","expires_in":3600,"scope":"user-read-playback-state user-read-currently-playing user-top-read"}
Spotify response status: 200
Spotify song data: {"is_playing":true,"timestamp":1784230526812,"context":{"external_urls":{"spotify":"https://open.spotify.com/playlist/37i9dQZF1F5p3rmiWPIYgZ"},"href":"https://api.spotify.com/v1/playlists/37i9dQZF1F5p...
Token response: {"access_token":"BQBEhG8myX_b7C33Ep7jXkZ6YTa8xcGQmXOui1xQRD3rbiaobbEXKvnv6Vfc7rKn2BHsiT4pLacHQa54LqTGOshjHm_fqJvx0QOAZFbzmRv4x-bTjNAYMKha69vcHWvjw5Da62XPb_itNwzIFy3f0HSIQIF7T9diTwW02DaG6bPtp8sGjmGvh3hMi_8vIwVRe6T1Nhn6-nuD6ZbRBxuG_eNcC-W2yWzdCslzrhFt41TaoUdBH8HRXMSi7ZYQUPs_XvaXXg","token_type":"Bearer","expires_in":3600,"scope":"user-read-playback-state user-read-currently-playing user-top-read"}
Spotify response status: 200
Spotify song data: {"is_playing":true,"timestamp":1784230526812,"context":{"external_urls":{"spotify":"https://open.spotify.com/playlist/37i9dQZF1F5p3rmiWPIYgZ"},"href":"https://api.spotify.com/v1/playlists/37i9dQZF1F5p...
Token response: {"access_token":"BQDmdCcyAjFKBZFMhDNTTKWwfBAroFykWHue9tMSozolRf9xWHPjSA2WIXw1xHAiMW6vpMU3R5KaEv8CT4o2NxYviCIIgOm2qwind7vU3bIAQLQdy743LbVjHV_7zOTKLEqMMsoCNRjKoUG8CDH8SC7A9x4dJIJfdU_p-rfqtTOd_e-fVeE-L4NbMzfxa10cD4iE5_wSj08WCswnY2PVOTufhs_b2yz1hITZdlk4OY9eOoegMaxsyIafu0Xtva6AmpeBeQ","token_type":"Bearer","expires_in":3600,"scope":"user-read-playback-state user-read-currently-playing user-top-read"}
Spotify response status: 200
Spotify song data: {"is_playing":true,"timestamp":1784230526812,"context":{"external_urls":{"spotify":"https://open.spotify.com/playlist/37i9dQZF1F5p3rmiWPIYgZ"},"href":"https://api.spotify.com/v1/playlists/37i9dQZF1F5p...
Token response: {"access_token":"BQA1Eesc2YEGNNyWmzoZTzdqTMoUXUeVdB8PnOkAw6eEN1I9qwWYlq_klPB5qHdokQkds2Omaa9aaMu2S1PM-pzXrgNu8ky71hipE5vzs5OzaWorRLIFC_niirU8xC8dcBMEfDS5ahhNUfiABB2SWpy1jD8tZ0hqM2hxWJGWD3WypbkCXEsDJRK2u33dPGN4dmN7234WavcFIXG2CW2PQ2TlygsvBb3kIVS1UEW5TYgczdh5XqVJAo9TpQP_-cYjtR4NTA","token_type":"Bearer","expires_in":3600,"scope":"user-read-playback-state user-read-currently-playing user-top-read"}
Spotify response status: 200
Spotify song data: {"is_playing":true,"timestamp":1784230526812,"context":{"external_urls":{"spotify":"https://open.spotify.com/playlist/37i9dQZF1F5p3rmiWPIYgZ"},"href":"https://api.spotify.com/v1/playlists/37i9dQZF1F5p...
Token response: {"access_token":"BQBXT75xUeWoV-I46O8Jm5k0Vxe_rDju7OAoqlQzqgzA8ar5Y6Plz0f854bk057SRo2GMAsxe8FS0X5auiwr-vig9gxv1KocRDBmAaQrq4f9Cwdfkeri2nN_sfFeFtIshxIELwm1lJVWl-vxfnxC2zfXzOsLIez5-T0PPvm11FN0Rsv1UDSmCQ1LmVVrwomg6j4XI0921PNAY_JGheDd50t1fCOepcYTPG21gp1ApAlrbGdRJOFPgBraeiJ4sitrg-1Haw","token_type":"Bearer","expires_in":3600,"scope":"user-read-playback-state user-read-currently-playing user-top-read"}
Spotify response status: 200
Spotify song data: {"is_playing":true,"timestamp":1784230526812,"context":{"external_urls":{"spotify":"https://open.spotify.com/playlist/37i9dQZF1F5p3rmiWPIYgZ"},"href":"https://api.spotify.com/v1/playlists/37i9dQZF1F5p...
Token response: {"access_token":"BQDrVMBk8b4zEu4109ADTqRwukoHaYMtlNvdivG_qbu06oqdUSGjMCk4AoQg_E7krr3oIgSkyQU607dvuZVCPsBFEgc5WVZnRCukW9if6l5hfq4UHElrxQwH-9Cu4OJbOoD8WySdLwnKcV8frM9YB8X8aw0kAm-CGg_li2C8ew449ZGZJcJkrZ2cFD1jsd4HQoCTHzuLGJq7rtYaz0sgACwDRY4hr_BxoOkb1ulrzNM8noVLpKJgtgNV_IKZrZZVmYY93w","token_type":"Bearer","expires_in":3600,"scope":"user-read-playback-state user-read-currently-playing user-top-read"}
Spotify response status: 200
Spotify song data: {"is_playing":true,"timestamp":1784230526812,"context":{"external_urls":{"spotify":"https://open.spotify.com/playlist/37i9dQZF1F5p3rmiWPIYgZ"},"href":"https://api.spotify.com/v1/playlists/37i9dQZF1F5p...
Token response: {"access_token":"BQDI2B8uzT-VSSHJP5SltpXQhoKONd2YA0fAm6xGdrGzZ4l4ESqrtwR_7b12q1IxvmrCX7-Scs7WJlhfACOzIQ1-juxZr1h-BQK8zKRXIaEf2KX-dFykM7R31pBQ58TQAOGgrQx6RHYmtz6Y6OF8QPY7RPKrPYhziR0t82lAMz-9octHxtW_JyexUPuuQXCN2RtrYF9T82v1abjf5ZXYgzTiNZoYvczLZBz7kxqBpSptNP7l_G6oEgaoj0XGxUTlDASfYg","token_type":"Bearer","expires_in":3600,"scope":"user-read-playback-state user-read-currently-playing user-top-read"}
Spotify response status: 200
Spotify song data: {"is_playing":true,"timestamp":1784230526812,"context":{"external_urls":{"spotify":"https://open.spotify.com/playlist/37i9dQZF1F5p3rmiWPIYgZ"},"href":"https://api.spotify.com/v1/playlists/37i9dQZF1F5p...
Token response: {"access_token":"BQAA03emkOFTKem2W6Nf4D2mGHTnN6YSQHg4AmMcKg_0zPqlrZNP2CDRsT5jHKq6W_MVJ8bZ6wUol8NDShtHPWfvv6_ZwLOhxabeXo_PV582rdSeLlWknpaD66jfCYLc0ansKDFQGOCvz2zIS9NGvpXRpmOycjpcD8XypqU__UVgb-Ht7vSGbepIJPFdGwDv6OAqN1DXVvK5xqHO6RyPCvF-1XI_7T8TUJs-w5kfYu6jtw4IqwPQ7iCKuOZSMesmSPsRcw","token_type":"Bearer","expires_in":3600,"scope":"user-read-playback-state user-read-currently-playing user-top-read"}
Spotify response status: 200
Spotify song data: {"is_playing":true,"timestamp":1784230526812,"context":{"external_urls":{"spotify":"https://open.spotify.com/playlist/37i9dQZF1F5p3rmiWPIYgZ"},"href":"https://api.spotify.com/v1/playlists/37i9dQZF1F5p...
Token response: {"access_token":"BQDdbVmp9h0JYoXM1iKlUBFvHkffkpVbDWqMs2zvPLzDFEdgvNacVG4TTzeSyoxOvqCduaU76yRYW9ezyczoEcBpaWT85TJC62RjEKG4WNTB23XqRWh-rQfGuJ7BLOMYZQxQ8FXjG5xe0rbj2fsu9H4qjX7PVhyDRGtSRG7kivaroT_y9AdO4muc9lVQwagn62sHs7tweTHiW0Ehv5fnHis53p9BqHKXxoJxXBtVKizpo2Jc9SH9-NTzQjCBs_ZHCR5f8g","token_type":"Bearer","expires_in":3600,"scope":"user-read-playback-state user-read-currently-playing user-top-read"}
Spotify response status: 200
Spotify song data: {"is_playing":true,"timestamp":1784230526812,"context":{"external_urls":{"spotify":"https://open.spotify.com/playlist/37i9dQZF1F5p3rmiWPIYgZ"},"href":"https://api.spotify.com/v1/playlists/37i9dQZF1F5p...
Token response: {"access_token":"BQAqgFMtYy3IiB5CxtYmz8tCYSTzRgSEnAhj7whTTMLX1gPkXhbLclkyUyrM4RZoHgWt6YgtJJc-ZXP4vsrBh_ACzKR1y7efT9bZ9TplHX-EZi3iM4Wxwnh4zLPZ8gVzUPfjtSb2zsIfEkwcmrAI16Ic0eqDuHxcibnZF0Hd4ZSYwT1T2ifilJUO7ws_HneUhPcv5ZvBCOydwQFBElBygad7iledruk8gznFo0yPh5N7ClhaE_6xQhAmdFpjMEe7soauKw","token_type":"Bearer","expires_in":3600,"scope":"user-read-playback-state user-read-currently-playing user-top-read"}
Spotify response status: 200
Spotify song data: {"is_playing":true,"timestamp":1784230526812,"context":{"external_urls":{"spotify":"https://open.spotify.com/playlist/37i9dQZF1F5p3rmiWPIYgZ"},"href":"https://api.spotify.com/v1/playlists/37i9dQZF1F5p...
Token response: {"access_token":"BQC61ycbItBdtcphkEqL2YrBNROs4UheP-QdlWHEwquYG_-Od3GPPutWmkSMRBpg7kCrkPmaZ-Tk6ZnpDSNckFw0Z57Ldd2SCo2AwoKlFfgTJ6mxkQaqldTLDt6ET5j5hoCkubSbxF9GBsvZDFfPVdnoMZMmifs4Ywnko1461p9sOOy3Wm9D-peKWYC00YPl8u5ryrUtP9-qmh-OQz9ea5ruGTAPKP28aEW9mqtneU3XodtMxBDjApjPscGs-jEZVIkBVA","token_type":"Bearer","expires_in":3600,"scope":"user-read-playback-state user-read-currently-playing user-top-read"}
Spotify response status: 200
Spotify song data: {"is_playing":true,"timestamp":1784230526812,"context":{"external_urls":{"spotify":"https://open.spotify.com/playlist/37i9dQZF1F5p3rmiWPIYgZ"},"href":"https://api.spotify.com/v1/playlists/37i9dQZF1F5p...
Token response: {"access_token":"BQANIbVZMVA9yG-NsLp6XLv7l-OqGs4eldtx7nH30JPTi4v9P3lQUXUpr0R-lyDdUxgmhhv7LpRLOJ-s2pfGDXBmstpIDLtbRQiVUXmTQwPy8QPdtE6rwlpy4osGKKHwC6eakcdy_Vg2pWO2AQWiV7Zb7p1SUBQZ2PylQPAf1H7269EDhYKisMnN_4NN9CeRULVxHebq3uByb864XIdrdIgK4P-B1rmSrC1ySw3UiL_jNPkTxA_EPGU0KuQqZkclEFWh8w","token_type":"Bearer","expires_in":3600,"scope":"user-read-playback-state user-read-currently-playing user-top-read"}
Spotify response status: 200
Spotify song data: {"is_playing":true,"timestamp":1784230526812,"context":{"external_urls":{"spotify":"https://open.spotify.com/playlist/37i9dQZF1F5p3rmiWPIYgZ"},"href":"https://api.spotify.com/v1/playlists/37i9dQZF1F5p...
Token response: {"access_token":"BQBKwH2LC19IcpaUDFVcWTNl61JIDfLzZciOsQuX5hqrsISK6nhhh4bwEe7vNaHUdWjq3oMNTqVs-KML5TlZOC8o0M473bsWH7nke1gFdrP_MSkWSldszhgNLk4MjUdsYZn-ISIoTKv29_zI1TKVCKS3yI2ZEqJ11CNTPgxboTWzTBwMa_6W4UG4t3leZAhbCLZK7CgaLXDecOG_hm1KbSqlA9YBqM1pyr1JiwzduCJzRwzdytLzMYBtTbwSSMEJZy_SMw","token_type":"Bearer","expires_in":3600,"scope":"user-read-playback-state user-read-currently-playing user-top-read"}
Spotify response status: 200
Spotify song data: {"is_playing":true,"timestamp":1784230526812,"context":{"external_urls":{"spotify":"https://open.spotify.com/playlist/37i9dQZF1F5p3rmiWPIYgZ"},"href":"https://api.spotify.com/v1/playlists/37i9dQZF1F5p...
Token response: {"access_token":"BQDuRPuEeJGXg0PhgvbtnpNvZHqsxZ5dau06b-U45gN2HbDErc-cYBrKPndzHqgqqsINMAS4YJFgTcB7mvpgKH1kwIf63yLoKxO7DXYK47Ddrc2v8WEqx0JmkVSW0z-jMU_0Ced0-MrfpZ95YibAfC95nB7Mj7BXgWy97cY_AUJdE6xlsEk7OSc-2Uyx9BqXOhHqxRm96YcMblQ4zlgG16bZjfxuBKxL5tzdOxfG4ZpD_c0maj3OM6jgvn_zbAPWpXGV1w","token_type":"Bearer","expires_in":3600,"scope":"user-read-playback-state user-read-currently-playing user-top-read"}
Spotify response status: 200
Spotify song data: {"is_playing":true,"timestamp":1784230526812,"context":{"external_urls":{"spotify":"https://open.spotify.com/playlist/37i9dQZF1F5p3rmiWPIYgZ"},"href":"https://api.spotify.com/v1/playlists/37i9dQZF1F5p...
Token response: {"access_token":"BQAwGHOGhwSzeacsZbepy1KgO2EWwKzlJki_nQgpgYJFfxrisv7dmxIeRRZfVSL23o48T7GczvYHyc2HDuNtFmlA-SukEt6Je9Z8rX-cZnlu4CKp22vV8VKoPzpEgUnBCT2-m5bPAozgU8FYGXflzVXv2vMa8CR2njhMuF29Ftzj8NxGP5znFpKlqMpAy8mY_uDjVbBmH-i6A6PrA9Jfz0fp9HTyb-KbQQ-CVvF8BEK7rJsFflMTNDE_ilbeimfW8kBjrQ","token_type":"Bearer","expires_in":3600,"scope":"user-read-playback-state user-read-currently-playing user-top-read"}
Spotify response status: 200
Spotify song data: {"is_playing":true,"timestamp":1784230526812,"context":{"external_urls":{"spotify":"https://open.spotify.com/playlist/37i9dQZF1F5p3rmiWPIYgZ"},"href":"https://api.spotify.com/v1/playlists/37i9dQZF1F5p...
Token response: {"access_token":"BQC789LTmqfOS7yF7xP_XALIcosq7D0Z2sr_No7wb4_b0a93nZ93x6NuwsNutVTXWE0VlUDdlKumfdDL3mMzAAgMxq0XXKdWlouzFNHeB8aKN32aJc0dFRTmlhCwlPZVFtbfR97cNEDrm3Y0ODlyl0NEM7bE_KAJfUvUPJ0soI5fhOJhO3HvUZzycx3-gzR6FIgFauhwHe5SC-MVr2sL9hfe69h-NZI1BKQWDQ5v47aNs9elrI127Qf18-a08hlEHFP0Sw","token_type":"Bearer","expires_in":3600,"scope":"user-read-playback-state user-read-currently-playing user-top-read"}
Spotify response status: 200
Spotify song data: {"is_playing":true,"timestamp":1784230526812,"context":{"external_urls":{"spotify":"https://open.spotify.com/playlist/37i9dQZF1F5p3rmiWPIYgZ"},"href":"https://api.spotify.com/v1/playlists/37i9dQZF1F5p...
Token response: {"access_token":"BQD-_OPT6AV8pphieK7kv3GRR1czSLSgUekwdzaS_9DoLBi_5A8mZCbwYj9FvzvI423BxvddtG_odEcccvzYvvePIYMueKMPxnLID-BYiifRKW2lnhG-0FJ4IDjc545-GRFimqz8XKaraGy3a905sbwwIrkM1AlTbKwvPUQQyL6njkmya8K4cU2-LdjWGSxd9INXhqqJk6cza12wz_zUK1YskECr7RUpRFHU5rnH-yF0RvEIRfzeIHqYsuh9qS-tyF9OUw","token_type":"Bearer","expires_in":3600,"scope":"user-read-playback-state user-read-currently-playing user-top-read"}
Spotify response status: 200
Spotify song data: {"is_playing":true,"timestamp":1784230526812,"context":{"external_urls":{"spotify":"https://open.spotify.com/playlist/37i9dQZF1F5p3rmiWPIYgZ"},"href":"https://api.spotify.com/v1/playlists/37i9dQZF1F5p...
Token response: {"access_token":"BQBke6VsNL3njPL9tv0L1bDHvkQmlYIA3K4lxH62Cz_Ovp3JPx1RPoaMiNMEOMcu-PBYiTLKkTZxGRVC4ldVAuuy20itqMadsa_NQUXt8nmqLq5TVHJICGGh7GZ_eGDskUnT_tzpC3l5gLr2JCnstJjtnW9_yyjGBioiC0uvmxBwjj4YWtQ3qqWa8dCOmLIFabY4wZU9YFdnGgN0o0Tj4-n6w8iHXAhysFdSotOGC7C0efkFhOiPnT4L1oHhNg1LYLYk6A","token_type":"Bearer","expires_in":3600,"scope":"user-read-playback-state user-read-currently-playing user-top-read"}
Token response: {"access_token":"BQB3KjPaegwnT36uBor-10S8-K4T8OVMULXyFEgiQKyMOuyDsjoHIO7tY4JG6RxoyY2rrGf8d0rhr6xiRFN4NL6oxMBHMG7Z-qoxRCeGKrnxlsuG1Dj3tnUQTDfsxVP8qjC5X-kg41S1IGKLZyd73k_VXk0C07CZXUHp6hxv3myrxMkWjKafKdABBYwI7xP-8GajUiZ1DIUch9yXpw134kH3qe7nFXx3fTKv3Pik0wg98T0Lm-1pEbDapL-dGdwEU4AZ3Q","token_type":"Bearer","expires_in":3600,"scope":"user-read-playback-state user-read-currently-playing user-top-read"}
Spotify response status: 200
Spotify song data: {"is_playing":true,"timestamp":1784230526812,"context":{"external_urls":{"spotify":"https://open.spotify.com/playlist/37i9dQZF1F5p3rmiWPIYgZ"},"href":"https://api.spotify.com/v1/playlists/37i9dQZF1F5p...
Spotify response status: 200
Spotify song data: {"is_playing":true,"timestamp":1784230526812,"context":{"external_urls":{"spotify":"https://open.spotify.com/playlist/37i9dQZF1F5p3rmiWPIYgZ"},"href":"https://api.spotify.com/v1/playlists/37i9dQZF1F5p...
Token response: {"access_token":"BQCw88tGRwGeEoxRcYdL0tvHI6PL9wxYO5znfXiGlQQfqc7YDOnw56gWQM4juVmRgyvUk5uw_ZitxhrAt6iPUxsTbKWTIGZzbWx5oYK765rr9h5-dyMoS7vWdOeYnOVSZqzxpgBPM22uGMFQdV04N94NwykiMNbICblCdIwcwCPP2NgSXJk_vKd68Nk8bBK9K5SHnEgZCCcsyay5AxXoiYtrcTKhfSYNK_e2F9o3iyA0gXUpX9WZdjI0QXiNpU8Ur_-H3A","token_type":"Bearer","expires_in":3600,"scope":"user-read-playback-state user-read-currently-playing user-top-read"}
Spotify response status: 200
Spotify song data: {"is_playing":true,"timestamp":1784230526812,"context":{"external_urls":{"spotify":"https://open.spotify.com/playlist/37i9dQZF1F5p3rmiWPIYgZ"},"href":"https://api.spotify.com/v1/playlists/37i9dQZF1F5p...
Token response: {"access_token":"BQBpZEBaQX4Fd2goniCEHTYUtttfJdfLOYxcNiUNvj_pEVM4S7R7iFJ7zmLvkSnJMapOpOED59D73BVuS9JyWXSAOe9rzx_KBW1oHtvxnabHL2HDHj_l-o85wVjLDW9ju_M-Mp6Fj27JbDOGOuLQYRZM1FklolM9RvfT59qpYq7o4k6bA1fVNua3VaRCCm5LyHwQZeH54HGtI3G9v-wWyaIsN5_cKVRL1n6vR3OoZfswKLbVkamFmURmr1R5Gkc_042ffA","token_type":"Bearer","expires_in":3600,"scope":"user-read-playback-state user-read-currently-playing user-top-read"}
Spotify response status: 200
Spotify song data: {"is_playing":true,"timestamp":1784230526812,"context":{"external_urls":{"spotify":"https://open.spotify.com/playlist/37i9dQZF1F5p3rmiWPIYgZ"},"href":"https://api.spotify.com/v1/playlists/37i9dQZF1F5p...
Token response: {"access_token":"BQC1I9RI0FuFTIWHZDgUsTja21oot1b91ypfAdw3FpWuaNOLZZCridwEBULGDB-6GG1Ot7Eh8ieiJkYRwXlNsOvu7XxWeREK2XdVqKb-MoyKGFwajPK2eTk0m8-EvFVAAjwySjd8_b8EJW5Qs6JCwM4I83xZBIVjMcHr8HE_Xyk5mYQJAnXdOA5ZP7Sn1JIVfmcFBmZ2cyPMmE90KZsyL34ysnt_yZADNf-qZWsIfbrAvBlyh2OzrTiDQaXx6QkX_uShWw","token_type":"Bearer","expires_in":3600,"scope":"user-read-playback-state user-read-currently-playing user-top-read"}
Spotify response status: 200
Spotify song data: {"is_playing":true,"timestamp":1784230526812,"context":{"external_urls":{"spotify":"https://open.spotify.com/playlist/37i9dQZF1F5p3rmiWPIYgZ"},"href":"https://api.spotify.com/v1/playlists/37i9dQZF1F5p...
Token response: {"access_token":"BQD5y9DnqzZUASWi7TWWhh8bkbUwUry0_z0-7_rYuul2bG29qnktJIPHqpHZ0aDXr_trqGi8pGu6ULZISdYpHh46FYTNuR3NgZb2PgId5-wNS6o0-8N6mpmIp4-e6wc_E0EqWM6fzoppmpqNXuCCNI__jA5zFYqWTVMNpTisrtrcNIVt0T3sqALwqV4v-DYqPvh4JxfyKhBxNP8PasGFDJ85TwnQGRE46m1EcNGhx4T5eiUW-DOEXqn8JwGg-Xxa324uXQ","token_type":"Bearer","expires_in":3600,"scope":"user-read-playback-state user-read-currently-playing user-top-read"}
Spotify response status: 200
Spotify song data: {"is_playing":true,"timestamp":1784230526812,"context":{"external_urls":{"spotify":"https://open.spotify.com/playlist/37i9dQZF1F5p3rmiWPIYgZ"},"href":"https://api.spotify.com/v1/playlists/37i9dQZF1F5p...
Token response: {"access_token":"BQCkshucPr8tOwQU538BCB5BR7CD_03WQIysHgHfBRv2F8AmZj5OqDOLosNIOCT2SAqJJjV0ym3S3dViuSNpjDVWapz8AJ_qQGzbnG_YddPlpeeBP3kA5z1V8j5VTmfGnaIQ8XPB_bnjIPT0lgyEglitIipeTNVKje8ikIVwxWTypDZeUjXHr678M37LPxiWPW6_RNXlC_ra64St6OlyICieEov8yKKuoqbmHcUEJ5NZSDc4k7Nq2yPlbXDVyKI_zzvEOw","token_type":"Bearer","expires_in":3600,"scope":"user-read-playback-state user-read-currently-playing user-top-read"}
Spotify response status: 200
Spotify song data: {"is_playing":true,"timestamp":1784230526812,"context":{"external_urls":{"spotify":"https://open.spotify.com/playlist/37i9dQZF1F5p3rmiWPIYgZ"},"href":"https://api.spotify.com/v1/playlists/37i9dQZF1F5p...
Token response: {"access_token":"BQA788kuCBYrLRbx-fzgZ1jSA3BV-s-Rqgxlalp0CdNYzdne6huYL2ukCAwstQKdsjjTcAIW8taiExrMUlgLOLpP7_cM8Ya4HZXUFJKLVRM5D3wsfXVrYXKhG3eZcv0kHMrx-xoA9fZ7HGUafpclqccXvcMld_-uYQ-WifUnyMuyf9-pi6MtQjj_ZXmYiFzHE9KsgPPCJHUSBsswK4-_qSFv8tkNTkqcieJSfT4csih613KQ3TwyJs2adbV0Jt8ro3R5cQ","token_type":"Bearer","expires_in":3600,"scope":"user-read-playback-state user-read-currently-playing user-top-read"}
Spotify response status: 200
Spotify song data: {"is_playing":true,"timestamp":1784230526812,"context":{"external_urls":{"spotify":"https://open.spotify.com/playlist/37i9dQZF1F5p3rmiWPIYgZ"},"href":"https://api.spotify.com/v1/playlists/37i9dQZF1F5p...
Token response: {"access_token":"BQBBOwBUOwvAsIze0USkoxmjSbMfwXrJRXah4RULv_T8_wEO_MZwqIqXP9mqnScKa_LcOIZgWgwErCcLbzTCUvAPgeWNyXvCpWaSfHZ91Mcjv1LcU365J4ZkJTEyEzfiXiB85zrKykHe0U8Q945vZ07jbCZy6VbNuwyHWVV4egtnfRauxVdR8L1HWTtuuaLrVCCZDhH2vOIA4nuID6LB5AfWGO4pHTMEMQQWqkaPD14mHGUVCY4pqd22JvyccJSfFyfrZw","token_type":"Bearer","expires_in":3600,"scope":"user-read-playback-state user-read-currently-playing user-top-read"}
Spotify response status: 200
Spotify song data: {"is_playing":true,"timestamp":1784230526812,"context":{"external_urls":{"spotify":"https://open.spotify.com/playlist/37i9dQZF1F5p3rmiWPIYgZ"},"href":"https://api.spotify.com/v1/playlists/37i9dQZF1F5p...
Token response: {"access_token":"BQDTgiUYHIxG2nPkDnQyk0aWofQlS2uR1B0BfZN4j8X2LZDIzwSjOxQxUO6Javy3cypeULnODBHFMydCQ4aa6upmMfQ5U80YupDOyLG6xe4txs7QAh_RFv0LXcxpFQZKOz-ipxgCDq85n8F1mWIFxZEg7Kv7iATAjDPn5pyZbF_qrJe2V3R8P7DCZ1CZQpUCLC2MbaQRNd6yibwcNI4nbGz1VWAegHuqapggYQX6bhtuM9HmQgD4krTs9ST1JWFEyNQVbQ","token_type":"Bearer","expires_in":3600,"scope":"user-read-playback-state user-read-currently-playing user-top-read"}
Spotify response status: 200
Spotify song data: {"is_playing":true,"timestamp":1784230526812,"context":{"external_urls":{"spotify":"https://open.spotify.com/playlist/37i9dQZF1F5p3rmiWPIYgZ"},"href":"https://api.spotify.com/v1/playlists/37i9dQZF1F5p...
Token response: {"access_token":"BQA8PIx_V-A0bcnDRXRiSAEe1ffyjWE-zXFQaUorXuTc6zxQY_-3TGa1fylB_QyJtde6iCzSXqRU11nQdbAR5MTZp1pSi-yB-xkh5YDOKVaFaVIbx0MX8LiIUee7whqMo7z-Ffpf60-Durbzp7LIdAPn8HeMsFsYVLWycUf87Hxaxez08AuZ4gNcLPJz1wjqtRMV16WRZ_b1Xv8uhjFGn6-s9Dwr59TL6sHHd17xQe_Qqbi-s4E9xCe7_5s_gi5M8EceBQ","token_type":"Bearer","expires_in":3600,"scope":"user-read-playback-state user-read-currently-playing user-top-read"}
Spotify response status: 200
Spotify song data: {"is_playing":true,"timestamp":1784230526812,"context":{"external_urls":{"spotify":"https://open.spotify.com/playlist/37i9dQZF1F5p3rmiWPIYgZ"},"href":"https://api.spotify.com/v1/playlists/37i9dQZF1F5p...
Token response: {"access_token":"BQCCpmcFkRTIQCXUwZRLGvlyVRbxuGZwR4M5id4gdeQ3hz2q-ukT-JMXLUaVFgTEuNFeNR9mhjBvgswQUh35bnqABsHEWIM5l7JnE4LAEp_HJ_S6MywiRdYocRGbeueiSK2-nwVdiOYdZNN2DL8xnQm09EwklrkHJaff3N9HwkVhw2Zg3hpTlG3yk__GFTzRUi3wuuZfe4rTBK-Ondl0oiZuiSmiEniCvZZeqKAroqxshS5k0ESPRuP5KlizfvcjLCEN7w","token_type":"Bearer","expires_in":3600,"scope":"user-read-playback-state user-read-currently-playing user-top-read"}
Spotify response status: 200
Spotify song data: {"is_playing":true,"timestamp":1784230526812,"context":{"external_urls":{"spotify":"https://open.spotify.com/playlist/37i9dQZF1F5p3rmiWPIYgZ"},"href":"https://api.spotify.com/v1/playlists/37i9dQZF1F5p...
Token response: {"access_token":"BQAJxudk-Y9BqvylUo85SI29yg6OYcZ4OyOcrTAFJX4coyWMIV_EhIYog5xooP0rn9A401VqjRKkv_J8QmV6i2LgfZ6kDhCFIyV_TihSAouY5tu1wUXF2eA7YNiHJymvMe86Xqxul8oUEsQipKwL86EbA2iFDIu4QYqvL5qnOFGHyfURgu-RI0zkkICg1MpBpJTF2xUGCBl2lHVzKTnBR5h8of1_s3wlIQCExHJc0eJIPsmmtdhmw655sdu85YBvJCxQAw","token_type":"Bearer","expires_in":3600,"scope":"user-read-playback-state user-read-currently-playing user-top-read"}
Spotify response status: 200
Spotify song data: {"is_playing":true,"timestamp":1784230526812,"context":{"external_urls":{"spotify":"https://open.spotify.com/playlist/37i9dQZF1F5p3rmiWPIYgZ"},"href":"https://api.spotify.com/v1/playlists/37i9dQZF1F5p...
Token response: {"access_token":"BQDvCn8ogdAM9HZZ2Fidr1hmcUD48lVoO3m_Hy4A5gR5AT5NdVMdsQ3zoV1trP21xwHY5ETAX5Y3UA6Qhyv72uwsCUHVBpcgo1uWxqgW0-RvEf9pPEBh3cKvyVMuTxhWzntf04FVv1KZN_uLcs_4BZR9u-sb2MMpFWTbxWRkShSasHZhLRsVd89yB-morbAKlNsUictw9ZkhqoVljRSccZqyuGLltU5WCINSMnFuC1c05YB17TR9ekE5v2oz4-VwmPPe8A","token_type":"Bearer","expires_in":3600,"scope":"user-read-playback-state user-read-currently-playing user-top-read"}
Spotify response status: 200
Spotify song data: {"is_playing":true,"timestamp":1784230526812,"context":{"external_urls":{"spotify":"https://open.spotify.com/playlist/37i9dQZF1F5p3rmiWPIYgZ"},"href":"https://api.spotify.com/v1/playlists/37i9dQZF1F5p...
Token response: {"access_token":"BQDph5usVj_v-VZEAKgR-sdbXARJAbGGPy3O-erYxf2kSixipeEnn31L0O0cbWNyZtmgeu6VmdUHlgTO3MWMHC7s04YDNZyhIHIvK0JI3W4-qOuXiojfuvUtIub97SXGmYFcoiKiB8VxRjOv_suPBC3Ey3_-UuupA7xh5ofEGTIPaqdu-Yhr-nMsywla7YY3k9gEyHrG0S9Iozj9Tuh5eve97fnG2NWtWXRlNrmiIgANuigWNUVpaPCaSW--OJxSkBOpUQ","token_type":"Bearer","expires_in":3600,"scope":"user-read-playback-state user-read-currently-playing user-top-read"}
Spotify response status: 200
Spotify song data: {"is_playing":true,"timestamp":1784230526812,"context":{"external_urls":{"spotify":"https://open.spotify.com/playlist/37i9dQZF1F5p3rmiWPIYgZ"},"href":"https://api.spotify.com/v1/playlists/37i9dQZF1F5p...
Token response: {"access_token":"BQB3aSA0IEdl6yaR_KVzltIwd5tgSviz8w2mCO1DtSD14pk0M4AtrGEsFVotgab28lZz758MlxbRqZNZg1PKuhg7Prv3GtccpL2LrSIu0tyXo9SjtRqQp1f6DL98cZ_lNqh9SH2KnGKKcHMTBM4aOWoC8tYMJrRQ6Y6Ow5u_GRME6xGRFkznZxiC1vsgwsG_Wqg7KuVkNFGG4hAYvrAzHfZfO6pngaAMWqG-Z1lziSLVvy1wxr7dZ3XUrkrhR8LGK51rgQ","token_type":"Bearer","expires_in":3600,"scope":"user-read-playback-state user-read-currently-playing user-top-read"}
Spotify response status: 200
Spotify song data: {"is_playing":true,"timestamp":1784230526812,"context":{"external_urls":{"spotify":"https://open.spotify.com/playlist/37i9dQZF1F5p3rmiWPIYgZ"},"href":"https://api.spotify.com/v1/playlists/37i9dQZF1F5p...
Token response: {"access_token":"BQB5w9f2opX5kl-UoNtCx1wAIfJCAhMhKnhU_ZSFDaL2SaZdDIk1a2VasCjo7RVeCP9ABEZ4rKnaEUxyV6P8LrF0x1-zMjr1ZV6q1n5VdGYGKbLak6uoZ9uvrSeC0dhSG7CHfZh85_dOlOfqOYukEI5oD0u5aZFywJB8bfs93Om73M031sloaavO3uhLpWuYlJDc1R5wk2wMo80tGj4XgLJSa_MP02owqp4mR6JXo-vcd_64wLC5AcG0WeQCRrMfM-485Q","token_type":"Bearer","expires_in":3600,"scope":"user-read-playback-state user-read-currently-playing user-top-read"}
Spotify response status: 200
Spotify song data: {"is_playing":true,"timestamp":1784230526812,"context":{"external_urls":{"spotify":"https://open.spotify.com/playlist/37i9dQZF1F5p3rmiWPIYgZ"},"href":"https://api.spotify.com/v1/playlists/37i9dQZF1F5p...
Token response: {"access_token":"BQAiJIo0HhCt66c2QO0W-6FdL8GPcpIVCBx-YUPK4qIl2p_eCW3G3rMvSO5qGHIMAou3G9cYBwbwpdnOJsnOiPdPNsGUJ5v_HN0UzOMG03EOE_RpmZl9K0sT_lNhW6rifAFfTVU47GqRnVSTbodVpx1a5cWa61SHOB-Vr5a_k58evwef14Lgj5ILemdgfrPNKQ5dnFdDJUPgSQV5cD5PvJB8EXjm5Qmv7CVZrjV0cIhzTn_Ngn7If7KeVjxeaS5raANbww","token_type":"Bearer","expires_in":3600,"scope":"user-read-playback-state user-read-currently-playing user-top-read"}
Spotify response status: 200
Spotify song data: {"is_playing":true,"timestamp":1784230526812,"context":{"external_urls":{"spotify":"https://open.spotify.com/playlist/37i9dQZF1F5p3rmiWPIYgZ"},"href":"https://api.spotify.com/v1/playlists/37i9dQZF1F5p...
Token response: {"access_token":"BQDKOedPYcCn92a1YPONKjltDBm2x314c5FICifZD-15-tbKfGz4RpdyN-suvtl5qoY8KItFjXWtHkkXnjY68VlJIvlbRuf-4OOHhMbUiqpgg7dOZHohmp27LCq83NFKQOsLQkN-xTLYWefrnHBaxDqFXxr-rHGSdHIjL5MrlTU4uu7FILcXKyk-iOuS8MNw-3nhSrXEuj-QuO03D7xvymZKkHxHKorUDUwZkKJenRQZjucpfgC_HSB6wPupzNAKJxemYw","token_type":"Bearer","expires_in":3600,"scope":"user-read-playback-state user-read-currently-playing user-top-read"}
Spotify response status: 200
Spotify song data: {"is_playing":true,"timestamp":1784230526812,"context":{"external_urls":{"spotify":"https://open.spotify.com/playlist/37i9dQZF1F5p3rmiWPIYgZ"},"href":"https://api.spotify.com/v1/playlists/37i9dQZF1F5p...
Token response: {"access_token":"BQBAjUHk0yKjUTWP6ttFEs3zrbyYNxFIddoZWmUd-v5BEccj8kZNzE2xZ6xBjzDXA61wXI81p06pKEYy4Js8FvxKkVu-Pp1nNjl_x4CnGzqj2QluXHLfQuPqWSyb51NTjGyWInDkxxUymfveo6NLVKJPxSYNu9sA08NPQsmb8ou0bXwaYzpQYo07RtBvE_2MEiXbQU9bpI4EXDzdh49P2njrK1rRR066LffazlKkb5pwsqddKANwGcNQb6i_BmZ1bgSPWg","token_type":"Bearer","expires_in":3600,"scope":"user-read-playback-state user-read-currently-playing user-top-read"}
Spotify response status: 200
Spotify song data: {"is_playing":true,"timestamp":1784230526812,"context":{"external_urls":{"spotify":"https://open.spotify.com/playlist/37i9dQZF1F5p3rmiWPIYgZ"},"href":"https://api.spotify.com/v1/playlists/37i9dQZF1F5p...
Token response: {"access_token":"BQDf0B5KlqRmg6cqah5lpzRkiqPFNSEQRIJvhS_p7vNXWclRWm1ZNVzAfgRQyVRWGmUYmasdSlK2N2vBzEwo5qjZa-ZZnYMoiwjHfWNFTp6h7ToKK1yMUigcqz4hvxgAIoGsjoECiobL64q2SdYZiphkcc8clc4ajH1L8xnaNYykg_u1f8ZJG6u_TzsC3qbrEaGWL_QuXfQepUGJHdWkRVQlipyhKsh_9Lw0P4qI6cJb-rSLKG1E__owBxcIosyZ4WOwoA","token_type":"Bearer","expires_in":3600,"scope":"user-read-playback-state user-read-currently-playing user-top-read"}
Spotify response status: 200
Spotify song data: {"is_playing":true,"timestamp":1784230526812,"context":{"external_urls":{"spotify":"https://open.spotify.com/playlist/37i9dQZF1F5p3rmiWPIYgZ"},"href":"https://api.spotify.com/v1/playlists/37i9dQZF1F5p...
Token response: {"access_token":"BQAnQYikdKMrVSXJGNeLWK9FNIfBVZjrh84B0crNcOSdACIrVTzgPkFkUHGyNHmejtz_k3mAY52pjBeGbaIVDbUdvLXP40WxmN321q0Anmj5icJKdQwarJ4aE4WguEsyM1EwIlzBC-GhLmzW2fXDnC2BBTz5rnJBm9lLihNSDK57tCiNWUaw0LDH99hjpQmaMLSC9nIfNpIt9yDcWXhp955PlRgD6OiEzN_VfXLiZQtc947NgWNw6LRPB8wtzuHrraMupw","token_type":"Bearer","expires_in":3600,"scope":"user-read-playback-state user-read-currently-playing user-top-read"}
Spotify response status: 200
Spotify song data: {"is_playing":true,"timestamp":1784230691656,"context":{"external_urls":{"spotify":"https://open.spotify.com/playlist/37i9dQZF1F5p3rmiWPIYgZ"},"href":"https://api.spotify.com/v1/playlists/37i9dQZF1F5p...
Token response: {"access_token":"BQCiwbgADobCyOk-GwzmcxoxroB_uPv34Z0LsvOBahbn18UoruFaCZLza1jsH-xco2Jw97mQeF9SWp6hRfaGf6XjZDw9czTh2abGVp4D6aWStX8IyBP3K7vGfm1wiK_rTQuYbv4fczxHNZ8CUCLjt8cP2UDVKEOM2Zz6MCkGTm4OdmKuHRZco1N3hIvOb3Lztdtivb_a9xJ_dxRqg66V0Hc_H_4bC5CyV2j3COZzEHHfSMG5UDyY132CJWn0GGpG4L59Kg","token_type":"Bearer","expires_in":3600,"scope":"user-read-playback-state user-read-currently-playing user-top-read"}
Spotify response status: 200
Spotify song data: {"is_playing":true,"timestamp":1784230691656,"context":{"external_urls":{"spotify":"https://open.spotify.com/playlist/37i9dQZF1F5p3rmiWPIYgZ"},"href":"https://api.spotify.com/v1/playlists/37i9dQZF1F5p...
Token response: {"access_token":"BQAzk35eFmwejmAFjxZu_Pqxm2mjsblphYVFxB-uJuMvqPsMs38MuNWVSurhdVXuZnJxWHVTB4QNdKGnmeAl1mRQ8F78luISIoeemlM6cCw13D0OTiFrJREkBMpNs_mCqeTYkpw1nFTTRSsI85dPjXH_BBTc4nN7bP6YfKzbC5NATUQsmOETmAtF5y_git2321sCzmfhwWQom-FylAL-D63K8zQqgVkEKXaUYV8iocHQp8gleSZL41YN84C4j6CbMpIhwA","token_type":"Bearer","expires_in":3600,"scope":"user-read-playback-state user-read-currently-playing user-top-read"}
Spotify response status: 200
Spotify song data: {"is_playing":true,"timestamp":1784230691656,"context":{"external_urls":{"spotify":"https://open.spotify.com/playlist/37i9dQZF1F5p3rmiWPIYgZ"},"href":"https://api.spotify.com/v1/playlists/37i9dQZF1F5p...
Token response: {"access_token":"BQDcLJzkqMeGuQse3JlipKN9IoZzeu7cOT4X7A8pzZHqnePQ9ZjE5lpZrMGqo13ibk2o0SngiuZSI4SmjoynNvCf6rRxIFsNzrAX_mxmUs2zOh9iSMi1BaJvrB9Y97VPP_dj4yG3TxW7oY2fhxMAbARoqGjYl1NMAQTqSgzuYXIBQkqxSX32hvQx-a0hatqcoIcQvbymIDhWetd82P-Oqmkgtdy-e4eXvw4egePP--lv1FUYekGiLrvc1K0I6T332vVZsA","token_type":"Bearer","expires_in":3600,"scope":"user-read-playback-state user-read-currently-playing user-top-read"}
Spotify response status: 200
Spotify song data: {"is_playing":true,"timestamp":1784230691656,"context":{"external_urls":{"spotify":"https://open.spotify.com/playlist/37i9dQZF1F5p3rmiWPIYgZ"},"href":"https://api.spotify.com/v1/playlists/37i9dQZF1F5p...
Token response: {"access_token":"BQDewGez081_6IjlUzNd7hpO5XG9j4HQBjd3K6Q3iRIIo1ladugDXpufA0s_Vm6oOIYHGCH9dMMyKt8E6UqYcZKE_piuXtXTafjhad5eCWY-aM4528lMZPzvv4oT3eP7-7xumjcIJd2aJANEF2luCWJo38IO80_8HN2i-l_9DLX-w3-LKFbROMYW44oZuyQIVocU633bD2aHatTVk33_ElqtnQDAZf6dJ5XBf9zuJ3FC52brXpcaFhritjW1azyDSuKOSA","token_type":"Bearer","expires_in":3600,"scope":"user-read-playback-state user-read-currently-playing user-top-read"}
Spotify response status: 200
Spotify song data: {"is_playing":true,"timestamp":1784230691656,"context":{"external_urls":{"spotify":"https://open.spotify.com/playlist/37i9dQZF1F5p3rmiWPIYgZ"},"href":"https://api.spotify.com/v1/playlists/37i9dQZF1F5p...
Token response: {"access_token":"BQCs6DA1yC8YUnVn42ncmQUocObuAfHzUpQRNS_l1S9QlDQQuucXvUAheI_Tz_LgCGX6Dwa4HNRgl0OXqCi5anEeiXww4PGjMMHtYZf-UlIDRwXjKG4ZDNHiEt3TpzZbqubCfafGc-fCKtfmYg6wGi9cE_K_TIpiiD9xzgTXXcweXEbLdmtjxa0ULyBi9iXgX5bbh2ci7QERfMO9LLFMPJDZ8ZezQCtBDu7ObFVHNGHkJQUvgWjV9W48KIgBqh8zxb7F8Q","token_type":"Bearer","expires_in":3600,"scope":"user-read-playback-state user-read-currently-playing user-top-read"}
Spotify response status: 200
Spotify song data: {"is_playing":true,"timestamp":1784230691656,"context":{"external_urls":{"spotify":"https://open.spotify.com/playlist/37i9dQZF1F5p3rmiWPIYgZ"},"href":"https://api.spotify.com/v1/playlists/37i9dQZF1F5p...
Token response: {"access_token":"BQBWw8IXCUaOo48sYdM97WI2Y-CdzXgnueTSKdz6LDSQJd9DvLru6NhtrPHi922PG1SK7nPWjt4WcmGSfxMtZGGdAUB21rv04VZcFm9a1LDDKHOr2_1RXMIaZFxbPw0c9ZV1hHOt1lpvyhTCcaS0bDny7n9ckn41xCHUn3ZRQzoyJokHV2QQ03nephl1cErpD2MmlL4_TQVu4AtVGNY-PvUHe_AsyESpRY3y_36FDVBpdCdjZLfpRzZqaQSR6Ylm7VrwMA","token_type":"Bearer","expires_in":3600,"scope":"user-read-playback-state user-read-currently-playing user-top-read"}
Spotify response status: 200
Spotify song data: {"is_playing":true,"timestamp":1784230691656,"context":{"external_urls":{"spotify":"https://open.spotify.com/playlist/37i9dQZF1F5p3rmiWPIYgZ"},"href":"https://api.spotify.com/v1/playlists/37i9dQZF1F5p...
Token response: {"access_token":"BQDc2PAbvl7LObzfFTIJJCJojHZXpESnL1kpNXOTY2ESP0BZ4-yTpJ62lUUJdakf9WHAirhIW0tjiizVOJGl1967S0nzeTzX4E3JGO0xOcHK1zLLaBiW2H89QqeJpd_LO2bnzpZh7TukN54XYrvDIfnCmmSDx0A9x51h0CQBWWkkdTSJo7D-92OSa1t6dB4A_xI--pb9LOpxyaTNv1vNL-z7zi-XnRgbe0nCxfihJpcOzD0RZlQVvfXiDieZBfOEyrJlDg","token_type":"Bearer","expires_in":3600,"scope":"user-read-playback-state user-read-currently-playing user-top-read"}
Spotify response status: 200
Spotify song data: {"is_playing":true,"timestamp":1784230691656,"context":{"external_urls":{"spotify":"https://open.spotify.com/playlist/37i9dQZF1F5p3rmiWPIYgZ"},"href":"https://api.spotify.com/v1/playlists/37i9dQZF1F5p...
Token response: {"access_token":"BQA4s3wnT0YNpy69f3wCT4nnHnIs1WrnjBgFL6eIRNPuSK-7I9wf4OnVL9G87VDWrc0NR2Ehk0pKzAfSy54m3J8s3engSOw2mlMCB-Ag8x6XFFsG8JpjxJcUjKj3laAjiJNKQ_Wj_im55Fuc8VMN8Lw_Dvg2fj0yxTd9TkHEjyajlWH7j-9V5G0DCNKNxayuKKV6FgVH3zvkMc5C4ytpwFtqALN1mrJ5C2p_0OkcI8_AJdef3VQhvPd0A1OpCUhqPLTHQA","token_type":"Bearer","expires_in":3600,"scope":"user-read-playback-state user-read-currently-playing user-top-read"}
Spotify response status: 200
Spotify song data: {"is_playing":true,"timestamp":1784230691656,"context":{"external_urls":{"spotify":"https://open.spotify.com/playlist/37i9dQZF1F5p3rmiWPIYgZ"},"href":"https://api.spotify.com/v1/playlists/37i9dQZF1F5p...
Token response: {"access_token":"BQASrcniuUtAgkMPPRcAeMrmLb3jH43h1wY6tP9hi6qR8B1pVy2Ji02Ppf1j-nnGztGdBug9n0B0torGq4Vu31tsPKj-7atx-ew0fmp-ypYM03yeo6SQrWR9mLWaJ8lm5d2Kc92mYNOb-e6sA6Q-z2tbG6nU-vweIKInhqToD7GDLUEkirtHysZ_P5odZhfj_fkO4blsgbEhnAltNBbaHpvL_THvui7tq0x2jgqQH930_EoJEDjQKYz-1xhUh3nxwLe2sQ","token_type":"Bearer","expires_in":3600,"scope":"user-read-playback-state user-read-currently-playing user-top-read"}
Spotify response status: 200
Spotify song data: {"is_playing":true,"timestamp":1784230691656,"context":{"external_urls":{"spotify":"https://open.spotify.com/playlist/37i9dQZF1F5p3rmiWPIYgZ"},"href":"https://api.spotify.com/v1/playlists/37i9dQZF1F5p...
Token response: {"access_token":"BQCLBVdYcVkzxxTAVgPaW1ptuOOCJ_g1fVemp8rcXiNC3wlmEYNecgBVTKsmHoDQCxnJsv5jWrUAqQS0ri5IS66aWNGso-rGzMYCk_IdHJW_ZeOK-cJ9VckIvaO49Bz4_cpQmf4zveRoTtHlbI_WN6vWYceVdcT_R5_6-uO6TdHw7wTCdB6KiJe1N6Jmad5JMZ5MWtazUZ-5VjM0i9ViUUSBSlfaq6wAg8dXpanXDvpA1pEFnqp2d9siWEy10gJ7E4nfoQ","token_type":"Bearer","expires_in":3600,"scope":"user-read-playback-state user-read-currently-playing user-top-read"}
Spotify response status: 200
Spotify song data: {"is_playing":true,"timestamp":1784230691656,"context":{"external_urls":{"spotify":"https://open.spotify.com/playlist/37i9dQZF1F5p3rmiWPIYgZ"},"href":"https://api.spotify.com/v1/playlists/37i9dQZF1F5p...
Token response: {"access_token":"BQA9QoCy1vpnZEiWddXisbGqKt3XpPb59o15FJhB9eDZUEy_BBiCPq-Kk9b5e0sKvgltkmzE8xGT4twx3vCSojfNNeRb6exHc1fKYdpZFEe5lvcllVb5WItmGLYIveOn7b_yLzjttXCY3_jpQvr0ed466TPU7Ur2_SuoF4nOSRVrnZto8UG4kDKRdHJBA1bu3c6Cujy3rHkYiHsCn_6LrPKsRNZyIuGM5C140djAIsHBVgRodGvJFKhzVY_dO1XctlwhpA","token_type":"Bearer","expires_in":3600,"scope":"user-read-playback-state user-read-currently-playing user-top-read"}
Spotify response status: 200
Spotify song data: {"is_playing":true,"timestamp":1784230691656,"context":{"external_urls":{"spotify":"https://open.spotify.com/playlist/37i9dQZF1F5p3rmiWPIYgZ"},"href":"https://api.spotify.com/v1/playlists/37i9dQZF1F5p...
Token response: {"access_token":"BQAtwpMZqWqqaTpEiMNotvDeeeE21kZnp-K6ADrrS3ciz3_J9jniXkjCONl8uzaNI7GbaezxZV1ZxsNSBd3Pn5KbVM6F8mgfkS79V195h3nNuj3E1poctq8-n3Tb2ZxEEnDHbp4puj1LO7CeEnFD4AZciJzzO66CNsBFgghG3IZ10L9CN2_eJT5Cl_po34_TQLJvB8Bepwa-2yBT_OgKg1qjH9ntPFkvq_Py8IgGEeSSzgAUPCQ85ivg7wiIiHNJcfc3Fg","token_type":"Bearer","expires_in":3600,"scope":"user-read-playback-state user-read-currently-playing user-top-read"}
Spotify response status: 200
Spotify song data: {"is_playing":true,"timestamp":1784230691656,"context":{"external_urls":{"spotify":"https://open.spotify.com/playlist/37i9dQZF1F5p3rmiWPIYgZ"},"href":"https://api.spotify.com/v1/playlists/37i9dQZF1F5p...
Token response: {"access_token":"BQDxaVgEpvUZYjHrrlwRwhfahZQI9jHzNPc8YSGeEuuviMRw-QoeAQEIRCjluM6-eMoCscuYN6wXmqWORpoKWc7D7waS0fvan5ANiHah_AjLq6t0fS77M8kEoEH7_Y8Q8Bz8gS4yB6hHXenb0Zm8Peqqudk5w3AjzQ-bEUy6okCrNKFuZrk4Ix3aDBOT2BoNPq708vBoTTgr4yPSGByA3xv02ip60BHnXaP-99QYb2tuXx0isPk4WHCWKTkdHrqDXrzBNw","token_type":"Bearer","expires_in":3600,"scope":"user-read-playback-state user-read-currently-playing user-top-read"}
Spotify response status: 200
Spotify song data: {"is_playing":true,"timestamp":1784230691656,"context":{"external_urls":{"spotify":"https://open.spotify.com/playlist/37i9dQZF1F5p3rmiWPIYgZ"},"href":"https://api.spotify.com/v1/playlists/37i9dQZF1F5p...
Token response: {"access_token":"BQDcyra3gdmqkqXFRgR6hd9SkM-meRv9Rg5TJXhFelc32kFatYcl8FQ_KK_4tuhMIog6pVhUW5X3Q7sTxTrW1UwYXixPR0yuJnqukUNlBD3BaHA3nHhNSULvqmuA3QMDZYj8uc3ZW1Mzhxz7Uoo9F72i0w85MfVwKUd_YEVLwQ1fGfhAiRZx8OUXXBQC6mNeFVOhXjrbRcHI5cGIapBtBAbgPvbQ_RIZi66jAHptUddkrYkHMCcMfEwzopz7x9QG5o4GRg","token_type":"Bearer","expires_in":3600,"scope":"user-read-playback-state user-read-currently-playing user-top-read"}
Spotify response status: 200
Spotify song data: {"is_playing":true,"timestamp":1784230691656,"context":{"external_urls":{"spotify":"https://open.spotify.com/playlist/37i9dQZF1F5p3rmiWPIYgZ"},"href":"https://api.spotify.com/v1/playlists/37i9dQZF1F5p...
Token response: {"access_token":"BQDbn5ffVrCAJcnAorTe17NqDwzmsVBW1cKli19QjJuRqE8gc7SxdJr70FbK_sv0DuMDZE3My4xabd5LvD32YwIRjsZXr7BzU16nwk96xepze30r0kNfznsKgXLzGPT2JjmMV2-pyi58M-zeANYYFJ1OT_TKDu3QwyFnY2SxxqW0arSHfG0rJUuckaDdWn_rWgec1VjKRxKVwvdq2h7BmUZF_6gcdZs-iMKcpheEOrLRUzoJQ1nAcgdB_htchH2vSNJSbA","token_type":"Bearer","expires_in":3600,"scope":"user-read-playback-state user-read-currently-playing user-top-read"}
Spotify response status: 200
Spotify song data: {"is_playing":true,"timestamp":1784230691656,"context":{"external_urls":{"spotify":"https://open.spotify.com/playlist/37i9dQZF1F5p3rmiWPIYgZ"},"href":"https://api.spotify.com/v1/playlists/37i9dQZF1F5p...
Token response: {"access_token":"BQBFeXo5jT9Rvkumbti1eEpINThLtYJ5ZvmltBcA28r0-0czTJcrdHEPQoVk3od4ig8ParSK6Lzwtaoi4m8hRc3GBsDfYx_zAbiTNruONdu4kIUn_P1W6y8ZJgIPAPGXSdYtzDvDcpSdTaho5iu5kt89-TT7HLX877CSq99XRv1juOsq06WbtPwIoTCOw5Ctkr_MSzgka7OCJYSc5vbtlUdt5R779ANb2eCCljzww3FlbbWfCDbwDqypoeqK13VBhpDGgA","token_type":"Bearer","expires_in":3600,"scope":"user-read-playback-state user-read-currently-playing user-top-read"}
Spotify response status: 200
Spotify song data: {"is_playing":true,"timestamp":1784230691656,"context":{"external_urls":{"spotify":"https://open.spotify.com/playlist/37i9dQZF1F5p3rmiWPIYgZ"},"href":"https://api.spotify.com/v1/playlists/37i9dQZF1F5p...
Token response: {"access_token":"BQCdwYsA96G7W-BN-eMsxZ3jqQS0W3ZMH0PPnSv6GKoBRhif-StBJTG5Qlv2AZ3oz5qpLQyFzvZ3ZpoeEL7rETvaSwi59C-oi7TMF7TuEq7VktH0RYh0xvCVRxul3TlwDVuzHfktw4hmDeCqSpkgugKaI6zJCg4hos_nb9-_01lwF6UJec2_XiJjjIi7WLwiqqb792QEvo-SWSMxq8PolEzg5FMfIdt4fDB-FFyTnqpopPEvWdKX0wjyBXfRHKyFuuJkcQ","token_type":"Bearer","expires_in":3600,"scope":"user-read-playback-state user-read-currently-playing user-top-read"}
Spotify response status: 200
Spotify song data: {"is_playing":true,"timestamp":1784230691656,"context":{"external_urls":{"spotify":"https://open.spotify.com/playlist/37i9dQZF1F5p3rmiWPIYgZ"},"href":"https://api.spotify.com/v1/playlists/37i9dQZF1F5p...
Token response: {"access_token":"BQD8s54HVV-DVnvMKM1dRBjo6NHsR5VsK6OjYmZIGDjuBQ7iV8N6eH9cQagmZPNO3UtpphsaLwjnVECEwpOyLIx3tGqBuGW-SC36Ue2Bct8zyTqHMQy3N1idiEs8LZUZmi9hYbIfcK6vT27tJWbz1QKEBrjkUGjXd5LsmEb9IWw0mAuvhCqzfOI79DP2ILroefYxorrmik9KTWXZl7Dn1ThoiUqVrHp1nJNPD6ZYr5YRmKdaH1F5wD5hGqjUfCjaBDMNWA","token_type":"Bearer","expires_in":3600,"scope":"user-read-playback-state user-read-currently-playing user-top-read"}
Spotify response status: 200
Spotify song data: {"is_playing":true,"timestamp":1784230691656,"context":{"external_urls":{"spotify":"https://open.spotify.com/playlist/37i9dQZF1F5p3rmiWPIYgZ"},"href":"https://api.spotify.com/v1/playlists/37i9dQZF1F5p...
Token response: {"access_token":"BQB6w47v1w6bKiZKx7EJkX_-XNGYdEi43xmhsvWo39WSokUanvqjiXDFavIMmk0RZBAYQ93DccEbsTFY1IdsOBSdtZFu53Lh-rfNEdqGqXIkL2oRJFX37NWJbkO644quzXxun9MWpnxwN3UswU3WMxTSlNghHfVbyyVzQQEVnb51mXyMtMhkq_mmYry1Ri6Vr7AenqmlB8WxHsBdwXiO1oVQEXWx5MSpTuR9_cMxvb94SmLDrf6Wz0OqEnGmoYLAfJ9P0A","token_type":"Bearer","expires_in":3600,"scope":"user-read-playback-state user-read-currently-playing user-top-read"}
Spotify response status: 200
Spotify song data: {"is_playing":true,"timestamp":1784230691656,"context":{"external_urls":{"spotify":"https://open.spotify.com/playlist/37i9dQZF1F5p3rmiWPIYgZ"},"href":"https://api.spotify.com/v1/playlists/37i9dQZF1F5p...
Token response: {"access_token":"BQCY3npWjmUSak3X_V8Nq-kcmdTRoPb88edNEvSXTaV6FfnCKDvY_tpvr8O9aVetT04aIvq5HZ3CgINO568Hk981uUgJ_opMwXUcCA4ZF6Ek8O63PGVjAJbCjK-3NR3pLz8a5br3ij7a960dCtA66TfDJdPw5gUWU71XJx2jMl3cXY4EMEqObMH8ev7Ph-WOm7_qDniiCKOWbrbHmSL7LzTGBgVEJYgQosqjaxWRLEJnOjmqVv_XcZs2khfjyjSlsXa8qw","token_type":"Bearer","expires_in":3600,"scope":"user-read-playback-state user-read-currently-playing user-top-read"}
Token response: {"access_token":"BQD8spByUw_6ugE7ZN1qD_h8YgiEbHyJJcVJSUpXt9Pq7vkaBy2eFdqaUY4591Wb4YAAAotDNwBHuQIn88iBy1quO362rH4vld1LXimrzBxXUB5c8_Xic9XThtfsQ_YSVr9Pm8veiCi_jqCZaR1sTWjKUZleQ3Lm1kcOz4VbMlcLw-02fiwusuYytzwEq8ENtmjkvlsrK8WXmh7en6LuTmqoPkHYlH_kb5MqivzpXcWY2XOfrAbJHCxMLjCg-NmmRFfX0A","token_type":"Bearer","expires_in":3600,"scope":"user-read-playback-state user-read-currently-playing user-top-read"}
Spotify response status: 200
Spotify song data: {"is_playing":true,"timestamp":1784230691656,"context":{"external_urls":{"spotify":"https://open.spotify.com/playlist/37i9dQZF1F5p3rmiWPIYgZ"},"href":"https://api.spotify.com/v1/playlists/37i9dQZF1F5p...
Spotify response status: 200
Spotify song data: {"is_playing":true,"timestamp":1784230691656,"context":{"external_urls":{"spotify":"https://open.spotify.com/playlist/37i9dQZF1F5p3rmiWPIYgZ"},"href":"https://api.spotify.com/v1/playlists/37i9dQZF1F5p...
Token response: {"access_token":"BQAAj0Hm9LNkRZoXrP96VUsJguKnjdV-srdlJBJ3mofZGMFm23JubgyfAZlLqXVIoNTSzZw0ULfq8-7xy76Y-7drIO-YwVnymmvw0AiL9z7fzVE8vxvdJLY06W-SJBArOwIwO1005JD-ppQ46MBymtQeMx1hBYivuZOCcT_2_KGziD2jJNS7ginUl2r7pVxNuZP4JwQGbVlihiMJoF77lCN2y_5A2Hzl5I41CLlknGg6uTQ2rDLfx1tvulm2Cf82Ac1xjw","token_type":"Bearer","expires_in":3600,"scope":"user-read-playback-state user-read-currently-playing user-top-read"}
Spotify response status: 200
Spotify song data: {"is_playing":true,"timestamp":1784230691656,"context":{"external_urls":{"spotify":"https://open.spotify.com/playlist/37i9dQZF1F5p3rmiWPIYgZ"},"href":"https://api.spotify.com/v1/playlists/37i9dQZF1F5p...
Token response: {"access_token":"BQDzbgJcx4ZryzsGns9M74u9S2TKR0WgQ1SvqdHqsW-07XrJbYoeJAkBGMvoBdBfYWYKLLVzDLIxpi4iDInqaqV83kDSiTtch2MAnl8R8DKETKK2InTKSjhlx7uJqHuFXuRO6bcHccUf-cMgyJgnm3f81W4etcT_VqKC5R2ccYsD9Xl_rP9gXQ83WwZm2fR5LQbcxt06MqGG6kH6kCK0uj5g_13sZTfwDpv4MW-TWDdXZDQ1tC_MnQmYNDQszxyB69UYYQ","token_type":"Bearer","expires_in":3600,"scope":"user-read-playback-state user-read-currently-playing user-top-read"}
Spotify response status: 200
Spotify song data: {"is_playing":true,"timestamp":1784230691656,"context":{"external_urls":{"spotify":"https://open.spotify.com/playlist/37i9dQZF1F5p3rmiWPIYgZ"},"href":"https://api.spotify.com/v1/playlists/37i9dQZF1F5p...
Token response: {"access_token":"BQD7f3y7SOyT-hwfVFGzJ0mKCBuIPLoba2sNGeFbKoK670m9HoBJ9mcDR0oMG6pBDfaYAVily22HsPee6oENuoDyQ3ir-6kokmuHqoDt5vbKw9xbN7DAb4rPWS4Fiag5weVcpT8Mkhhkf4JgZz34OfgdLevX1ys2UY9hJ1UzVENWH_qL9xXqPPi8cYiuTGrpXP4r_YzdPoiZ2XtwBVTbcEYnDl8iBTb4yRzAMniZg2rIiIRm3kBFGQFuYXknvxUjTUN_Pw","token_type":"Bearer","expires_in":3600,"scope":"user-read-playback-state user-read-currently-playing user-top-read"}
Spotify response status: 200
Spotify song data: {"is_playing":true,"timestamp":1784230691656,"context":{"external_urls":{"spotify":"https://open.spotify.com/playlist/37i9dQZF1F5p3rmiWPIYgZ"},"href":"https://api.spotify.com/v1/playlists/37i9dQZF1F5p...
Token response: {"access_token":"BQB1utipYXKGKuADHyD0W9_NFnasWSyUTiq62oCEZOnsbTPk_4xQkfQ2u1HCFTaXEs8BoCWB4_0OTTObVoI9naZni65jL2V-YyGb19aaqocNnjEzH1cMlDp3dx37pJQIQ-wvXYT-OSEGv5Y6gIMUm8qATz6nEFLv1NPfFI2DcLKmrRn40Lvg0KbSvfBouB11MqFGM0JviJW0vjdChYR_-JMcaWxBM3MBKqGhhmwkoY78SxDILWVNrS5SojpvOtiyGlSBlw","token_type":"Bearer","expires_in":3600,"scope":"user-read-playback-state user-read-currently-playing user-top-read"}
Spotify response status: 200
Spotify song data: {"is_playing":true,"timestamp":1784230691656,"context":{"external_urls":{"spotify":"https://open.spotify.com/playlist/37i9dQZF1F5p3rmiWPIYgZ"},"href":"https://api.spotify.com/v1/playlists/37i9dQZF1F5p...
Token response: {"access_token":"BQBlbc4mJIKNcoyaWkaOOzzipmN4Hgkd6EyCCSEJuy5acobjKjToVbwYn3v9jmHBST4Lt1XGISHZtdw2Z0mMAvm0oCotw7DzxOUQbwhl2Cvj_qWpvRrBJKrK0-nxz02ppkvkK2ujIPC5cNINQtUqz1Ruf2_73eY3fJjj5E9BLxchYhW0ei_Ka7sTNmVVRCQrgiX1YOmXr3XbvLUI7aQq5g8vHhQ_KzsSrPlcz6CVTXR4zz34J88yQTVYiSkCsML_UKC4LA","token_type":"Bearer","expires_in":3600,"scope":"user-read-playback-state user-read-currently-playing user-top-read"}
Spotify response status: 200
Spotify song data: {"is_playing":true,"timestamp":1784230691656,"context":{"external_urls":{"spotify":"https://open.spotify.com/playlist/37i9dQZF1F5p3rmiWPIYgZ"},"href":"https://api.spotify.com/v1/playlists/37i9dQZF1F5p...
Token response: {"access_token":"BQAmdv-ZMS3maNkkiGiuNv0MrzwLdp9POlrYX2a1v8cDZmo12PGwqR09_Fggk_0S50D0BiCeUjxMqPSH89XMdKJYFHxv986rV7gJ29A7cw_ACKVJFqFRuxYurXkDTO5PsbI45s9vIibLYez_qRJF-GIq_BqHGUZfLENv0MCfvojAZjv_OuUbl7Ts-fuTUnUK8moERr1BJ5kOSef_UJPUUk7Qx4A4wY6cQOoUw80QMihL3CGhrLOMkImZCkwZzHlSfgA9pg","token_type":"Bearer","expires_in":3600,"scope":"user-read-playback-state user-read-currently-playing user-top-read"}
Spotify response status: 200
Spotify song data: {"is_playing":true,"timestamp":1784230691656,"context":{"external_urls":{"spotify":"https://open.spotify.com/playlist/37i9dQZF1F5p3rmiWPIYgZ"},"href":"https://api.spotify.com/v1/playlists/37i9dQZF1F5p...
Token response: {"access_token":"BQCCaV_RkMzFCfIY4VZkOy1eTbKEETHRBd8FMQlxgl_zk0Mpxpslb8b2gny9mur10HNmQJ1DgF2Kdh5kGOpWk_llkzsG3_sOPzYlmiLBF84DOOuvK4PXgGxBF4mAdM7gaZdnLWxeKt5tEnLddsLCONOX4S8WHyHmld2cwP3kgWUR86lIFQHN5Ypv_4R6mtCqZsAIfPHD0kxUoaq0YQ2_V4HBSUeP7FpVieykerdZadEHhML_UcYxSd-RdK7z7aNPbE1inw","token_type":"Bearer","expires_in":3600,"scope":"user-read-playback-state user-read-currently-playing user-top-read"}
Spotify response status: 200
Spotify song data: {"is_playing":true,"timestamp":1784230691656,"context":{"external_urls":{"spotify":"https://open.spotify.com/playlist/37i9dQZF1F5p3rmiWPIYgZ"},"href":"https://api.spotify.com/v1/playlists/37i9dQZF1F5p...
Token response: {"access_token":"BQBgierBNZk-ToN5WPmWnuUGPKLub51BGHDiQHV65kL6gpAkH5Za7fYqGywfgW-XzAdP1QWLvTwZUxhB0FFiIXmEBI8sW3yCpdE_hH-LK7uQCkmlZDiEu0JsuuerM5PlxFe-JHz7mS5B489rYszvoHB6hbKuDeUr84Wy6CwmPkjznf950tcvtJ-A0Dkq3gCOLF6UdT-GdWlUsqfydf9WPwO099GvP_4Ch09leWRkwKZSuG73qr-62xJR8X5dvvTfghc9pw","token_type":"Bearer","expires_in":3600,"scope":"user-read-playback-state user-read-currently-playing user-top-read"}
Spotify response status: 200
Spotify song data: {"is_playing":true,"timestamp":1784230691656,"context":{"external_urls":{"spotify":"https://open.spotify.com/playlist/37i9dQZF1F5p3rmiWPIYgZ"},"href":"https://api.spotify.com/v1/playlists/37i9dQZF1F5p...
Token response: {"access_token":"BQB_SXslJ-XNq6r8tQn_4wxIqzlzfV9JI4bfE12bCKM1ank-MK5yXfX3QxN5j2yK9nrC88Rxqgz1rHtNIANe_XgCNyxY5XOew-1O-gut7gpySC_I5snmY6iutUBrHxTM4tpeleAPJHai4xylPlmjZkeECJDNwtq_GAV1idR4bFMvdoeRUege_zsMMlgByzejykhrAWxeXCVsCgoq_-611Xl0oBJV2AFaXP5qmgyNa3EFjDN_6ug-9TLeSq_eK8SbHv_VPQ","token_type":"Bearer","expires_in":3600,"scope":"user-read-playback-state user-read-currently-playing user-top-read"}
Spotify response status: 200
Spotify song data: {"is_playing":true,"timestamp":1784230691656,"context":{"external_urls":{"spotify":"https://open.spotify.com/playlist/37i9dQZF1F5p3rmiWPIYgZ"},"href":"https://api.spotify.com/v1/playlists/37i9dQZF1F5p...
Token response: {"access_token":"BQBP7PwT07eqernddfTwma9r3boxGQirSYTZkvf82bZiJWmCG3d1JVZW8b8RtiZRgGEyQUoxwmY7XTMTvAS1mxUKurKdNUvg4mmFzvlfvvNB5wdZmMJKHNfLle_CP5Ni-_OAayYjwQ8CmF3Y9F3Kw_Eco6vntCxgkOSesY8stpggxZFJme4VherDeqq7TwjnhoZzskKASZC3jC2OjMxfgNiX8nqunoou2hTmfTkvsxC6_kzIdUdISTxVAlIc5705gRtLqg","token_type":"Bearer","expires_in":3600,"scope":"user-read-playback-state user-read-currently-playing user-top-read"}
Spotify response status: 200
Spotify song data: {"is_playing":true,"timestamp":1784230691656,"context":{"external_urls":{"spotify":"https://open.spotify.com/playlist/37i9dQZF1F5p3rmiWPIYgZ"},"href":"https://api.spotify.com/v1/playlists/37i9dQZF1F5p...
Token response: {"access_token":"BQDlGsnj3iH2G5MrVH4mZRpkBDWQtbfWKrlc131ZcKyVThWtF3cxiBcm_Bxbgccfxi2FTIosk-DWzrdF87rTQXFmBufFX8GM7-rrvJ9c84yrmO0GFpuHiyl8gPzH-ssjILf1EdLiTFBuyxzdN_rCNg9SFReKcyRpN5Q8AvENQybgs2tT-p5KFcpLkwPezL7ppuXdD7zhwLU6NPj57sW8JEelvnI9Jshhzu6bU0VMgY0i7qJ8SBXxVCebnpo2gYVau0JP4w","token_type":"Bearer","expires_in":3600,"scope":"user-read-playback-state user-read-currently-playing user-top-read"}
Spotify response status: 200
Spotify song data: {"is_playing":true,"timestamp":1784230691656,"context":{"external_urls":{"spotify":"https://open.spotify.com/playlist/37i9dQZF1F5p3rmiWPIYgZ"},"href":"https://api.spotify.com/v1/playlists/37i9dQZF1F5p...
Token response: {"access_token":"BQBJTPW6I6bcT77XXm6KSkDYpW6go0kPQxZhpU3NgPNXFqMZ5zSJXoHW68fnms8iN_zso1EMyDfRgbestcFlq06rFkAc2oRWs2YzPQiZP2uezTVfO19ZvYN4RKGNL3ikB8BTZA1CWOhupkvYKUwXLo20Jq5NG9W5tASk8l4lKRKzTAPfQa4aaKHiPjbRAAbk0XKlDffh0jfj_gExGacF9NENXOoGFDDU1KGHILC3GIdmJw7zzRG0PFj-tV2EKC-9bS9Kbw","token_type":"Bearer","expires_in":3600,"scope":"user-read-playback-state user-read-currently-playing user-top-read"}
Spotify response status: 200
Spotify song data: {"is_playing":true,"timestamp":1784230691656,"context":{"external_urls":{"spotify":"https://open.spotify.com/playlist/37i9dQZF1F5p3rmiWPIYgZ"},"href":"https://api.spotify.com/v1/playlists/37i9dQZF1F5p...
Token response: {"access_token":"BQDnZlhIYns2HT881FXrxzJc3BZmNHH2-CfU3Wbo00IgE1-4l5VXrx2iVc_6Dtju0PMPa9ireScECLL8f61gIfyalseX4p4Kf0wVUETf-WpPiB8irTvXU1UinzGolmiB3VKDTvPIVzwyi2IsTYuYIIQbwh57rN8q_dGr4kqYo6OXK1RzKs2jlpjChnSJPvkFBF2du5iAx5dOKoXchhL7V22oP0KIkzVlOq6MFW1f_VqRjPT0z9OawHaZRtE6l5_djIuG4w","token_type":"Bearer","expires_in":3600,"scope":"user-read-playback-state user-read-currently-playing user-top-read"}
Spotify response status: 200
Spotify song data: {"is_playing":true,"timestamp":1784230691656,"context":{"external_urls":{"spotify":"https://open.spotify.com/playlist/37i9dQZF1F5p3rmiWPIYgZ"},"href":"https://api.spotify.com/v1/playlists/37i9dQZF1F5p...
Token response: {"access_token":"BQA-X-aP5F-G4ViXTzHy3zlQ-xmkwsGChMho0S-7QHEkH9g318e9GEI06rlvTwpBe38gPiAmiW1NLTvLhOn31pJng-lhuy13_KwTsLb8xNxQmBepQrhAlYe0na_-EZEk2iG-ke2M_Ma8PVxyesYApaS8D_6jS4r4_D_61XPd7HuSkXeZos0NpRS75Dj-OL8_w2YcSQjRPcPZJK3-Jrj9q-x0WJdehO_CU2WHA0n_-56SmHWZtkbYL4P3vU697eshUJ5Oug","token_type":"Bearer","expires_in":3600,"scope":"user-read-playback-state user-read-currently-playing user-top-read"}
Spotify response status: 200
Spotify song data: {"is_playing":true,"timestamp":1784230691656,"context":{"external_urls":{"spotify":"https://open.spotify.com/playlist/37i9dQZF1F5p3rmiWPIYgZ"},"href":"https://api.spotify.com/v1/playlists/37i9dQZF1F5p...
Token response: {"access_token":"BQBRUPrlfXcgNm9jfsM_td6bjXf0D43yM2nZxAilPo-tQlcY2bhRa8awu05nfoX392w0JOu60qnm1kXaM1QY7nGL67kC2C1ZMqnvPi08IOQl-jEOCQb-zeds-srJ4KJR4SrX7xxrretF4APoMxJ8eQ3r2lKlibxqUqQlLVZ3Pc-Wf3D9KBBaTfLm-dL6o6naPPkndR2ShmL38VIOltYCLq_uxlCsrVFLzr3-EXvZeZs3-OTckwuwCM2Gg-x8Wm_cwa_xHQ","token_type":"Bearer","expires_in":3600,"scope":"user-read-playback-state user-read-currently-playing user-top-read"}
Spotify response status: 200
Spotify song data: {"is_playing":true,"timestamp":1784230691656,"context":{"external_urls":{"spotify":"https://open.spotify.com/playlist/37i9dQZF1F5p3rmiWPIYgZ"},"href":"https://api.spotify.com/v1/playlists/37i9dQZF1F5p...
Token response: {"access_token":"BQB7wWo6aGd3Nt8Q_snozWD0-F0ikCNG1_NH51gDgVsZOpxTVSeuXnnNxJzr3MpTExn7atLK_OXM0Gmdht0Fo-Wf5W8Zt39uYDgBA586ljWhINJ99E_SrPN1mlY_OmFAZ9Dl8mL7UW91HNdMgNkdTNkLAvikJQgAxSHtiYK-0o-ojtQF8ZMhjZAW5sDhdZi7knmhl2kLgzc3w3LS_qHJukU-TqPC3CuH5BGH5FAvbd-2i3cO7WD6O4n2HtrQuB8xc2Vp7w","token_type":"Bearer","expires_in":3600,"scope":"user-read-playback-state user-read-currently-playing user-top-read"}
Spotify response status: 200
Spotify song data: {"is_playing":true,"timestamp":1784230691656,"context":{"external_urls":{"spotify":"https://open.spotify.com/playlist/37i9dQZF1F5p3rmiWPIYgZ"},"href":"https://api.spotify.com/v1/playlists/37i9dQZF1F5p...
Token response: {"access_token":"BQDLhKNid2YBUYhhVWK3FV6Z_5wdAD0YvC59eH2kYILIYhNIbWQdb5zoHCs-MIT7kCsYPzbuK_dNUWJYZaLHnIXFWOrZTSJh7LDtKlS8vCFnfwka3QVWqEuPi2tBD8Nx_sb22cH9VC2ooyiH-ySjMLpp-DpQKARJd0tiUE0WCSv84IqRiMqC1QtIJFDwtpmQMeIAPhv02-7NzIHTYgY-zPV2kqJjISekxi6gLcPvx8PYdxGdExy8lLQdYAfRaKk5cL8XjQ","token_type":"Bearer","expires_in":3600,"scope":"user-read-playback-state user-read-currently-playing user-top-read"}
Spotify response status: 200
Token response: {"access_token":"BQDj9IiAtt3EWj0SWNZCyDzSx91xm1hTYjr_n0iH01iqPXGJm49FyoAt_RV7FWBIN5_0CbyE34__r_EtgNOEyKrdQ35nD63IWbApk8B-_P2LThzKCnclLgpJMSP7smbUmWQI8WRCMVtdo32F51kNRKoGwW_YbwGPaQ7ofkWvZo42emzb217XkNEbKOQBV4ZMHsZWABvGUVWftmdycI3--S41nuCPorYS7t0m6UOFGMN7nxc1Yf4YaMiM5GOEMGCeTpUE3Q","token_type":"Bearer","expires_in":3600,"scope":"user-read-playback-state user-read-currently-playing user-top-read"}
Spotify song data: {"is_playing":true,"timestamp":1784230691656,"context":{"external_urls":{"spotify":"https://open.spotify.com/playlist/37i9dQZF1F5p3rmiWPIYgZ"},"href":"https://api.spotify.com/v1/playlists/37i9dQZF1F5p...
Spotify response status: 200
Spotify song data: {"is_playing":true,"timestamp":1784230691656,"context":{"external_urls":{"spotify":"https://open.spotify.com/playlist/37i9dQZF1F5p3rmiWPIYgZ"},"href":"https://api.spotify.com/v1/playlists/37i9dQZF1F5p...
Token response: {"access_token":"BQCtfTD5-Z1A4AxFI0Jyi9Lkb8p8szOhnBLk15R6xAeU6cqPV33Mx3LjkLWMAEMOVXT-B2l0tL7TlCRT4r558ZZsgPmlTnsc19OCzMuVmVDp9u_iqwIMoXxo4NQmCIS0TL5UOlYl6fayeh4vYHXhfQIDjwOWll9keSHzJbCCgBdThVrU_k6_SsMOa4HykOhJcr-r5_UMiiTDPg2lMrY4z07jyXzOdjK9VM7qq99sisVSQ5cfifbk-M90m4vAWcukGOq_jQ","token_type":"Bearer","expires_in":3600,"scope":"user-read-playback-state user-read-currently-playing user-top-read"}
Token response: {"access_token":"BQCXlMuIGXJ1xGKC1hcP09HQaGyKyMXkypyYUY0TmwsPihWIo1iNbRW-Dsr7vtwgklRDN4UlCTBGc4WTzQAX-NuI-YBdWTV-O1ekRu3Bmg1IeZ_VaHRS7T9fqFT4jihuW6ddClEG4TgXXoGdHrMNGc2Xz83xkH-uetStLdIDv2zXRL9iwrr6PxdMKqBHzEAk2-iTP3O4G5mvUvCLq_yjOa6DhRZJEYXWVVjN5ungFMpMK6q73Ss4ONksnXydMH1XSKLN4Q","token_type":"Bearer","expires_in":3600,"scope":"user-read-playback-state user-read-currently-playing user-top-read"}
Spotify response status: 200
Spotify song data: {"is_playing":true,"timestamp":1784230691656,"context":{"external_urls":{"spotify":"https://open.spotify.com/playlist/37i9dQZF1F5p3rmiWPIYgZ"},"href":"https://api.spotify.com/v1/playlists/37i9dQZF1F5p...
Spotify response status: 200
Spotify song data: {"is_playing":true,"timestamp":1784230691656,"context":{"external_urls":{"spotify":"https://open.spotify.com/playlist/37i9dQZF1F5p3rmiWPIYgZ"},"href":"https://api.spotify.com/v1/playlists/37i9dQZF1F5p...
Token response: {"access_token":"BQB1lhlxmf0K9noMppfceEyjLD0lB96b_6WcSpEk2V8YmMkdWb_LWThLvmZKkjbKaQrLPPqq0QDY4liJjl5BNaXqGC5TYVSBqp4ipoIxLArgDxkxveFn0qX13DFpXH_BLGPwJX77j0JwtjqTMA2X8BkK2uLYF1DkDPHoOTedp7udSwbZOVBd-4buo36D-yz1R9OldskDCaeftT6NM6oafsULzyJKi_jPMPvxB41XQ8BGQBJZ4FRQdwTLmYxQBt3VfYxClw","token_type":"Bearer","expires_in":3600,"scope":"user-read-playback-state user-read-currently-playing user-top-read"}
Token response: {"access_token":"BQA73kwaBOocJhwFdWoE2JCbwVYK-C97_B3CTtbXh2d0pFFTVCWFJQDz9T-U3aDi_CYZrECVPIebe_F85I5hZUgwToLFrug-PtelljuHc-cbfZKZaIPbX3kMFu8xM2fJugXTVxIn_7efcMV-WjLEql1eY-QeH4BS-SUXghSk2rKIGXaR4dtEzcynv_KUd6cjXG51hbbXzi3nGBhlKKXth5vJCdLctsyW3RZG2TUDc8IxQU_w2oguNuFJ0fbX6KuE-c2R7g","token_type":"Bearer","expires_in":3600,"scope":"user-read-playback-state user-read-currently-playing user-top-read"}
Spotify response status: 200
Spotify response status: 200
Spotify song data: {"is_playing":true,"timestamp":1784230691656,"context":{"external_urls":{"spotify":"https://open.spotify.com/playlist/37i9dQZF1F5p3rmiWPIYgZ"},"href":"https://api.spotify.com/v1/playlists/37i9dQZF1F5p...
Spotify song data: {"is_playing":true,"timestamp":1784230691656,"context":{"external_urls":{"spotify":"https://open.spotify.com/playlist/37i9dQZF1F5p3rmiWPIYgZ"},"href":"https://api.spotify.com/v1/playlists/37i9dQZF1F5p...
Token response: {"access_token":"BQA-_t7nmvWDV2q7z3po0Ne0lG3JgtMsrJL94UHt07eLcqm4_abwKH_-SqwG50DOtUlSkLA-Y2lvWj7j53wlyz-71sa4jdRbl4s_ktPlpkWg85PfErgXpi5Y6kR9I5gcUcQ9pKpgr6UFLnwVLa4jDZIfaoto58A4uwHYQhb8En-5rAgVSYpOL3KHZqWBTQhHI9PTM1UnRlIgnCyes8m0hgmQZep8e5LQoVjUqWPuH7Aacym3Vw35cccqZfgibYk8vyXqkg","token_type":"Bearer","expires_in":3600,"scope":"user-read-playback-state user-read-currently-playing user-top-read"}
Token response: {"access_token":"BQA6ws4ZiPGZCPknrwZKh4oboGKFz3CzzuddFhTe5JeKe0HOp5sp7_SXHrnpEvZX-K9IUiDQTik6e5is7_kMq4AreehaTal-wWyF6AHCR7N8u-b3rsfM-kz3YU6ve8AvRayu-qTfXE8HmxCpeRCizL77S2IVi9hxuRsAWWRN4kLCDFmhUkGOkRBQKz2k7Z89YA7LmINqUqiDWgHyk5i6sJ5CSeewGerrYNVwk4EC8NQUDtNet5eWd3chvZQY-JnXK3tqEg","token_type":"Bearer","expires_in":3600,"scope":"user-read-playback-state user-read-currently-playing user-top-read"}
Spotify response status: 200
Spotify song data: {"is_playing":true,"timestamp":1784230691656,"context":{"external_urls":{"spotify":"https://open.spotify.com/playlist/37i9dQZF1F5p3rmiWPIYgZ"},"href":"https://api.spotify.com/v1/playlists/37i9dQZF1F5p...
Spotify response status: 200
Spotify song data: {"is_playing":true,"timestamp":1784230691656,"context":{"external_urls":{"spotify":"https://open.spotify.com/playlist/37i9dQZF1F5p3rmiWPIYgZ"},"href":"https://api.spotify.com/v1/playlists/37i9dQZF1F5p...
Token response: {"access_token":"BQDf0-W3x4pZMSM_KbjRPpORlVUukwb9dEu_Kvgyhcoo4rf0auMNtX-5H4k3JKkCtIxfnC-rgdPmvHLZ3RXJMtuWdLcDgqZHevntfJm_ihObB0JZge7vLL4aQzO9yX5SM2jawsYR04XdQ8C1UIJQh07MwIPm_QHl2Z3AsYb7CRUUH4076MSMhimABaQAMXXPXcD_qppZAm6n_aXkve2zps4aWnifAYtHDPqrRUdYq9pzh1WSfpg-Xw4BKnH8BUF5MQaf8Q","token_type":"Bearer","expires_in":3600,"scope":"user-read-playback-state user-read-currently-playing user-top-read"}
Token response: {"access_token":"BQBWP2SEiRUr3wdHi-u7SIEe1KeviBBBLLo4xQIX_3vKOdwzY6qlzNLLfWcJReqoPmyhGVn22lwC1Zztm0J_065yf732EmHJcLhCx3rSPl2FbeADAEG3cJKxs0r_SpTHj9kawTnBSoTsLyF9YjGLqX1Baes25QCLhtrDGuzhxjWijs8d3VWSmTfOc2ILqFw-L3-3Yv3_04Pxc7aGBv_113oF71H4yqBQ9kWF4rrhEg6oMWS2k_I0fNQ0UH9ZCjbmIJRcqg","token_type":"Bearer","expires_in":3600,"scope":"user-read-playback-state user-read-currently-playing user-top-read"}
Spotify response status: 200
Spotify response status: 200
Spotify song data: {"is_playing":true,"timestamp":1784230691656,"context":{"external_urls":{"spotify":"https://open.spotify.com/playlist/37i9dQZF1F5p3rmiWPIYgZ"},"href":"https://api.spotify.com/v1/playlists/37i9dQZF1F5p...
Spotify song data: {"is_playing":true,"timestamp":1784230691656,"context":{"external_urls":{"spotify":"https://open.spotify.com/playlist/37i9dQZF1F5p3rmiWPIYgZ"},"href":"https://api.spotify.com/v1/playlists/37i9dQZF1F5p...
Token response: {"access_token":"BQAHssMsOJSOE9FvZCBfjEoBJ9RzL80prJehnXFl_vHu8j9NYMHaMdo3Ok8x3zZm66qqJCLxohiuJXVmfT3sNYCHruNTIVB25nZACW-PILMCz5lrz652G6aYpG5KYGZfjxYgfCD1UP4NAd4U2fUMuOeX4r1cEGJo042tDlaJI4_A3XEH2uhUc-1Q1pBQ4i88P-m73WmCNgnqVTK6b8ZRoHDY3WP1_Msn4G6WHoDi0ia_99vElufa5EJABmVcoYqc19fQDQ","token_type":"Bearer","expires_in":3600,"scope":"user-read-playback-state user-read-currently-playing user-top-read"}
Token response: {"access_token":"BQDSi1Wp3Ev0xhFhpJG8_RSJ_CDODZs_18NEbwqy12kvzswgqiVyMVdhgEHr0el3LXMoSKsK-jLflqbv6YhHAq051JYVdnHKtu8f6CKvn4r-QwgAfSTJadlrC_mRP18BAFegjf8l9I9huNyH5Hkq5JEqsJ40jJcRfs5W68BCK3za8k_9tPtsI3bnaVkrxhxPmQFPTh_s_xdvLi0CsMsEp3XNP--O1iX_BAaoCm4Xn1nOesmXVJ0wBY0XrERvkEthwRwqjQ","token_type":"Bearer","expires_in":3600,"scope":"user-read-playback-state user-read-currently-playing user-top-read"}
Spotify response status: 200
Spotify song data: {"is_playing":true,"timestamp":1784230691656,"context":{"external_urls":{"spotify":"https://open.spotify.com/playlist/37i9dQZF1F5p3rmiWPIYgZ"},"href":"https://api.spotify.com/v1/playlists/37i9dQZF1F5p...
Spotify response status: 200
Spotify song data: {"is_playing":true,"timestamp":1784230691656,"context":{"external_urls":{"spotify":"https://open.spotify.com/playlist/37i9dQZF1F5p3rmiWPIYgZ"},"href":"https://api.spotify.com/v1/playlists/37i9dQZF1F5p...
Token response: {"access_token":"BQBJVSWmhRWhW2BY6xPCXj-8q61o8nFUFO5P24RKvBTYRDepTE6QaITedSJ5Ba2oDrrf0RGD0HtuNrwCCOMLHZ0hgBU_sq9RMmUOdtsUYlaBmZ3XLD2Lwb0wjAU8HUYrjrszgkysHcoCVVaYfdm8h7l25Ooam3kVtbw3VZRoCmK9G8d8_FcGWuBL98B_zmoFoj5SEk9eWWOU3YFO2a0E5RNXtffeBFjOQzUVdAyhgiDPxPm2n_EYJF4URLnlKYjqA4k3eQ","token_type":"Bearer","expires_in":3600,"scope":"user-read-playback-state user-read-currently-playing user-top-read"}
Spotify response status: 200
Spotify song data: {"is_playing":true,"timestamp":1784230691656,"context":{"external_urls":{"spotify":"https://open.spotify.com/playlist/37i9dQZF1F5p3rmiWPIYgZ"},"href":"https://api.spotify.com/v1/playlists/37i9dQZF1F5p...
Token response: {"access_token":"BQD8ihoqfEp_Td3yxAzbjVprAwID5sSBfn_7R-t9_i9ASN3_LWM34FWLHOui3279nuihBgkOO_obILDyOdl_35wG00_qQkanN_3y2t9mM8KN5FPtQDIo7ymv-odP8-Emql-s91gAoopb-QN08qq-VakVMUsS5iRarJiDgHm1Wkl2dpZHeJ2i5CGiaQ2Ajjsnhjfy_oHTMr87V8qIroEgAsoqxPQ_Fe-iDU67C3SmidsOE29t4MpSjpH886rxnq8dDPAEQg","token_type":"Bearer","expires_in":3600,"scope":"user-read-playback-state user-read-currently-playing user-top-read"}
Spotify response status: 200
Spotify song data: {"is_playing":true,"timestamp":1784230691656,"context":{"external_urls":{"spotify":"https://open.spotify.com/playlist/37i9dQZF1F5p3rmiWPIYgZ"},"href":"https://api.spotify.com/v1/playlists/37i9dQZF1F5p...
Token response: {"access_token":"BQAif1if5nwB6xEJmqjtvRO144TrcyMqRRUajzcf4fIBURJOsfodGkXXWQiICUnjcFdpHPy9QV9N8JXYVwliiwFIrcS1HA6Ggaccj0bbjMS-B5Js8oHIiMFxT20F7s_vAY3XUA0deMbbP5GtOx8yzX4LFi_4T4TlvfidD4JYI-3ZSisBUSIl9HLKbV0nRBatuijezsEtBvePMCsBHlZ0Pcuj8PIorzrbnxkl1m2TIFZFrH0RL1M8ZMJUhDt40iQ-41u2FA","token_type":"Bearer","expires_in":3600,"scope":"user-read-playback-state user-read-currently-playing user-top-read"}
Spotify response status: 200
Spotify song data: {"is_playing":true,"timestamp":1784230691656,"context":{"external_urls":{"spotify":"https://open.spotify.com/playlist/37i9dQZF1F5p3rmiWPIYgZ"},"href":"https://api.spotify.com/v1/playlists/37i9dQZF1F5p...
Token response: {"access_token":"BQD1oVSrVISHCaITpv1CaX7iXM_oQReMS6lna7tU4DE3iUOrWy6dYYyvMbSxK2WUhN2E4uhrQFPIMa41u1J2mS4DpK3hkEHgECd8uQf8i8lFSBjuGk9RMWM8fgSRaS7oju09dKb5yKY3RPU3qPOamP5BfslqtZARHjP2U0zne4ckkCzldiw0DXnWud1hBnm6fGy1ncP2QNXqUDS6bv2HyGNoMjUIFFwl8LBastf-gFTME4suvfTkC3aLlkYtlUsNO2DrRQ","token_type":"Bearer","expires_in":3600,"scope":"user-read-playback-state user-read-currently-playing user-top-read"}
Spotify response status: 200
Spotify song data: {"is_playing":true,"timestamp":1784230691656,"context":{"external_urls":{"spotify":"https://open.spotify.com/playlist/37i9dQZF1F5p3rmiWPIYgZ"},"href":"https://api.spotify.com/v1/playlists/37i9dQZF1F5p...
Token response: {"access_token":"BQDJoEXbLPc5UuTqf_pcd2Sf2WR_i9D-cKd5PVVtM-K3Oymz5B6Y81UwgR8njULNsboJrBuClqsDivDRiCk-SrM3O7dTqqXLU27H0xOzBDRb63TQQejeCtKkmMbYq4j-VUHedg4LYTIGoGJsHy6hqxdMZxkhW-hjC_7m0zJ4ZPlBMEC0kSQK_X2qmr3saDjACFFu6stGsY9cjQjA3loXF6KGh4_8v7YZvQ3LFBPZYcMKDOVuB-ZPRJy3Lr06b53KbaW-dA","token_type":"Bearer","expires_in":3600,"scope":"user-read-playback-state user-read-currently-playing user-top-read"}
Spotify response status: 200
Spotify song data: {"is_playing":true,"timestamp":1784230691656,"context":{"external_urls":{"spotify":"https://open.spotify.com/playlist/37i9dQZF1F5p3rmiWPIYgZ"},"href":"https://api.spotify.com/v1/playlists/37i9dQZF1F5p...
Token response: {"access_token":"BQBLS_LobJVEu51dcgU2uIVHzBn7dI4IPlqIfSjBWDo4nuYzpdm8gTgUokD0pY9NhQFg1XtKavGUaCjo0yCiJpmIolh97E-Wyhr26vaTJQ4CWPxcNwJau_dOMGb20Rx8knaFSf-doi9-VDyCIVqmonZcvQt9gccnOm5R8yuWTbwR-c98-qvAjU40YxKer8pequOTq9_eh7qg-szUJ6P2AUGJDr29Y2Z5RkCzOzx2F8Od8y_nt1ySzZI36pMfCyiotdsTog","token_type":"Bearer","expires_in":3600,"scope":"user-read-playback-state user-read-currently-playing user-top-read"}
Spotify response status: 200
Spotify song data: {"is_playing":true,"timestamp":1784230691656,"context":{"external_urls":{"spotify":"https://open.spotify.com/playlist/37i9dQZF1F5p3rmiWPIYgZ"},"href":"https://api.spotify.com/v1/playlists/37i9dQZF1F5p...
Token response: {"access_token":"BQBNaDbHKVpah8TN6GrpTRfTzPOhMACRVq7K802JFSz6sHT0d7FsTTSWA_LIeJumwltDWfwJLnPFFScPVVPea-oTaB9K0mLJhCQVDYC26vZLLuPpdWrRDX0SKtbISh90DCMHVA-5RquUO2AJ3hHnWuZ7KSn4PSt8ZJw1GLC5ASVQrNFAhq9s5fv8qs2VX5z0-NwhX2dGDERm-MbuOw5olTJ9MSQ_NFRW8d_9GpM64OFmu9Ftr9c2YfxBypb51d17Iegosg","token_type":"Bearer","expires_in":3600,"scope":"user-read-playback-state user-read-currently-playing user-top-read"}
Spotify response status: 200
Spotify song data: {"is_playing":true,"timestamp":1784230691656,"context":{"external_urls":{"spotify":"https://open.spotify.com/playlist/37i9dQZF1F5p3rmiWPIYgZ"},"href":"https://api.spotify.com/v1/playlists/37i9dQZF1F5p...
Token response: {"access_token":"BQCxAubq9AwhPjJ9AhK-yXZ0TTd7Pomq6aIQMBIwhqFQLwIeJlpH7mhCc1vy19Ylrg0fY74K_rKkaS6hvmDH7Zl_05xP0kW6EJ-xA7UU8VuFsmFn5LJNKT-DyBRnkTaxnr0y6vjgYlH-mPf-9-Q86To2qAfvEG7IYuJoI36UMKoCCWdMzzc51GRARlUchqoeAFfc-jpJNM7YGseJo_kuaipL3kmJu8g9GPIqKQSiAIC7o7beyOMNzAXGkS3R3KWg1ZC_mQ","token_type":"Bearer","expires_in":3600,"scope":"user-read-playback-state user-read-currently-playing user-top-read"}
Spotify response status: 200
Spotify song data: {"is_playing":true,"timestamp":1784230691656,"context":{"external_urls":{"spotify":"https://open.spotify.com/playlist/37i9dQZF1F5p3rmiWPIYgZ"},"href":"https://api.spotify.com/v1/playlists/37i9dQZF1F5p...
Token response: {"access_token":"BQC7ZntGl4fwW-42Hj9-EXiwab2dP1tAL24_RDIcudRtSmMwDidSHMXCxjm1zYzNVP-zk9T4O25WQxmIa2ICYDenBEz_-p9SV1H0j5bX5lYXQyUQNG1GYq7PmuWvV3WIvHTD6U-mgey_hZKGbh3M5hM1wtxd0I43tIIvj97IsnemVTqpS7vnxIcZsJ2Cs5XZzxzEotIgFWtjruRniIV1RpCV5TAwZRleIOXI7S82P_gep1uV7L7PwCns-ROQt6qLfCmpog","token_type":"Bearer","expires_in":3600,"scope":"user-read-playback-state user-read-currently-playing user-top-read"}
Spotify response status: 200
Spotify song data: {"is_playing":true,"timestamp":1784230691656,"context":{"external_urls":{"spotify":"https://open.spotify.com/playlist/37i9dQZF1F5p3rmiWPIYgZ"},"href":"https://api.spotify.com/v1/playlists/37i9dQZF1F5p...
Token response: {"access_token":"BQBzH57hp3zwc-jonFpDxr_w7HXNSz1YL9MH-TqSm6mCSHD7bu5Qgkq2iDxU9KinVoUCakUHSicENwgZ1mQi_dqjevfQjtOQD5GYgMBqSbVQdMM81KAEWCSqsXNMdqDNraZnfT4HfbcTaN6AdlUvVDKfmkZxXALtJYzvsAGCVELGVuF0Let9TpfHInUS-6uYfJlWe0II1rxOdcSPg4SyK9fNWWOjscxxT5sSTm9kKV-e__FjSxKpjBdtOFa2RCIMXKFi5w","token_type":"Bearer","expires_in":3600,"scope":"user-read-playback-state user-read-currently-playing user-top-read"}
Spotify response status: 200
Spotify song data: {"is_playing":true,"timestamp":1784230691656,"context":{"external_urls":{"spotify":"https://open.spotify.com/playlist/37i9dQZF1F5p3rmiWPIYgZ"},"href":"https://api.spotify.com/v1/playlists/37i9dQZF1F5p...
Token response: {"access_token":"BQBBsJMh8iicA3aI7uZGSd8pZ5Nb2CUQemMjzswpxnhQ1rl0fG8E5cDsaOvXZo5qbO-_aDdwzZOwKfd3xdW5sFbHIcKiPO8CtKI-Pz2odJkwz4763c8owl9LhajC7Kxmppa9Irz-mUa9Zdjlj5YtT-_GdV5HGKSaMYfKc-jiIFqvBExr98H17FsTGKYYY-vfVj3CCej8SDW2t0cqR1DWpFgIe66mF6GTQ_MNkfI3dfCgTB6ozst86L7qt6LhMgXmH_fGbg","token_type":"Bearer","expires_in":3600,"scope":"user-read-playback-state user-read-currently-playing user-top-read"}
Spotify response status: 200
Spotify song data: {"is_playing":true,"timestamp":1784230691656,"context":{"external_urls":{"spotify":"https://open.spotify.com/playlist/37i9dQZF1F5p3rmiWPIYgZ"},"href":"https://api.spotify.com/v1/playlists/37i9dQZF1F5p...
Token response: {"access_token":"BQCocjzw-C9x4P4dqoTFdnhshWosl0lKgqX71ay7YmXOtbwkd08C9Oet6IUZo-2P6cSL9R62AEwxj3J-08i6ka5bQASi2VAeCOwq-aoH4ecWn6ss3GheQekKrB9_rCaX80x4kQXacX7i9Tg2BP_TbpvO2tO5bE5tiJFTVex6MoUnjprFgrtRS-3yHDvIvFB8WS-9gRF81Z_nhMBopGmuYphAc-Un6gjIXZ5tacvuTbtLa4q9R7hH3kp1gOvMicv19RCgYg","token_type":"Bearer","expires_in":3600,"scope":"user-read-playback-state user-read-currently-playing user-top-read"}
Spotify response status: 200
Spotify song data: {"is_playing":true,"timestamp":1784230691656,"context":{"external_urls":{"spotify":"https://open.spotify.com/playlist/37i9dQZF1F5p3rmiWPIYgZ"},"href":"https://api.spotify.com/v1/playlists/37i9dQZF1F5p...
Token response: {"access_token":"BQBefZNULuXivUvCKSItELc5ID0Ch3JJlXqkj3RxMgAGJqw6fiHsflNVrD1tW03K_l_hC49cnkGfiJHWerYedrSBC9Zz_0iTu6ck5UVFMNyYb6P_5Z_uKuADX5Qi2msnptmRnVHSPHIql7F83DcBm39onrgc3uS0agBZPThyW5RhPDzwBcfHa9PY6a7ozzJ4PK11jbOeb8blmW4d6Jq2PGmyd35LwTdKM6DHd6_iNso_dXakfZ2ezTiRHP_v_BOCXGRyGA","token_type":"Bearer","expires_in":3600,"scope":"user-read-playback-state user-read-currently-playing user-top-read"}
Spotify response status: 200
Spotify song data: {"is_playing":true,"timestamp":1784230691656,"context":{"external_urls":{"spotify":"https://open.spotify.com/playlist/37i9dQZF1F5p3rmiWPIYgZ"},"href":"https://api.spotify.com/v1/playlists/37i9dQZF1F5p...
Token response: {"access_token":"BQAv7J6J7azRHWv9YntwMv3QpWKQ-2Fqj8L9ltAR6bdk0VZBLEWFnsHIvSZQUFkAWE-oODKf6CSC3csFSsPBhagm1KuM_7ANDixug9LhKyOBah4SI_hGStQSyYQDU7FI-xsYNECXGBbOoT9yI8Z32MavTRlhetiBazk5iUToBYUOJ5bloKv05sAijtoZpytcL9WFXhq2vvWlsP-3d1FwfkwVRd35ZqnDBMXfLGMuJEIVbi7Wqw8Q3mBfhkezZA8byxqIsw","token_type":"Bearer","expires_in":3600,"scope":"user-read-playback-state user-read-currently-playing user-top-read"}
Spotify response status: 200
Spotify song data: {"is_playing":true,"timestamp":1784230691656,"context":{"external_urls":{"spotify":"https://open.spotify.com/playlist/37i9dQZF1F5p3rmiWPIYgZ"},"href":"https://api.spotify.com/v1/playlists/37i9dQZF1F5p...
Token response: {"access_token":"BQAbumkB2l_G6KpQkEJC5qA_DZzOCReD5hQibROIu4d8VFk1E-om7two_xl4OEfLbHjT77_Esfgd9cXRDr4uKm0GUS7M2y8w-vh1lA-FMSxMllUkBFjevbn6DX4S-osu4guPu2Vf5U2TGD4E2Em8t3AyWNn7eWGcxgNXu2yyOeVzazeuBOI-JifLeEz3ebOONUQIqEdHFh2RSGr-03sDsF8h-6CqkYG-58Fgx0zHmP4uqmOR8LntQZfDnpVAxmRVDfWLxg","token_type":"Bearer","expires_in":3600,"scope":"user-read-playback-state user-read-currently-playing user-top-read"}
Spotify response status: 200
Spotify song data: {"is_playing":true,"timestamp":1784230691656,"context":{"external_urls":{"spotify":"https://open.spotify.com/playlist/37i9dQZF1F5p3rmiWPIYgZ"},"href":"https://api.spotify.com/v1/playlists/37i9dQZF1F5p...
Token response: {"access_token":"BQA27IasV2UrsGJLDw10Y87PKmSaYdX4hb4wRoFjb3yjF-aApFiHLM8Ome8w07sFqu0rvDrkNAtqD2Flmh4l6IS_tKyOOBxK5Qk8FKLTamx68BmAKqHIFrTeeKVgd3zyhzA37GcbKgmNJ3fn-BRFRK8x4DGszPNYwcmGHJzu9IHEN31vM8cAlg7RvZd0r2_Jz1svRgPd3epyYEBP4iDszvpZd7Qcb6cgytFSwJhBFYX-RNgqAGEoibtMFy7hTyzdaP0zQw","token_type":"Bearer","expires_in":3600,"scope":"user-read-playback-state user-read-currently-playing user-top-read"}
Spotify response status: 200
Spotify song data: {"is_playing":true,"timestamp":1784230691656,"context":{"external_urls":{"spotify":"https://open.spotify.com/playlist/37i9dQZF1F5p3rmiWPIYgZ"},"href":"https://api.spotify.com/v1/playlists/37i9dQZF1F5p...
Token response: {"access_token":"BQCk7D9UtncSYv2RodI-LIFykVY0JYMdnKVPfDTHgN4U3BSMTdvLqXXWtpoXb4WTbKa5vqtSHaPbI_HonBNv1zoPaqp-zeiolbmeUEzYRU38NLNX9gUHcXuiada-5i-6EcpfPARmn8FJXH7G3BVRTsYtz91OAq6Y5Ypb0XEWBbaFjkNetVaFcXRlcpCzqrNCSaQG5i9k8ve3UZ0is62UooeU-9XXy5DKDj8VmV3RDU7agT5WN6yF0eAR0_MpkfzmDAT4tQ","token_type":"Bearer","expires_in":3600,"scope":"user-read-playback-state user-read-currently-playing user-top-read"}
Spotify response status: 200
Spotify song data: {"is_playing":true,"timestamp":1784230691656,"context":{"external_urls":{"spotify":"https://open.spotify.com/playlist/37i9dQZF1F5p3rmiWPIYgZ"},"href":"https://api.spotify.com/v1/playlists/37i9dQZF1F5p...
Token response: {"access_token":"BQBq2bgMFTWw0oLxSjaYB_12WlblzJxApPfeYYztF-ureI1z3ZRmIZVbMOQ7S94Ukr4Cx7zjDb5DBQrvKV-zThP4_mSViFhtBwGMHdKS7kHxWKX2XyHO0cJ4P-acPr8O4T6HNfctyn1K1UiWPo245627cjWIAq6glwDOCRMPIL9THOg9oYdjrdC4GqqpVHOVqwTJoSD5oVuM9jSWBNqypyjqqOKGz_HzhNntmWBpv1d2OlZoQgB8SQ4nrVZRBHw78W8KBg","token_type":"Bearer","expires_in":3600,"scope":"user-read-playback-state user-read-currently-playing user-top-read"}
Spotify response status: 200
Spotify song data: {"is_playing":true,"timestamp":1784230691656,"context":{"external_urls":{"spotify":"https://open.spotify.com/playlist/37i9dQZF1F5p3rmiWPIYgZ"},"href":"https://api.spotify.com/v1/playlists/37i9dQZF1F5p...
Token response: {"access_token":"BQAdL0wsT2J-9VL-ClMkZ4pRgxHVfdqJPaJUDWpdOp50hKXoe92Ckk5LCvf84t-jiLvV4o_zhCWMAD2QNAbNCHlSIhWVFI9ZXBMNnaxWPIG7uVMfpy3RakV-cw7uUgurel9xfCZunuqCClzivoAjbCxoiyFlebvCtM3Hj65I4ZKc-OhImdmcYQVd4fVVAFri88B0ZeC1IEeIjpne1MRMpAyI7ZJL0bt19Rt4Uj7Z_lBrANUB2wYquFGLecpS2XtkSPR06Q","token_type":"Bearer","expires_in":3600,"scope":"user-read-playback-state user-read-currently-playing user-top-read"}
Spotify response status: 200
Spotify song data: {"is_playing":true,"timestamp":1784230691656,"context":{"external_urls":{"spotify":"https://open.spotify.com/playlist/37i9dQZF1F5p3rmiWPIYgZ"},"href":"https://api.spotify.com/v1/playlists/37i9dQZF1F5p...
Token response: {"access_token":"BQDbFCPPHn81uB6OD-oO6AwzLwEKB5LCtdXju1mWpVS1wv2_oBAlziCqv_zUc3U3EYA0OtkSrzLbRQQ0owu2zPtw-2ryQd4O5HeAqQBJq8tPIX20ZYuN1s4fLT7X_ndnDn4_j-YNeRVpP_kqkGHNQzVOwo2IIrFvBCus1C5a1adYQvswRwc2dMx1I8H-iAmVW_lpBcucb8V_kdfCM_GLcsBfPFKbcbsQGuLFPDESaK2GX2Bedhd8G6tQLrK-sqzHMu_UiQ","token_type":"Bearer","expires_in":3600,"scope":"user-read-playback-state user-read-currently-playing user-top-read"}
Spotify response status: 200
Spotify song data: {"is_playing":true,"timestamp":1784230691656,"context":{"external_urls":{"spotify":"https://open.spotify.com/playlist/37i9dQZF1F5p3rmiWPIYgZ"},"href":"https://api.spotify.com/v1/playlists/37i9dQZF1F5p...
Token response: {"access_token":"BQAZk29W2pemEiYvduLCb5r15BrUygUaoo29DwBj1ajDIsvhZvfG3xvzOWL39G8o0vswXVUbKrE8KRi7LA4mZ8fYG71oH-C_PaHcnO2S6tz_DTQsfUmPbDL1oT62qxng2NPp-seC2aK5HiAbVxX6e4Pk0VKfTKGahpEjDKlp7OqkHGoCFwTE4tT5Aak-vei0WwhxnOl5bpVJaaoGn-OOWhcpWX8bCfwn6d9QxH-GajgXbYAZNqTMWzKB35eFPq1qh8vpQg","token_type":"Bearer","expires_in":3600,"scope":"user-read-playback-state user-read-currently-playing user-top-read"}
Token response: {"access_token":"BQDla12LUNNQZUqXA-e4g9cRomTGZnO348qsuL4Dnj-DlJNmtoosFvVObw_lhWFnRSlvnK3zqEpX0yEC4lPJUSzU7c1jgj7n528TsFuXSzI54ay2wId5CFpF-Ys6nUovAs74RU_V1Xm_zidcyDanCAFWnTBp4sCXS3-Y5Pt23yDYQBXto-DsrxNMoCJSVtiYLn1IcrhuQmd_lRz6sL0BLNDPAXJvtIZRPfOhJ1DhByrkdM5zHT1DBOqbQKk__yGIcIP3ug","token_type":"Bearer","expires_in":3600,"scope":"user-read-playback-state user-read-currently-playing user-top-read"}
Spotify response status: 200
Spotify song data: {"is_playing":true,"timestamp":1784230691656,"context":{"external_urls":{"spotify":"https://open.spotify.com/playlist/37i9dQZF1F5p3rmiWPIYgZ"},"href":"https://api.spotify.com/v1/playlists/37i9dQZF1F5p...
Spotify response status: 200
Spotify song data: {"is_playing":true,"timestamp":1784230691656,"context":{"external_urls":{"spotify":"https://open.spotify.com/playlist/37i9dQZF1F5p3rmiWPIYgZ"},"href":"https://api.spotify.com/v1/playlists/37i9dQZF1F5p...
Token response: {"access_token":"BQBvIg1XK2ipBMCtJp9lstSuxqGHcqbLtbSrUgPTyRYO3yTHc5lnXS28ZL1zq_r3CplUfw1jhJ2cQnAq5JmXJoSlu-xWQlBA5qWMQ3HwE2LM-8DSM4Bin0d5vII6ysy-CtciOVT1hMdBOtlIectOALUFOxe4BqHcgwofyGgZ-CPyExdL1Ao0-qS76a8Wtdd2VjatgnysAo8w4knpE8MzEJ6XJxWcvroyslq1polo1WANyVEzcst_tkkPLmtnSM2oSd2RhA","token_type":"Bearer","expires_in":3600,"scope":"user-read-playback-state user-read-currently-playing user-top-read"}
Spotify response status: 200
Spotify song data: {"is_playing":true,"timestamp":1784230691656,"context":{"external_urls":{"spotify":"https://open.spotify.com/playlist/37i9dQZF1F5p3rmiWPIYgZ"},"href":"https://api.spotify.com/v1/playlists/37i9dQZF1F5p...
Token response: {"access_token":"BQAvfozzK3YBwbwm5ulLedNWkt4-pDrJ4lGTg69c254EeFAqZvWN7XGsgSGh46jDYj29aqz_gKsjKcQLuavoywDtnuwknhJl8rnhN8y7NrkPaYo65Uf0htjUZpOph_7FM3w0rJYLWuPYRkQGRqx6D4SDGKSCwDhTbx76A5LzqCOGwA1XhyKL6wrCJibb9gjuikPvA0FGfBXUquJie6RsMZ1KkXALRPNZRixcP_p-CqMKRK4oE0x7_kdEJJGtXc5wrhms2g","token_type":"Bearer","expires_in":3600,"scope":"user-read-playback-state user-read-currently-playing user-top-read"}
Spotify response status: 200
Spotify song data: {"is_playing":true,"timestamp":1784230691656,"context":{"external_urls":{"spotify":"https://open.spotify.com/playlist/37i9dQZF1F5p3rmiWPIYgZ"},"href":"https://api.spotify.com/v1/playlists/37i9dQZF1F5p...
Token response: {"access_token":"BQAEwJnHNR63Gost0e1MY9vpgOTUVVLrwm4zffPBtnWSBaSo5qK6HOfBupLfDIBWYwYl4gsJQKa-cJz7XPfrlAYFlF-wVYw_WtNJTEZqJsxk0-tZhzX_SKEWVso2CtR-OeGiTv-p4AYDaoIn6kxLc_UEPwQoJceSLJD3G8XfjhvOC7MH8ro0yHR6Xa1SI5n_MdA3KCnzEqbaE5lsGeNm3xwhmUwCNLy0HO3NXC-wcjKzITUMq9h9wwMHhITpaTnewMWwPA","token_type":"Bearer","expires_in":3600,"scope":"user-read-playback-state user-read-currently-playing user-top-read"}
Spotify response status: 200
Spotify song data: {"is_playing":true,"timestamp":1784230691656,"context":{"external_urls":{"spotify":"https://open.spotify.com/playlist/37i9dQZF1F5p3rmiWPIYgZ"},"href":"https://api.spotify.com/v1/playlists/37i9dQZF1F5p...
Token response: {"access_token":"BQAQK00lrb4DKrm-Hmm8d-Z49f9PzgDClQigI72m6qUapuavtKAO6J81QMs-XrKP5YV5M3AWqEqiGMkc_K5VCq9iYG9BerY1lEyhaF6XZtQQPdh1-2y_0_GTEC9wdlQl97_DA2w_zk1lM56DdaINXi2G5DHZBRdMr3S-_WC_I7KbmVMBP1mYvqQQRLVDwDfj58Tv8mrWafqH5krKe8iutM39WpTxdHCYEqI0mcEnGV_m8XzUafwsknaYwNM6qpraDvEByQ","token_type":"Bearer","expires_in":3600,"scope":"user-read-playback-state user-read-currently-playing user-top-read"}
Spotify response status: 200
Spotify song data: {"is_playing":true,"timestamp":1784230691656,"context":{"external_urls":{"spotify":"https://open.spotify.com/playlist/37i9dQZF1F5p3rmiWPIYgZ"},"href":"https://api.spotify.com/v1/playlists/37i9dQZF1F5p...
Token response: {"access_token":"BQCYpzAlYaWEdOsesMF4OoHRRb262eee9k4AVxbZlfWWwYsUhEM1Lu2jRgXiB5TwI7L-TNdbBZ63jOwzBrMhC-JRNMGSVAdtVjbT_BP93mBXLxqA3owdbUMVwsZ-52CLUvA_h0ljgG-Wirgn73UnVajzT5XHZ59dgCHacJ2bXVxX6YYwHwKFEMAlMsdTsxq9fM1BdQ2ZjgZhLy6FbhcwPMkgR2KZUp5Olxb-y2ujPNftFIw8hLlZC0TjR_7kmMu22S9e5w","token_type":"Bearer","expires_in":3600,"scope":"user-read-playback-state user-read-currently-playing user-top-read"}
Token response: {"access_token":"BQAD5UXtaIbX41x08ECidQ6Mcq91_OYDuL60ynrV6qv381gUlh6_tD7VroHOHVUHJUhmQIr_DtpYJSZUYA4lhjLo--2M7hKD2QhzSko6JP7z9LF_PDZk0cUoEOuY8Fnj8AqBjq7IPRw24uS_fcREejreGbNr3rJ4iNE2B5p4hXqawqsE5mMlBNO-TDOwZAATFTJwdH8niyLNunpwyCUwAklzhY8xCeTu1SCjkKBYtbgoCSiNDJ1yiAd94AnEZqoswZrGJQ","token_type":"Bearer","expires_in":3600,"scope":"user-read-playback-state user-read-currently-playing user-top-read"}
Spotify response status: 200
Spotify song data: {"is_playing":true,"timestamp":1784230691656,"context":{"external_urls":{"spotify":"https://open.spotify.com/playlist/37i9dQZF1F5p3rmiWPIYgZ"},"href":"https://api.spotify.com/v1/playlists/37i9dQZF1F5p...
Spotify response status: 200
Spotify song data: {"is_playing":true,"timestamp":1784230691656,"context":{"external_urls":{"spotify":"https://open.spotify.com/playlist/37i9dQZF1F5p3rmiWPIYgZ"},"href":"https://api.spotify.com/v1/playlists/37i9dQZF1F5p...
Token response: {"access_token":"BQBehVas0xrMQ2tmCgyELYjd27ROo4JCRihUcHid3eKudpMGMcZ4WOip5wibF4WWCmq0O5my_aS0JkWft0h2Fg-7D2wJBbvbjO1C_QSh_2Jwg7ZGGtX78xSAcs9ddGwUOZboyEK7YEBf1ZacDxXQ2oLS3A6esS8CounOy9yW30sGk0UW5-lvtcCscu_ewfeOUT41n0fmmAAmAG71JKJoxdP0L7Ra0qxgZuBJajEtU1JJmdSQRF5pMqUDL66cNRyJZGfl2Q","token_type":"Bearer","expires_in":3600,"scope":"user-read-playback-state user-read-currently-playing user-top-read"}
Spotify response status: 200
Spotify song data: {"is_playing":true,"timestamp":1784230691656,"context":{"external_urls":{"spotify":"https://open.spotify.com/playlist/37i9dQZF1F5p3rmiWPIYgZ"},"href":"https://api.spotify.com/v1/playlists/37i9dQZF1F5p...
Token response: {"access_token":"BQDWP58mh-axT3fBnnuaXAbSu79q2HMYj68_9y9pf1zkt7BybtTkXjEJx3MR5r0BUMX4V5svQx2DH2NlYGWCZpss_pqlA9w6nCZ6Sfv1xRgxuXtmu87IBKGTdjxp7JJvhceCU_8EkFYNFFZLmeqsNJmzSTmoL9mQiXD5gBe3A3zE3lp2XAQ_k5R9P4ZOjdaYMowa2wqH3OVR5Q2PJbo1cY3Rw2ieUuDnldeFtqmpBUe0Mr6wzWhKD1DG2itRwKKczdECoQ","token_type":"Bearer","expires_in":3600,"scope":"user-read-playback-state user-read-currently-playing user-top-read"}
Spotify response status: 200
Spotify song data: {"is_playing":true,"timestamp":1784230691656,"context":{"external_urls":{"spotify":"https://open.spotify.com/playlist/37i9dQZF1F5p3rmiWPIYgZ"},"href":"https://api.spotify.com/v1/playlists/37i9dQZF1F5p...
Token response: {"access_token":"BQCpI7pTtnr-750UfxWpQKWlV_7xDUuj6wI71MJ1Me-AdPD4ObijAqIqvyOfeDUOS6THmimoPDMihmvvDYTrjx6tSZ09senMOrXsOFGcCjMHJolJ975uJ2znIF9cdI6tJ9OoVACTLxiL6ecMg27w3WAWzY5Gqw_VsBtXhdMxj7gYXwTU_U6qeUGHhGjkS1pBpJ9oVYQFBkhyl4STsaD9EkI54RPiO5f3SgvpePPhWtCm-PqnoqxVsEBi1jOqyuKIzNvShg","token_type":"Bearer","expires_in":3600,"scope":"user-read-playback-state user-read-currently-playing user-top-read"}
Spotify response status: 200
Spotify song data: {"is_playing":true,"timestamp":1784230884249,"context":{"external_urls":{"spotify":"https://open.spotify.com/playlist/37i9dQZF1F5p3rmiWPIYgZ"},"href":"https://api.spotify.com/v1/playlists/37i9dQZF1F5p...
Token response: {"access_token":"BQDwYHwME7tqxYpABOatGzCPxnW8jbRZNdLTKDJKxnUUsX3g1c2o0euWb8uoBezKfcuFUYw7yKdSIFUkSQs12We9R3-d-s9wWkDpQHQX1PmVMEhQ3fZzpZVru8VRJmRd41iKEQJzotTP-NKuEL6U-wSF47u9ba_uZtZHrIH_FW4YIwR3IKc1JqhivU2btbbnI1m-vcsqohzyJ1hJirAYB0V8FVVV6_DeRxyF7B7l2d5zQ7_ntaI1wxVB5-NcFZhSPsxETw","token_type":"Bearer","expires_in":3600,"scope":"user-read-playback-state user-read-currently-playing user-top-read"}
Token response: {"access_token":"BQBskE9STTC0dHwsu9-N2QjyOxejV86OTw85hHmcM3HgS3m40sD4B2yM-posa5skmBhznPcB60oujeliWiI6Jw5XwmqLk7w8HJA_g-1xpGuDDBkRw9mi1sXFKWtXD0zF3oAN3LI45VPtw0xf9QMqUXV22gl9Ba8StjCzihBwz9mqWz7aM5Mo7HZly4wBFsGZ5w3E8tfOuWsYo4wjKM8Nq6rYZbwjcdxuNvpa626-KhqhNorRrMp2XsTpdUfkup-_IZszug","token_type":"Bearer","expires_in":3600,"scope":"user-read-playback-state user-read-currently-playing user-top-read"}
Spotify response status: 200
Spotify song data: {"is_playing":true,"timestamp":1784230884249,"context":{"external_urls":{"spotify":"https://open.spotify.com/playlist/37i9dQZF1F5p3rmiWPIYgZ"},"href":"https://api.spotify.com/v1/playlists/37i9dQZF1F5p...
Token response: {"access_token":"BQA33Q-fnmMsaxuXguAQAUABlf4vjIdzDvl11KahVSEEjAuxrEX-43z4LlWanE1zhVpvWddnWPP4ccsOyiLv_qP6A3qG0ronYl-zvUgBMTcLqfgw2dH4NI8Yhaq7b3GYVJXkxA3MajKYX2xuKrmqZp_dkVvgwXAJrRa3dvpaoIbMZfxiRNI0DSJ01dAukS-hwHq8HpidOIWIWLRyqK6WmPOHzKXw6kYcAxvDnrzo5Ks58mEV9gp7ePdAJeY0Nzq8ddy-QQ","token_type":"Bearer","expires_in":3600,"scope":"user-read-playback-state user-read-currently-playing user-top-read"}
Spotify response status: 200
Spotify song data: {"is_playing":true,"timestamp":1784230884249,"context":{"external_urls":{"spotify":"https://open.spotify.com/playlist/37i9dQZF1F5p3rmiWPIYgZ"},"href":"https://api.spotify.com/v1/playlists/37i9dQZF1F5p...
Spotify response status: 200
Spotify song data: {"is_playing":true,"timestamp":1784230884249,"context":{"external_urls":{"spotify":"https://open.spotify.com/playlist/37i9dQZF1F5p3rmiWPIYgZ"},"href":"https://api.spotify.com/v1/playlists/37i9dQZF1F5p...
Token response: {"access_token":"BQDYFUpoUKi-LD7SyZDH71-DpbZaUDm1dXPET0zUWO8dVAoH3x6nQOATRbn9LltLwpBiSQMXJXMh4EZI2-AwyRR3S49m--EOH6uC2TcYWGQsk1T18ARdgKNeT43Ckn83IfxOmbWZU8c1WlYQbKIsY-3PiBatZAChCihFIoNYjJ_z6tvfuxt2j-9hczPoMIHv0DRFGsBK27_mDoGAym9SoIvsu9fOuQ8MHFAxd0gftmmbdMI6etO7VkK6LydYp5wXuBRfxw","token_type":"Bearer","expires_in":3600,"scope":"user-read-playback-state user-read-currently-playing user-top-read"}
Spotify response status: 200
Spotify song data: {"is_playing":true,"timestamp":1784230884249,"context":{"external_urls":{"spotify":"https://open.spotify.com/playlist/37i9dQZF1F5p3rmiWPIYgZ"},"href":"https://api.spotify.com/v1/playlists/37i9dQZF1F5p...
Token response: {"access_token":"BQCKOQ2PPvQprMxjiPELdvKl_pZ0bgQauNYRoAMhny09eScnWI6MlWUhntW3SoMsLJmS5-9N9f_mJOcZgNidyuWQSazovUAX5ZdFddtcbDHuDTv0PLuuevXnS5vWyVKEsSyZoZ2Ehdtxo1m6aDTBbBMcR65IgVbZ-54yLRN1rfeE9qWEiyWJEn7bUwvK_bS9wo4Nb1vbg4ZW3jluzngaw6QveCrz5Ix4untkj3R6JPK_OG1CmAdsvt44fja4zE1DnVuXnQ","token_type":"Bearer","expires_in":3600,"scope":"user-read-playback-state user-read-currently-playing user-top-read"}
Spotify response status: 200
Spotify song data: {"is_playing":true,"timestamp":1784230884249,"context":{"external_urls":{"spotify":"https://open.spotify.com/playlist/37i9dQZF1F5p3rmiWPIYgZ"},"href":"https://api.spotify.com/v1/playlists/37i9dQZF1F5p...
Token response: {"access_token":"BQDAyUfvZrsxWEz_VP-PJfNHs6F4uqGgpEIpUOEADj26AkeIqwZn78NlAMfoW1fHzY-0hJwKGmQsNsYU6GutXaVTqEz3nFx-kaIseTwK7-YGpwDnmPJXduZ5vRa1KALdVc0c23L-u-AjnHmGjrxLex-HXIh7vW813h__cW3XUBsSL4bKOeyyyeTlxQR0vofxgRkE-urJSluVsRNaECPqcb0keRF0tVeCt-r421PpQdRItuXbG8v9ZtiVE47e_c2x5nMtfw","token_type":"Bearer","expires_in":3600,"scope":"user-read-playback-state user-read-currently-playing user-top-read"}
Spotify response status: 200
Spotify song data: {"is_playing":true,"timestamp":1784230884249,"context":{"external_urls":{"spotify":"https://open.spotify.com/playlist/37i9dQZF1F5p3rmiWPIYgZ"},"href":"https://api.spotify.com/v1/playlists/37i9dQZF1F5p...
Token response: {"access_token":"BQBi1ESMahEISteCEt-QWWAOWfXNMQfzLcPZ253H_HZdJ8DCEFeXLBj7feIzh5shzTwvvxgIEao5h5wBayC51-wdUeW5WpUs82MqGqssY5rq3EJJILFACHCrKvl2d6Lb57ay5lmS5Jtgar6jZ3vezt2-VMk8gYegJ86FNi8AtCFaaOBXUcZf5SYjEkM09EPIb-qGRQWWlweeG9s32jmtffSoroM7vD8oQkJZxCJEnfwOJinHWzy3JgwSEmZTo9PB6ThBCw","token_type":"Bearer","expires_in":3600,"scope":"user-read-playback-state user-read-currently-playing user-top-read"}
Spotify response status: 200
Spotify song data: {"is_playing":true,"timestamp":1784230884249,"context":{"external_urls":{"spotify":"https://open.spotify.com/playlist/37i9dQZF1F5p3rmiWPIYgZ"},"href":"https://api.spotify.com/v1/playlists/37i9dQZF1F5p...
Token response: {"access_token":"BQACjs2kRHri9R4LDIlzLIlI7VmJlTwiWYH_KNwtS0zduSyI3AkhWOXojEPYKPGhNkXxa0sF40gx1IFYgZ5HauJfPsBeVyuA6j5CDVDUAG5bP3JsZNc0wiRB2QD8ggA5XPEvDicGhZ8HVa7aEhR_ZgKAdra-hfdF6sAWro4ZjdqLi0iORyeYn5tx3WnTMM4a9s83GMCps0GcvG-Ua52xSEGqnshK3RLJKRMkv0JAB8RnvYQyIov3BQ-thpYb2_-KxEePuA","token_type":"Bearer","expires_in":3600,"scope":"user-read-playback-state user-read-currently-playing user-top-read"}
Spotify response status: 200
Spotify song data: {"is_playing":true,"timestamp":1784230884249,"context":{"external_urls":{"spotify":"https://open.spotify.com/playlist/37i9dQZF1F5p3rmiWPIYgZ"},"href":"https://api.spotify.com/v1/playlists/37i9dQZF1F5p...
Token response: {"access_token":"BQD3aluWl-qX7TXHVYS7sj9G9Misi7iyBstBWsQCrezYAGPQzy94LmmRggTJmasfMnwoerUopv_1Nv2bWfctm1OA0qUVY-X5fIzQUxjOiPQtztNEEdfuOqadRaY0f59rVDquA65UNJHQmN3DgdvGJPG1SqwhB5j9oloy8rHHDzZj8rVIDJO-jwz-2oNSKuEt52LWLRXqOg2kKu_YZNpjqq1zThnyYfKaTccN1v0I-lpAUujzLxW77A3NHLpPxn_ROFo8Ug","token_type":"Bearer","expires_in":3600,"scope":"user-read-playback-state user-read-currently-playing user-top-read"}
Spotify response status: 200
Spotify song data: {"is_playing":true,"timestamp":1784230884249,"context":{"external_urls":{"spotify":"https://open.spotify.com/playlist/37i9dQZF1F5p3rmiWPIYgZ"},"href":"https://api.spotify.com/v1/playlists/37i9dQZF1F5p...
Token response: {"access_token":"BQAudxIvccUPuI-t2SgRFofMubbuicE0xtu-tubpgqUrKUy1sNrWJEQZNdD66ZdGPW0jQLPCt0UFcz-xiVClMP9aZG2HoRSoiOGC1xZ8amoRgi3z2GsHBIf84vu7mpgjtFrni0SKAgk2PK2f7SFtRqScKM-1DGodTlXCPWQh1Zdn-Oc71YfXFMbvqbiV4tkwY8OIp6e1flLxMgFqr_1vuyDxYv9l0fVQ9F0RWD5hCDeCcP5cl8XOkd9UrZMsdcgVLN6H8Q","token_type":"Bearer","expires_in":3600,"scope":"user-read-playback-state user-read-currently-playing user-top-read"}
Spotify response status: 200
Spotify song data: {"is_playing":true,"timestamp":1784230884249,"context":{"external_urls":{"spotify":"https://open.spotify.com/playlist/37i9dQZF1F5p3rmiWPIYgZ"},"href":"https://api.spotify.com/v1/playlists/37i9dQZF1F5p...
Token response: {"access_token":"BQCqmOOfMwJV6-A5NfVym51iV9Me080fDPHwCDdwB8dgJwy-aSg4v_po_fkOKShmt1vRwlWleeZo_FKcHYF1cgPyYPrSuESK03dtaQVZiE4K9KbgMwh9xJcrT56A0J1MOv9SxsP6fc8Q9IqStTfDlpYfvaFMPaXChTOve9JISYGoA8EjNyAC66mSQ2Uj4m-XQB7EC8jCy8xB9Iw3g-2lyQ2lx0TKEBu-z0XfjibpjFafGKn8oiNF1QCdYrqg945QoiHMNQ","token_type":"Bearer","expires_in":3600,"scope":"user-read-playback-state user-read-currently-playing user-top-read"}
Spotify response status: 200
Spotify song data: {"is_playing":true,"timestamp":1784230884249,"context":{"external_urls":{"spotify":"https://open.spotify.com/playlist/37i9dQZF1F5p3rmiWPIYgZ"},"href":"https://api.spotify.com/v1/playlists/37i9dQZF1F5p...
Token response: {"access_token":"BQDSnHJzKX3mySHwTbLYQYIHBWUy8CHyxnxacH7K2PduARyjuS_-lvTI_A2gvihxEo_2B6vlxS8dNZK6mMeKxaNrreJ6-jfFbdF0-JC7FwkOeLKfk5c60QiTVeNcVCyQC6yi1Yx4bW1BPRbCIQS579fIWCanJHoVIV2XXjIb1QELMN3cxGbrTn7MKqVRQoNH07LpU4DZaC8jyH4BtmkAxvcG_HGUQH3eJXtxafw5M-JRRpD0mEjHJgq8chbYX_zXu-i1zA","token_type":"Bearer","expires_in":3600,"scope":"user-read-playback-state user-read-currently-playing user-top-read"}
Spotify response status: 200
Spotify song data: {"is_playing":true,"timestamp":1784230884249,"context":{"external_urls":{"spotify":"https://open.spotify.com/playlist/37i9dQZF1F5p3rmiWPIYgZ"},"href":"https://api.spotify.com/v1/playlists/37i9dQZF1F5p...
Token response: {"access_token":"BQC9zzfp9kcp9qfLpaBwYluoZblpo7o1INC4121KEj7HrOIU8XhfLbgAtnEpB3iZUX146QlcBCdENO9Z5cGBzUkkURxhK-JwT6sllE5f9tAUl45Ac7g-XLygAeI7a9A1PpACCv4PqQtIOhUaAkvPlD7WuQMJInC3ITNdsby2KzQd1Rgy__k9kolbWom-ygkSFTRO2q91LTqNW5aNrPcHHW3nAJkDRCyZJY7_AKaw2by3CwLSaIYwPvbO5a_MpDzlFaXXcA","token_type":"Bearer","expires_in":3600,"scope":"user-read-playback-state user-read-currently-playing user-top-read"}
Spotify response status: 200
Spotify song data: {"is_playing":true,"timestamp":1784230884249,"context":{"external_urls":{"spotify":"https://open.spotify.com/playlist/37i9dQZF1F5p3rmiWPIYgZ"},"href":"https://api.spotify.com/v1/playlists/37i9dQZF1F5p...
Token response: {"access_token":"BQCyRoub_oy57RHgqsZvQur1qozu8RN00kBZZ5r3q-Gy67ymv-58Bdh0AMgmIjYW2EUUlo5YvCBR7zbzO7kN77Hpo7Cf6Zkrw-gJj4ZtWWqUYSK-DdCuqKvRmlUa4xKefnE9kaTn_YY0LJGDcWFVOoiFjgk1spj4OsEcrAhHzQpsv1CVZE91coorB1vhIR7L7iqHMAVe61kji6pvIrDElNmHx0ePz83yaf0BUmlCBsbXb763oVrimnksf5x1OEDwlHjBgQ","token_type":"Bearer","expires_in":3600,"scope":"user-read-playback-state user-read-currently-playing user-top-read"}
Spotify response status: 200
Spotify song data: {"is_playing":true,"timestamp":1784230884249,"context":{"external_urls":{"spotify":"https://open.spotify.com/playlist/37i9dQZF1F5p3rmiWPIYgZ"},"href":"https://api.spotify.com/v1/playlists/37i9dQZF1F5p...
Token response: {"access_token":"BQAOQlt9Pwjeb8HmSCtV9tTDt0O5H1u85-nCkfRZljjzGBrOhnX0uYD7bLlWCip_qdtkK3PvY8vnx5IoX7LzaPJCReZsWI7eHUppeGpzEIpMo6PdZbpX248u4qQjnyBsPwgrRrx-CwvEdmOHrNeyUXHZhvio3DFF5sfQGmQOfipLbNNnoqtOoRf2jP7VwlEyu3D8MT856N7_wxXLT91s23PwRbIK14X7Ihkx5a3LmtCM3fG38rGevF9dThuHa3Ht_ECrxw","token_type":"Bearer","expires_in":3600,"scope":"user-read-playback-state user-read-currently-playing user-top-read"}
Spotify response status: 200
Spotify song data: {"is_playing":true,"timestamp":1784230884249,"context":{"external_urls":{"spotify":"https://open.spotify.com/playlist/37i9dQZF1F5p3rmiWPIYgZ"},"href":"https://api.spotify.com/v1/playlists/37i9dQZF1F5p...
Token response: {"access_token":"BQA_BH7s88HDJlz7IiNHymkpXr6DfImjAgI_bgA9dkUWQqo1yY5NtqRAM1xdX4eopKmp10kFCyBYyPrIPprtZesoQBoZzpgvZKqEmeFDQP-yKnt3DBwGVsKwramlr8PtoJPXS3dXdgtEqEmotK-sIpWBM5rtvb4_jr6bY3TDVY8V8gZkv_cwh4yG1NzY-xc-WSTYWC86UEbVDyob3o9rtl_BIl73UxgD1Quj7XaaextCcly7kIPRfRtsM3Z82li8LA78Mg","token_type":"Bearer","expires_in":3600,"scope":"user-read-playback-state user-read-currently-playing user-top-read"}
Spotify response status: 200
Spotify song data: {"is_playing":true,"timestamp":1784230884249,"context":{"external_urls":{"spotify":"https://open.spotify.com/playlist/37i9dQZF1F5p3rmiWPIYgZ"},"href":"https://api.spotify.com/v1/playlists/37i9dQZF1F5p...
Token response: {"access_token":"BQCJClhqwcpmRFBuC7Xtgvk3JrknjFdzKP03bF0Zftv8N2Y51B9Vlr8IwcB4OldV5Xlp-JChxEd4DXoYlge_ISU5fcy6BwLJ8CPXs9q2qfGo4DB2v4LCZZex9Js5_GUYXkk25Xmjbpzs1Df_xJnbHFzi9gII-jTHesqgQetKlOU8rINgHII-6-NehJ3vKXd76W6pg1WxilWWnO4Lww9ig021psermtUxx3HRavamFr-4JzcA0JkGL__WSCBi_udgmJxuAg","token_type":"Bearer","expires_in":3600,"scope":"user-read-playback-state user-read-currently-playing user-top-read"}
Spotify response status: 200
Spotify song data: {"is_playing":true,"timestamp":1784230884249,"context":{"external_urls":{"spotify":"https://open.spotify.com/playlist/37i9dQZF1F5p3rmiWPIYgZ"},"href":"https://api.spotify.com/v1/playlists/37i9dQZF1F5p...
Token response: {"access_token":"BQA8ZY6hrV5iaGwYLr75FMMTz7SfJFjbyVn9J9LvaBTKYIWBG2zpmY2N1sFN7vqaXogXNjzPWDGSDdcwnNvXZ-RLrVCPTLJU-XhOOn9IipZe4c9qQPVbtfML30yagUgFb3GHGixHK1krXkoB0DGuNXSW8_Tj6po7xQnfvP64CFhypZpnKhYo3xuUTG2f6v3dXwExcvPzrhnXvBXz6s_rNATeSc8AP0wbaSkHg4qj5XyU-lcXu7Phr9Bepb7E3u0LWT-u3w","token_type":"Bearer","expires_in":3600,"scope":"user-read-playback-state user-read-currently-playing user-top-read"}
Spotify response status: 200
Spotify song data: {"is_playing":true,"timestamp":1784230884249,"context":{"external_urls":{"spotify":"https://open.spotify.com/playlist/37i9dQZF1F5p3rmiWPIYgZ"},"href":"https://api.spotify.com/v1/playlists/37i9dQZF1F5p...
Token response: {"access_token":"BQAtWxnymxvz4b1geoyqIRhErLmSFjhsmPOJkxC2hMqRyuEp2BPl6P0v9u382PEnbXXJbtnZHczdpVhBJHKEaN-9vDugNaDiff0iSiMmD76hDhuwXf8fH3XDvYbvIzn52PkVQYJmBfiQrG-_VT7_Yqp_eNWF8oYeZM6mamahDdRitzRjGLXXxjavgCD1gvb1uZnZ6HP5vdqVCY6w_VmOceay-w36VJXv-RYY0uJC009Kabz1zpZjvn1nabJi5iyO6iLm8A","token_type":"Bearer","expires_in":3600,"scope":"user-read-playback-state user-read-currently-playing user-top-read"}
Spotify response status: 200
Spotify song data: {"is_playing":true,"timestamp":1784230884249,"context":{"external_urls":{"spotify":"https://open.spotify.com/playlist/37i9dQZF1F5p3rmiWPIYgZ"},"href":"https://api.spotify.com/v1/playlists/37i9dQZF1F5p...
Token response: {"access_token":"BQAgNxfCA9cKQkxZIsPYDnfaO8sIA2ujIVhCB5s7ig5rX_5z-2quKD_z7UqcPeL12rAR_weRSsrr0zVBlSW1qOuFPGfsPgNM4qgo5JSaTq3BARVnAj9wxRuDkwLGiZ3v6_tJiCQVEHamYIAqLEGvJEOmmt3E2_ZWgCzN188Upfyg9WWqbXAYEgYcU209pYo7sa69xTjqnhxeiAcr4E5PXvVH9eMZSEh48n5cXwuxph02sbIBPROvM1GMJjnUy3vWhOSD0w","token_type":"Bearer","expires_in":3600,"scope":"user-read-playback-state user-read-currently-playing user-top-read"}
Spotify response status: 200
Spotify song data: {"is_playing":true,"timestamp":1784230884249,"context":{"external_urls":{"spotify":"https://open.spotify.com/playlist/37i9dQZF1F5p3rmiWPIYgZ"},"href":"https://api.spotify.com/v1/playlists/37i9dQZF1F5p...
Token response: {"access_token":"BQAVpDUVP_uCibiayQW2U-Arvu4GUWaezAC-QgpKsDkYkH1OJCXXgVb-6RzPaPhM7hixXcft7kbuEXdBeW6w3gL75IMKvHK2aCZKA5Q_pROZKPL0-YQBmWXSSsBfkf5O4T3nQqya-y_sVpMRoFOAwYdgQCJS3h4wgQBfKWpSRjDhdefJno4wwD-j14GqxxECJLoTZ8yaYZw75B7SyMa6LxE5ZGryYcn5-nErTAhMBfkBBtJ7g7D1WyGwzSx0wZCUW1_xyQ","token_type":"Bearer","expires_in":3600,"scope":"user-read-playback-state user-read-currently-playing user-top-read"}
Spotify response status: 200
Spotify song data: {"is_playing":true,"timestamp":1784230884249,"context":{"external_urls":{"spotify":"https://open.spotify.com/playlist/37i9dQZF1F5p3rmiWPIYgZ"},"href":"https://api.spotify.com/v1/playlists/37i9dQZF1F5p...
Token response: {"access_token":"BQBK01kGRRR_LXnpu4UuLhvHTRdftL3mJrps3fPMobVV2HGYapJDJ6zNfmNVmb5BmbSV85BZdrbfvpprfNRmg1qZY-HkpOxZ0a3D8OE5CzsGgoHO1z710lPJG0NeIPJpk8hqlMoKwbAUhrEIoFXkTuMZr2DNGYh4_QJmJEeuzhTgEBqjXIMv3FMbOvYg2E1_lkp15rJxy9JPs8esBGFHv9vVry-4dVGv_99ryC7rYBS2Md77mgwtU2qxl4y9qOnkTZwhag","token_type":"Bearer","expires_in":3600,"scope":"user-read-playback-state user-read-currently-playing user-top-read"}
Spotify response status: 200
Spotify song data: {"is_playing":true,"timestamp":1784230884249,"context":{"external_urls":{"spotify":"https://open.spotify.com/playlist/37i9dQZF1F5p3rmiWPIYgZ"},"href":"https://api.spotify.com/v1/playlists/37i9dQZF1F5p...
Token response: {"access_token":"BQDvz5no0kQUbFvEuYnZYOx4eyjeiUhff4G1K1kV_ew9aydx8NJtHJl5D7-wnOW8rTddxjlmy4BGo-SKHmJhWlfokHuuUkycXINiTcMUSM8Hz7gzfOXVa15QOKTDQZ1-C-O87dnzxyLfOxxnSDcO2jlPEDW5MIw3sq_2Pksx19lxgyyOm5zaEwdQit7Kp_JVbcABnpvkBB6Fuhrlj44C-UhN6PpH4aeI5_XldNZT5mZWUhaNmkr8LyVg_11o0pxzSDu_NA","token_type":"Bearer","expires_in":3600,"scope":"user-read-playback-state user-read-currently-playing user-top-read"}
Spotify response status: 200
Spotify song data: {"is_playing":true,"timestamp":1784230884249,"context":{"external_urls":{"spotify":"https://open.spotify.com/playlist/37i9dQZF1F5p3rmiWPIYgZ"},"href":"https://api.spotify.com/v1/playlists/37i9dQZF1F5p...
Token response: {"access_token":"BQAyyleOy0MmvlDGlUmmRnPuRFEPNrcCdFCRgH0wAzSyqjIt5yJ4kJ8DaI_OHOnmnmiYZJpNJ7TYglwRaHF9D0MKHPvvWt5AsnsXiUTl4j8-VcI_u3dSgswKLYK9OddLT9Bc7NKXONaaB5BACkaMhJ4EyuyywHrErt9UNEZuXig5RazUBkhRCLY8TDCe2BffUC8cocAXbYQdH7YaiXFF8HA1uS46Lb1KSYsrcwfoELUBp2W4eKWhPB7oTpQkqmCOpdmILQ","token_type":"Bearer","expires_in":3600,"scope":"user-read-playback-state user-read-currently-playing user-top-read"}
Spotify response status: 200
Spotify song data: {"is_playing":true,"timestamp":1784230884249,"context":{"external_urls":{"spotify":"https://open.spotify.com/playlist/37i9dQZF1F5p3rmiWPIYgZ"},"href":"https://api.spotify.com/v1/playlists/37i9dQZF1F5p...
Token response: {"access_token":"BQCsJm7PM6Xao2cJ7HR7CjyHRy8ngRmXQKsPE17sIFOhsf37gcbwKZtaOChY0WkTRTt2lpDlr2YRBTpFI_JDfbd1ZcY_X8hjLM4CcfZht3SiXdEKZ4UzJuiDNYpPHsqwPARyYeu3fcHv9mG0D8TEgzZcZ1KnOF3Q_YXdPbGcVFq2LmwrxzB_jaA6rscjZ14fVE8XOlBzxcTFdZkgdqvoEead8I3ZxUvRxFG67paJHEULkti2DyYcxFNcmHgVFm3MqsUXXA","token_type":"Bearer","expires_in":3600,"scope":"user-read-playback-state user-read-currently-playing user-top-read"}
Spotify response status: 200
Spotify song data: {"is_playing":true,"timestamp":1784230884249,"context":{"external_urls":{"spotify":"https://open.spotify.com/playlist/37i9dQZF1F5p3rmiWPIYgZ"},"href":"https://api.spotify.com/v1/playlists/37i9dQZF1F5p...
Token response: {"access_token":"BQBIV3I5Kbtrk_gFRGXeHzhuzKNksTULnfSEmjBRhW9836999pPmIJIdIXLQWxBmNX8q586HL9E1n9aAu7JJPgsLTcsjAz29Nci5SSzPyolExLIVkJ0bCGc29NpjexXe6dUqmu2YF4ugNSzxwb8wvzJIw7wwYhiSciDruCN7teS9SqW1fm-8wxReQOymUsZety6KBxIA7v9DC7NvUi6MeO3YQ_3XPTi47tjFLv1NDht5qb7kQxKUeYW4gcThao_TZaVKKQ","token_type":"Bearer","expires_in":3600,"scope":"user-read-playback-state user-read-currently-playing user-top-read"}
Spotify response status: 200
Spotify song data: {"is_playing":true,"timestamp":1784230884249,"context":{"external_urls":{"spotify":"https://open.spotify.com/playlist/37i9dQZF1F5p3rmiWPIYgZ"},"href":"https://api.spotify.com/v1/playlists/37i9dQZF1F5p...
Token response: {"access_token":"BQDDIGg59qJKMpikmstXQEBduRRC0BqwIGfnL4fgoHqVhRr0Q4e1974lMBj9ZczuRKa_wUDuvJ-ei1xIkmwThge8s-E40WSMiV8eh6CpyisyPl2mabbltcXNoAcVCvC0Ya1lDJbVYxARoTgrqTho34OzBULkoLg73-S8q2qPj9n555js3prIYklJKfJ1j8rHyACQ3FDIC_txXeoB9Lnor2CwHE3E8PsRNXj9FVzlT3jYHPzLUDAtqkeYIjsDS7t_idS7Aw","token_type":"Bearer","expires_in":3600,"scope":"user-read-playback-state user-read-currently-playing user-top-read"}
Spotify response status: 200
Spotify song data: {"is_playing":true,"timestamp":1784230884249,"context":{"external_urls":{"spotify":"https://open.spotify.com/playlist/37i9dQZF1F5p3rmiWPIYgZ"},"href":"https://api.spotify.com/v1/playlists/37i9dQZF1F5p...
Token response: {"access_token":"BQBIOw5Uk6irOgbNirtTMctlYy7daW65bvU2lPIpXQrJBvXaGs-lbkvneqP3mlwI2jMnaPOf3Vn5Mp-4DPTIhGhpBRW6u6PB_bOtse3y-vFKr9ayBXiFz3zwb3f8SGu1sOUzryAZIJAHvFrrNdzFJdUAEE_6EHpvYKaPJfmvjWX61ZmTj9KrOAlCDJ_DGJEmiWbtiFyxJWZKIHhHDQTVIUp56y9JgMxzCC_VTwpeUnAgnv8y2rJdueJzwg3TAGvnB21thg","token_type":"Bearer","expires_in":3600,"scope":"user-read-playback-state user-read-currently-playing user-top-read"}
Spotify response status: 200
Spotify song data: {"is_playing":true,"timestamp":1784230884249,"context":{"external_urls":{"spotify":"https://open.spotify.com/playlist/37i9dQZF1F5p3rmiWPIYgZ"},"href":"https://api.spotify.com/v1/playlists/37i9dQZF1F5p...
Token response: {"access_token":"BQD_9YrBFEarwMRCImaeolD9ZrJtcYiVinzNqbDeORJOILlDj-RZNISdTMM7vy5aUtwgkJzmvQMp_b3KXtPdHBA_cnKwknK50RFsMEbL__2wArJ4z10Cr6fLRprd3t4ZoGzHdwirc8UHccfvnW9h9mxv-FszZsMk96SmqVkHl4EUjeb2U2eMnNVUP0-tpdxUN2i1BILsIIgLIuw4lUeecwcxj54VicJgfcF98kUePBpDWWdQySdDsFZVtzcLu3M01eL7DQ","token_type":"Bearer","expires_in":3600,"scope":"user-read-playback-state user-read-currently-playing user-top-read"}
Spotify response status: 200
Spotify song data: {"is_playing":true,"timestamp":1784230884249,"context":{"external_urls":{"spotify":"https://open.spotify.com/playlist/37i9dQZF1F5p3rmiWPIYgZ"},"href":"https://api.spotify.com/v1/playlists/37i9dQZF1F5p...
Token response: {"access_token":"BQA1uZMzi2HQsy33My-9uJCwyLh9s7DaJKw4fXN00PbV-Pc7QrI2hXr1qeTpfrIisCLQy7eWWtbl7FFpmeazOu-iBm55yg8138bmOrp15KuTiUkgKy_Ikl4lR59u_5TM9xaa6mem2dK95Am021hf0asxQELf8BQJKjwZNaLIp_GP8gHGWEWZqZmvpw2OrRv7Xn0a4Nh40o74TiZHDR3nbrynlHPVGNBA9lfW4Zfrsp_3iaTmI1nnSlKdUPv5iYqPkma8dw","token_type":"Bearer","expires_in":3600,"scope":"user-read-playback-state user-read-currently-playing user-top-read"}
Spotify response status: 200
Spotify song data: {"is_playing":true,"timestamp":1784230884249,"context":{"external_urls":{"spotify":"https://open.spotify.com/playlist/37i9dQZF1F5p3rmiWPIYgZ"},"href":"https://api.spotify.com/v1/playlists/37i9dQZF1F5p...
Token response: {"access_token":"BQCjj5fP_R3iqvGFIh88n391A7VZuEk0yugzKhsaf8C2oICXKKUOLcSyCMqf0kgnGoL8WerCHyjPx12z2o5vEsf-YOszhwSNhSbP9jl1xmhPpEBAdd2ZSpeZfo4j8Y2Gz8B6ISBWKZeQze0dnxaZw2r9heT0kZW4Awili9aqwA7bFTUJbqXbj08KQlnJN3NWFm0n0KWbHS2TePmV0_X1D5GS8Nfen7H6VTK4PauCl17qdgwSHwsnlnHdagfUZu-MizcwPw","token_type":"Bearer","expires_in":3600,"scope":"user-read-playback-state user-read-currently-playing user-top-read"}
Spotify response status: 200
Spotify song data: {"is_playing":true,"timestamp":1784230884249,"context":{"external_urls":{"spotify":"https://open.spotify.com/playlist/37i9dQZF1F5p3rmiWPIYgZ"},"href":"https://api.spotify.com/v1/playlists/37i9dQZF1F5p...
Token response: {"access_token":"BQBp_vECnXAnDM18xJR3qBWOw8ADZw7av8FaAxt5q83QwBC7CVLm9zzAJgc_KOeH8TtiVd6IW4rYUStmUplYl-jVCnUDYFXKEA_i33eaUcs1eGd9YWLFihSwhn2fgxY_tScgTkPQhO_ReY0VW3gaWTn6RCyW1jT1KX0BBrRYeyxXyMO81birNpz8mZ7JKE1bDOpPcdsunaZqxdI62O_KuvHT-1MJakdm9LcXTPVPK5ZZARtfMPy-93QBAcwRSYgsW-VvoQ","token_type":"Bearer","expires_in":3600,"scope":"user-read-playback-state user-read-currently-playing user-top-read"}
Spotify response status: 200
Spotify song data: {"is_playing":true,"timestamp":1784230884249,"context":{"external_urls":{"spotify":"https://open.spotify.com/playlist/37i9dQZF1F5p3rmiWPIYgZ"},"href":"https://api.spotify.com/v1/playlists/37i9dQZF1F5p...
Token response: {"access_token":"BQA3LH9fYeYAul-vcIzV9_1bNhAa-E64MvpUsG3QFlOPTZfptS0J3JTwfo24L_dYcowF0UMiQr42FtE2zqH00esLNCWbxHT1W4fIYwfxXZmK0dn2364ROFhKpF2b77gYHRKJCczxEpeQBYNh1AjqaA5bNFz6Wj8gJ-Vj34FwfINb1pQFLfkT3sXpsyaUiXCVrRCPQXW7qrS8MIepEn-2CT7vvBrsosmSiUJKiHRZSxmGkC13eQALl1eowbPHT2NiPmuNTA","token_type":"Bearer","expires_in":3600,"scope":"user-read-playback-state user-read-currently-playing user-top-read"}
Spotify response status: 200
Spotify song data: {"is_playing":true,"timestamp":1784230884249,"context":{"external_urls":{"spotify":"https://open.spotify.com/playlist/37i9dQZF1F5p3rmiWPIYgZ"},"href":"https://api.spotify.com/v1/playlists/37i9dQZF1F5p...
Token response: {"access_token":"BQAXuB2qehak_eIXy9spuhywHI3DXs0ngzZDEe4QF-7r-wRUf5GDucvCf0gRPQ4wekR_q5IzJRrQUCkfAEjHknvsSm6bnXHZPWsYNUeDo5TE99LmHHW1urAA3hO8uhx1AXvBbaKpiAJJvkw4Nnf2a8NpLr7U43MOdsl7c9Zrk33esgPmtM2OKjzmIv6AjHYkhXMeLguNT6yxbKOsE_-FjYNt1FNzxudD_3aH4Q060yjzIc8DaYw9ao4BOcZqI3BEbo3oNQ","token_type":"Bearer","expires_in":3600,"scope":"user-read-playback-state user-read-currently-playing user-top-read"}
Spotify response status: 200
Spotify song data: {"is_playing":true,"timestamp":1784230884249,"context":{"external_urls":{"spotify":"https://open.spotify.com/playlist/37i9dQZF1F5p3rmiWPIYgZ"},"href":"https://api.spotify.com/v1/playlists/37i9dQZF1F5p...
Token response: {"access_token":"BQDa6NKEWoctKGJj8xtOz0QcNcsziiApX4ROPUHeG-gqjHtq4ow1qqcXwz2uEn7dOBzxchwyma4cD-k8BCPtjNy8TGM9mY6_3PdiiLKtDDIQailDLts2PNVoFiaVnKmelx7AXGZzF5Z2Nox3bF2Vr9ChsKlijokg6kBPe0hdlXI7_5dOgkkQYYZIr9m_9ieP-ppjefD0kLPcazx412D0nWuYblyY6PE9H2u7x2mSll1Vi6DFLgTEmRCcJCQazyNlTeBzag","token_type":"Bearer","expires_in":3600,"scope":"user-read-playback-state user-read-currently-playing user-top-read"}
Spotify response status: 200
Spotify song data: {"is_playing":true,"timestamp":1784230884249,"context":{"external_urls":{"spotify":"https://open.spotify.com/playlist/37i9dQZF1F5p3rmiWPIYgZ"},"href":"https://api.spotify.com/v1/playlists/37i9dQZF1F5p...
Token response: {"access_token":"BQDfdTZ2D4nVYkJ93YupQVMhFi4hJYqQZ1QOVJw94QyIbu2uyypfmXN8o8e7qHKVASC9srtRtHN7JwciTUHnQ8Q7wDfsbPjjNGnlJF9oc2GehK5PHmsnLCfQ5Lx6QvPWzZyVygREvLQRPptrXW0cc6DtbLqR-jbXNiayRFKjA9ZJS_li-DAiyqCS5L785oFK00KeA8UuuhLwh_c72RndyL1qRrbnCBvFQPzJBBWaRG7gpniKR7qgtAcTlN8ge2MTox-NFg","token_type":"Bearer","expires_in":3600,"scope":"user-read-playback-state user-read-currently-playing user-top-read"}
Spotify response status: 200
Spotify song data: {"is_playing":true,"timestamp":1784230884249,"context":{"external_urls":{"spotify":"https://open.spotify.com/playlist/37i9dQZF1F5p3rmiWPIYgZ"},"href":"https://api.spotify.com/v1/playlists/37i9dQZF1F5p...
Token response: {"access_token":"BQCbS2gKjEpK9GVye_cAqzmTW8VxmiIVsfLF3P5ZRj5CfcpHcbOCcF-3IxAZ20IO4yWL5LL_msun3t1D__4zGHalyWwnXmzAEhJNjObo66cnMynsyROnoq0VpBiDWQ-UPtNGO1q3P2iD7bX7kkuXiMyfcEzkylE9sas7GCyQrEvr_3Fq5DEIdSZBvI5LgbD3dhdak-wVtANwaaKKr9Yk3lJ8dvCCmOycSN4m2QHnKZtgGfN8p_m45nrPsv1kfCF9QThxRw","token_type":"Bearer","expires_in":3600,"scope":"user-read-playback-state user-read-currently-playing user-top-read"}
Spotify response status: 200
Spotify song data: {"is_playing":true,"timestamp":1784230884249,"context":{"external_urls":{"spotify":"https://open.spotify.com/playlist/37i9dQZF1F5p3rmiWPIYgZ"},"href":"https://api.spotify.com/v1/playlists/37i9dQZF1F5p...
Token response: {"access_token":"BQBP9dhDmFycO5jFma77fyER7S_iaU5EZ1AneThm2xN_VP0qYrDfW5wjf8GN6RicEhvrnrljI5vcfxlWe8cydgQEPg0PEULMx83_SsUF_xKgAI4Cf_Vt7Pmm85zODmpWljxQU_oOFAiS3u2ZaGaiB8s_23Ot6IaFLHyErpbHblE5GPHPUeki3sJ5n97Y9MRl_r14kkJkb2a1uUV7R4C-Nyf-Bf6qGx20-ks_lflHxB5RCG6NF1rNgoktHJjtraSxG6xIvw","token_type":"Bearer","expires_in":3600,"scope":"user-read-playback-state user-read-currently-playing user-top-read"}
Spotify response status: 200
Spotify song data: {"is_playing":true,"timestamp":1784230884249,"context":{"external_urls":{"spotify":"https://open.spotify.com/playlist/37i9dQZF1F5p3rmiWPIYgZ"},"href":"https://api.spotify.com/v1/playlists/37i9dQZF1F5p...
Token response: {"access_token":"BQBv8Be5cwanedMHHcP-znXxMSJMFyUqqzPJjuvVjLIeKwAr6S4_axxY4Eh1RgNu2FusttPpSbRMx1v-zYD8ZBIbqwYPoulykqbk6ty7jM5_QA10CeFxKqOQ3VesLi6LuzjUH9uQ06jgP7wN3ol1qp3y3CA51bS2hm4nRacDlzLgRAjpYieOvAWa4lszXadr9OjCi9gyb3sFW9MuP_WmodHZXoczJT-zdWJ3B7gXgtpl-P9wlEjZyCR-fRa49cEJb4PlkA","token_type":"Bearer","expires_in":3600,"scope":"user-read-playback-state user-read-currently-playing user-top-read"}
Spotify response status: 200
Spotify song data: {"is_playing":true,"timestamp":1784230884249,"context":{"external_urls":{"spotify":"https://open.spotify.com/playlist/37i9dQZF1F5p3rmiWPIYgZ"},"href":"https://api.spotify.com/v1/playlists/37i9dQZF1F5p...
Token response: {"access_token":"BQAl8AXXXsEyayda2uaEvm1Kphw6uFS_H3KbPG74wR9x9twNO1TzrHypW6A6YESO1RXGZWoiQ-ER-mtsBMQN2fmTOxJnf0FNZfWBqRjvGnsBfc78P_iVoJ-hZ8J4NFgmTLkRsqC1w7w0ZaZf9C8TQd7BZc3O_5PfUFVWR1weMArO1O6fy-ukI1f4eYJKtYDEmD8y2Vud_r4odC6yOkod9clB53YiewfV3Wc_ghFLcRPXAh5Utgs-vFVtOy2TZHnbn-lZsA","token_type":"Bearer","expires_in":3600,"scope":"user-read-playback-state user-read-currently-playing user-top-read"}
Spotify response status: 200
Spotify song data: {"is_playing":true,"timestamp":1784230884249,"context":{"external_urls":{"spotify":"https://open.spotify.com/playlist/37i9dQZF1F5p3rmiWPIYgZ"},"href":"https://api.spotify.com/v1/playlists/37i9dQZF1F5p...
Token response: {"access_token":"BQBkZ6GbSlOuKqyWVWlGIaDVlncAZX_VOWqVLiQCutcfeXH7k_bmLSR9px85DTZOv2yiXwKFFVtag8l3P6fDQGWCIj_n1uezMeAGmjUUJdY2TltyvhkzjJjmOG2TJkpkW0aP3N-EWqB2wBPm8VDp2WkSgXlqaqjsjmx9WIhlAx38ZZ8ZqvxOYdJIeriDM4pmj1KRH4Qd6_DLECxRqGsOUHh8Af_NbSCIipbPkPqJ9zAv2MEnLcSTQojvUxl2Ge-Xl-Axwg","token_type":"Bearer","expires_in":3600,"scope":"user-read-playback-state user-read-currently-playing user-top-read"}
Spotify response status: 200
Spotify song data: {"is_playing":true,"timestamp":1784230884249,"context":{"external_urls":{"spotify":"https://open.spotify.com/playlist/37i9dQZF1F5p3rmiWPIYgZ"},"href":"https://api.spotify.com/v1/playlists/37i9dQZF1F5p...
Token response: {"access_token":"BQDC9Za9chDdLSdbXirnrNrsJZdST74bLAT5bZlW2C0TaGF1qCDUBZ0u-t9pvRbbWC7fvmiJTInvHyqUWDT_mfOGz0FEqrg-_2QaqnyLXFiq8B958yEJE7QscVwhia_m4kj4ZdwiQZ5ZO_2YLeikY12l-qa1jS46shHj-YqYj0MHvZqnxvOT7CqE-ZVNkyk-Ata8O9agfcqHT8_08qyLJbPTpCZ8X6YpLJpIDtCz_ulxf1E2Y7r6yc7HoW1riZ2DqyctnA","token_type":"Bearer","expires_in":3600,"scope":"user-read-playback-state user-read-currently-playing user-top-read"}
Spotify response status: 200
Spotify song data: {"is_playing":true,"timestamp":1784230884249,"context":{"external_urls":{"spotify":"https://open.spotify.com/playlist/37i9dQZF1F5p3rmiWPIYgZ"},"href":"https://api.spotify.com/v1/playlists/37i9dQZF1F5p...
Token response: {"access_token":"BQAyM4BNBeofdys8hDl9L1iXVQizEuHqTHqC7FbPM3uccble_VoZNKmSPe3Q3pmMSw7WkKWSySPseQk7ZC1hOtxgPZGcBD6kE4MtObjNbrum7s7cyzcm8rWrJzguY7j2W3ibMMR15kqT-khNH7BX-L3ION0DWh1krwtWA6IFiYu-t1-Lu12xZynVofnaoXNlDroSu3UEHDFHNo0eWAfG3rTNzS2D1a8Qink7m0oxf0w772SWlInTT1f-GPNP36PrWLm8kA","token_type":"Bearer","expires_in":3600,"scope":"user-read-playback-state user-read-currently-playing user-top-read"}
Spotify response status: 200
Spotify song data: {"is_playing":true,"timestamp":1784230884249,"context":{"external_urls":{"spotify":"https://open.spotify.com/playlist/37i9dQZF1F5p3rmiWPIYgZ"},"href":"https://api.spotify.com/v1/playlists/37i9dQZF1F5p...
Token response: {"access_token":"BQAMOkz83TKG0okpawymPbY39N_xOkLCsnOlRzDOZ1n1Vw22VYgsvIRE_itxpoNYPGclKSKR_zTdzYNNn5irEkmiNHnlt24iSoZ8clf4ttP-Y5miGUWrR3Z6AZTA5CfrqwPt8MOCrgrtGVboSCg2BAw5MiuERXgSuwQCWADgEyi556M9w__k8OOxJE6HRX2hWIzNbARTDvffydxr1-FiuGFq0SA9lqVJFTVPKdC9S4ORB4apgJIfykmmMPguTRoODwbwOA","token_type":"Bearer","expires_in":3600,"scope":"user-read-playback-state user-read-currently-playing user-top-read"}
Spotify response status: 200
Spotify song data: {"is_playing":true,"timestamp":1784230884249,"context":{"external_urls":{"spotify":"https://open.spotify.com/playlist/37i9dQZF1F5p3rmiWPIYgZ"},"href":"https://api.spotify.com/v1/playlists/37i9dQZF1F5p...
Token response: {"access_token":"BQDP_pLf3731egT_b8xpIly2sr5LzAb8BJlm3xxtZaslRiVsF8VUF2TduMeNhWytFn-7Yqaen7knGL8QNxCI5RVVBmwOsxx_fOmG6IA64pkxbKgOzcT9Mur4uuMesd3PGeyNrxwcwmInGDII6p6-98z8v4EAkxanMRW3r-0wSChnJ58J4zm97dkiV_y6xp_xVGrxwFhLY3BofsSnk3-fsmtuTvQkyqtltivQ_RGi9hXmUCbjGlh2zaeuLfGMOSq3g2UOnw","token_type":"Bearer","expires_in":3600,"scope":"user-read-playback-state user-read-currently-playing user-top-read"}
Spotify response status: 200
Spotify song data: {"is_playing":true,"timestamp":1784230884249,"context":{"external_urls":{"spotify":"https://open.spotify.com/playlist/37i9dQZF1F5p3rmiWPIYgZ"},"href":"https://api.spotify.com/v1/playlists/37i9dQZF1F5p...
Token response: {"access_token":"BQDa8nCx6PxBWxv6q7FTxgfKboTGyfO0oxxKJgmfJmZm7YFGZbUctt8_yY8cLZhEMoSUZa9uRFXrvIoila92pGW8B1OzSyzumUqZYn8fkLR-NVvd18iS0c3dcO-gO0haGh49E8wUaXBLjPQuGadn8aD76RB1Tbjcy0ld7guJNNuD_yGV0Mwx0R1PrrHLeh3MuOj3e7M712isN-UDSaczxfMdkC9UkU8TBUp8d5-bfwu7z_nYjzMdbZ5TDKy7mbPR9PX3xQ","token_type":"Bearer","expires_in":3600,"scope":"user-read-playback-state user-read-currently-playing user-top-read"}
Spotify response status: 200
Spotify song data: {"is_playing":true,"timestamp":1784230884249,"context":{"external_urls":{"spotify":"https://open.spotify.com/playlist/37i9dQZF1F5p3rmiWPIYgZ"},"href":"https://api.spotify.com/v1/playlists/37i9dQZF1F5p...
Token response: {"access_token":"BQCHfv6L-339Y4jFL6kIZjn4AwbK32_YH4Y4ICj301x0eMM1jgBfqVyhSOCiywtwYRz0jnlb19_vPJhB4idzPhFZCAyT52JuH2axW6UJgfGulWDC4OvtbfTaspR7xQ5aOgskWI7d06_L-RP4HVN19a_0f601IwmC9pdd7omAb3jZ-fZ3Cjfchxjok5BduCLO1jzUPPgc598Lez3WD46zp4sW8rPWrfR2JkC688rRX6tReeZkUEHy7kA9cKvedNF4ZatFqQ","token_type":"Bearer","expires_in":3600,"scope":"user-read-playback-state user-read-currently-playing user-top-read"}
Spotify response status: 200
Spotify song data: {"is_playing":true,"timestamp":1784230884249,"context":{"external_urls":{"spotify":"https://open.spotify.com/playlist/37i9dQZF1F5p3rmiWPIYgZ"},"href":"https://api.spotify.com/v1/playlists/37i9dQZF1F5p...
Token response: {"access_token":"BQB2yVd8Ljno4a3P8kRE2MQsWO9Lm9i6xJiMyYQofAu18FOTszCG1LfLGMz3uY2__assUMtD_3XcqV_4pwLY0tDf36vE2GFu2pzoS2ZnUbGwJiTH4REe-0PYgI6O4ndcZB4drbDxjBbXS3pfCHW-QM9ISGFblsA8vdEVKCsxAJrksWKlSR_q8akvrmcf-h4yaDrCzTNP3KakO0fY2oKORcE6NFZ0bUt11ExP27axO3qBeLDtyaOB_5fmIX3BLTc2d6MfaA","token_type":"Bearer","expires_in":3600,"scope":"user-read-playback-state user-read-currently-playing user-top-read"}
Spotify response status: 200
Spotify song data: {"is_playing":true,"timestamp":1784230884249,"context":{"external_urls":{"spotify":"https://open.spotify.com/playlist/37i9dQZF1F5p3rmiWPIYgZ"},"href":"https://api.spotify.com/v1/playlists/37i9dQZF1F5p...
Token response: {"access_token":"BQDP29YRTfYPs21nWqOCGsPHr1A-qPAQryOgnNdXiBcNiyizwMcYb8LVCoZuxdapiLSTbF3wYCpdIbxGd_7LPihYQXcS6Up37vW3p4nHMOtAkbVIXoIQdbS3Fzj3iqQy5nyjSzxRVNlAljSSBK1-uEkDM5Ous6xcHw2oq9sjHpgBnwPuG0HYLra4oKmexs0BMG9bKT0A5KqzHtk7NI9goA6Nvk7S1d-HDl53FRV_dOR9FJLT3qpK8M3iAsZRaoXAR8SNxw","token_type":"Bearer","expires_in":3600,"scope":"user-read-playback-state user-read-currently-playing user-top-read"}
Spotify response status: 200
Spotify song data: {"is_playing":true,"timestamp":1784231076555,"context":{"external_urls":{"spotify":"https://open.spotify.com/playlist/37i9dQZF1F5p3rmiWPIYgZ"},"href":"https://api.spotify.com/v1/playlists/37i9dQZF1F5p...
Token response: {"access_token":"BQD_jDUvsg3acmvsht4lvvnISmtj8WMbFFHjW_MnevgHhMVgYUPrQvas7JOp_shltH1P6BowKyljP9Zn8TdL3TNsMjzwFR6tJtkjaiDn-BqQxuHZRvhVw9Y92w-xGICqkhEOIDOHQVWjgqEOBM2XDcRIVKifXi4sT8wsr5QvrYOMWmu3tkQ9XdChgJ4HBgiCPLKnBL4L_Iw6B-urTT58cOmQYsMp18AIwe3Ai6wkxxKtniM4a-rMKDI3DX7O32LjdgHr8w","token_type":"Bearer","expires_in":3600,"scope":"user-read-playback-state user-read-currently-playing user-top-read"}
Spotify response status: 200
Spotify song data: {"is_playing":true,"timestamp":1784231085739,"context":{"external_urls":{"spotify":"https://open.spotify.com/playlist/37i9dQZF1F5p3rmiWPIYgZ"},"href":"https://api.spotify.com/v1/playlists/37i9dQZF1F5p...
Token response: {"access_token":"BQBenHyz5wx6sdpwRF5haUZUpCfKsf5hjBy42UMoziBS8aDWFK0RB7dIgXC720jqX1qLpF6mKuEsYO_b39GEnXdJeZGOWUv4R614rQ5Wu_P8v2yrxuA5SZWNRoxpuln9F1ua-kZjSFICTNArKpgfcuuANnajMe0XqM5xHdt0X8ag_LJjQIN6kJagKSJqjIPRI4UGutSYI4hQu6EjzgG0oFz6uVg4DiaB-9HSukhMUFjjvkqfkDgUj3sjDsdAo-3JPTEJ5A","token_type":"Bearer","expires_in":3600,"scope":"user-read-playback-state user-read-currently-playing user-top-read"}
Spotify response status: 200
Spotify song data: {"is_playing":true,"timestamp":1784231085739,"context":{"external_urls":{"spotify":"https://open.spotify.com/playlist/37i9dQZF1F5p3rmiWPIYgZ"},"href":"https://api.spotify.com/v1/playlists/37i9dQZF1F5p...
Token response: {"access_token":"BQBSw74TrJDDwE42BjMzv_-rR3GqpqR46_tWmfKAGcIpeGVN-LiZ1xY0Ge7n1C2bPf4XAbrrF6SM_1uSEpxk8O7V2y3w-oBxgflkokrkG8o6T7EtBSMpjZ6w0hMhlA5LP6nR2khYDMCxJgZ7xYX5cMoODlaE1Ai1SVtKaqjOtLueaUuwpnbFjHEIciRRVRfpu_jDsNUtAcbBSAOwv6gw0ZkQ_baTGF_9MFqfCscc6sCtStEtBBKpaJ47d_NPJxRs6Rpq-g","token_type":"Bearer","expires_in":3600,"scope":"user-read-playback-state user-read-currently-playing user-top-read"}
Spotify response status: 200
Spotify song data: {"is_playing":true,"timestamp":1784231085739,"context":{"external_urls":{"spotify":"https://open.spotify.com/playlist/37i9dQZF1F5p3rmiWPIYgZ"},"href":"https://api.spotify.com/v1/playlists/37i9dQZF1F5p...
Token response: {"access_token":"BQDVQxD212R0JG6nxRpRlXQxRVAvfHQaOBX_Q2-FNPHmg5NAI8l5dcpq8KuAxxteBYKHpKgnlPPpypBUvLY35B5_5qSJ9pQ2tkgdYcLFK-GJ3T4-lvOwFcGKFOmuejiYkwIoq38XO5hDsfmbI32P_gjGcQeR8W-LCJ2v2T7oj-Jce7rbngd33iJXbkhSvtRXuvkkH-6gcGi3ZbKDHhxArWWSCDaXQqxnXCchD6U7QULQKXmRvWI7V1f1OmIphumLOdbjkQ","token_type":"Bearer","expires_in":3600,"scope":"user-read-playback-state user-read-currently-playing user-top-read"}
Spotify response status: 200
Spotify song data: {"is_playing":true,"timestamp":1784231085739,"context":{"external_urls":{"spotify":"https://open.spotify.com/playlist/37i9dQZF1F5p3rmiWPIYgZ"},"href":"https://api.spotify.com/v1/playlists/37i9dQZF1F5p...
Token response: {"access_token":"BQDyY9y0k7wjWIISZjs6cJ-LJtM8doEIMuU0pwl-e_dRPaB_HKqqqFjgcHSQFdurpX5dwAfWkQ4o8SrepZIlNBErvrGYVdK_06IwwfV5kdzAQ7jiANCLbbS6DPkUlk8vTK_Ld3HWzBPxvneyD_N34pCWWnsdyBfYW6mE1hPCbb5RbCR8yZ024Eg6PXElIqSc7H-qsn16Zm3kB6MC9LE46N3_hUbY2G685eU6yq-tzFNxNM1IArY8-cgC6tLPIu4VXLd8YA","token_type":"Bearer","expires_in":3600,"scope":"user-read-playback-state user-read-currently-playing user-top-read"}
Spotify response status: 200
Spotify song data: {"is_playing":true,"timestamp":1784231085739,"context":{"external_urls":{"spotify":"https://open.spotify.com/playlist/37i9dQZF1F5p3rmiWPIYgZ"},"href":"https://api.spotify.com/v1/playlists/37i9dQZF1F5p...
Token response: {"access_token":"BQBiUAZi3Tji1Y5gi9ovXVg8aiMzsDbH5AjxFBG3Xc08-auM9znz-HHXoqQ7jYiTlJixGTFvj8oN19LJ-JmtuS0NJLCgVVM662LQvXDxRexB5LKE1BfJTD1J0xY_WvBsLIc2o11NvagvNlX6zLst_6oMMoUP7d-wzezjCXOVPkHXzu9eYJpf1D33REPZS8Bwm7ndpikwZysJkPmVI9o2SXQwiJinArUVzcXpGCvbXeUe7z3Q7vH29rn0RNzaCTyec4uJ8g","token_type":"Bearer","expires_in":3600,"scope":"user-read-playback-state user-read-currently-playing user-top-read"}
Spotify response status: 200
Spotify song data: {"is_playing":true,"timestamp":1784231085739,"context":{"external_urls":{"spotify":"https://open.spotify.com/playlist/37i9dQZF1F5p3rmiWPIYgZ"},"href":"https://api.spotify.com/v1/playlists/37i9dQZF1F5p...
Token response: {"access_token":"BQDdQe-Oq-OWJdEwCsDMSPpV4HaMV7bbPE-ed7SeaqNdDbkrgF4Sszdwv-lHdgQx9p2RtEAJyeMCjvkYMxmCjO4_Z8UjOmRoGsvg6FB2oRYNDYkPBnduoe2NJ4yU1vd20qoZFvbesF-XbH45feF9fZ44r4rb7flsGNXh424GtkIfpJGSmYwO6vSLU-VQ4zUdFkxwRrvUwr7SHyLlpfxSxWtbBx0BykaTMzaSujandNt9jhM7O1qIX8LdNxqPxaET67YVfQ","token_type":"Bearer","expires_in":3600,"scope":"user-read-playback-state user-read-currently-playing user-top-read"}
Spotify response status: 200
Spotify song data: {"is_playing":true,"timestamp":1784231085739,"context":{"external_urls":{"spotify":"https://open.spotify.com/playlist/37i9dQZF1F5p3rmiWPIYgZ"},"href":"https://api.spotify.com/v1/playlists/37i9dQZF1F5p...
Token response: {"access_token":"BQDumHVpdZIe8DhlETxjmms6MFO9I94wkxYPAIZS25udi2MlQT61Btf1e4g1N1bdAX6T3GWS4Z6jq1FcoIYOecvVCNsQCLOWj5Cr1n5QVfjLQa6-S48TQ92h_nTiNeU_-tl2Cf6dRnc9TM2gFXb9a_wpW_kWRc4Pp2y5LfrOZyEzKukgVfQZBHg8UDv9_ESaG_4u7P8HUQbWRVDKOFFypMnKSIhdzKXN_4mdMS8WZDip-1FReiWmiikOsC9OyQE6wOUo4w","token_type":"Bearer","expires_in":3600,"scope":"user-read-playback-state user-read-currently-playing user-top-read"}
Spotify response status: 200
Spotify song data: {"is_playing":true,"timestamp":1784231085739,"context":{"external_urls":{"spotify":"https://open.spotify.com/playlist/37i9dQZF1F5p3rmiWPIYgZ"},"href":"https://api.spotify.com/v1/playlists/37i9dQZF1F5p...
Token response: {"access_token":"BQADyuTd6EusoY06v-_-6lbfqpNZUEqkGSGEZ5eW_B4s97PxXDAgjGMaIq8ONgQOScBG71jlRUOV1cyAN7f-BJQ1ZP_9dugZjvO_cG35gmfCQ54LGfP4oT1p5ujYnT36brgBel1Zq_eSOG3fZ4JckGWhPuW45eJtq5vv73ZCjDBnKLE2vG72nOGdT609WCDwI1AKm27QnByusx1TVzX3LAR_d-ozEB5Ami6vILg6jNsOxG2IEDuU76F7wOKCPbIORoAQzg","token_type":"Bearer","expires_in":3600,"scope":"user-read-playback-state user-read-currently-playing user-top-read"}
Spotify response status: 200
Spotify song data: {"is_playing":true,"timestamp":1784231085739,"context":{"external_urls":{"spotify":"https://open.spotify.com/playlist/37i9dQZF1F5p3rmiWPIYgZ"},"href":"https://api.spotify.com/v1/playlists/37i9dQZF1F5p...
Token response: {"access_token":"BQC_dbB-WesbMcfB7me8c6lY6gtK_KJhWvnO-nMMG3dOSknZPj3Hr-hJ4ntzNgDXD1O8WUvgDVamti1glBtYZp85mmq6jiCw_x4sq26_9Ex5aHT49odjVJPV1D0FTb-MDbr6159IEr04tw-EXJ_nAALJEfTUE09mid1HPm2hYRAygbeCxgHduGfYcZCN8TGe-K-vhfJHorwSHg2k0fM2NgSc8kCYaGQ_-V0j9JRqSyFRKeG3kt9b1ufo_4bhWBFFUfK1MQ","token_type":"Bearer","expires_in":3600,"scope":"user-read-playback-state user-read-currently-playing user-top-read"}
Spotify response status: 200
Spotify song data: {"is_playing":true,"timestamp":1784231085739,"context":{"external_urls":{"spotify":"https://open.spotify.com/playlist/37i9dQZF1F5p3rmiWPIYgZ"},"href":"https://api.spotify.com/v1/playlists/37i9dQZF1F5p...
Token response: {"access_token":"BQDsWHlEIUrRAvJuBYczUxLOh5h9hZvQ2zjcPA-J4oGEbXgPfNIltqPH_qr0UQgarVbzn1nh0LzXWv6ypbY9k_mfwzaI1Cf59QJxTUkQD5FjuFlQmD9XwiI4R_6OqnwYrKqk8RtSeyNdtICzcDhlSjUVYwFOp-CxUX8XYF3A0S4LcNLjeW0KxNhEZ6XXrR37TMoqJZbydc9JnDSuBPmsDkskoje_8vU2CsgvHnR1PVGO0TuPgZAAmADa2qoDYhjXF7pmfg","token_type":"Bearer","expires_in":3600,"scope":"user-read-playback-state user-read-currently-playing user-top-read"}
Spotify response status: 200
Spotify song data: {"is_playing":true,"timestamp":1784231085739,"context":{"external_urls":{"spotify":"https://open.spotify.com/playlist/37i9dQZF1F5p3rmiWPIYgZ"},"href":"https://api.spotify.com/v1/playlists/37i9dQZF1F5p...
Token response: {"access_token":"BQAUt3_nDM0NnkJyZYmTj-bcEPvN7b78zVtffIH2aUR7D7q3adWwx_HF4Bc0mkb_RXQpyBgksMzTMq6uasWFxmga4c64kmGT2QjsCvLJXP5PGe9sFTKqNdGZoV3_qEYu1r9eDlt4b9RrRWy-5QIcpfG9f8BA5TYEeTThEOBclzV0BLIWcBbsxYECJN3zkY-9wBkVaTg3yaYgrcSFASH8fLoCAMFCFIfNC5zoMb-54R6EE6wMmP_dhc4vfj2kwkpP4XxCsw","token_type":"Bearer","expires_in":3600,"scope":"user-read-playback-state user-read-currently-playing user-top-read"}
Spotify response status: 200
Spotify song data: {"is_playing":true,"timestamp":1784231085739,"context":{"external_urls":{"spotify":"https://open.spotify.com/playlist/37i9dQZF1F5p3rmiWPIYgZ"},"href":"https://api.spotify.com/v1/playlists/37i9dQZF1F5p...
Token response: {"access_token":"BQBKhuWc4oRveiuBsYvY90RVQzexaxqQHeL6QeN42E8L-5IZyXbctxgQ5X1NgLxtiDFG6nNfylIKiNwjNSew6sXhIVNFAg-5lQnP5ZNpSwZPqI2r7Xrb9Rx7QnOlL83TdskbIhdrT4QHQqeDIl8rVpJ-tLsfEvFr07pht8eJEmPkzaPO1XEONwe8IGIP0os_g6oArhgCuxjgYHtM-7YL0GaEZsHzPLiFzbWTvJTfLxg0InkSEF6LISHqaiiTq0lABFvKrA","token_type":"Bearer","expires_in":3600,"scope":"user-read-playback-state user-read-currently-playing user-top-read"}
Spotify response status: 200
Spotify song data: {"is_playing":true,"timestamp":1784231085739,"context":{"external_urls":{"spotify":"https://open.spotify.com/playlist/37i9dQZF1F5p3rmiWPIYgZ"},"href":"https://api.spotify.com/v1/playlists/37i9dQZF1F5p...
Token response: {"access_token":"BQAHsTFnCcNsw4ka_HeCrsvFHYE8BEEzCNfveJfhKK-kicpGXNlTbz3r6XiSWn0nTceUpl1URm2PH__MPDq8_g9fbllCQ1I0RqBqrLEjZ8wDS-Ik8WTGQ2pL0hFiioD44xaaGXKVXfUshOqxiD6UGtMmxYvxcOplGFnqgvrFpPHhYFI2kdBm-hG4q0vhiFH1rYNsAUufvSwUku8oSxDcJEGeF5i5_gUfTjjaFo22cOlH6dtQ63gP74iBL0RZVnRCSyr9MQ","token_type":"Bearer","expires_in":3600,"scope":"user-read-playback-state user-read-currently-playing user-top-read"}
Spotify response status: 200
Spotify song data: {"is_playing":true,"timestamp":1784231085739,"context":{"external_urls":{"spotify":"https://open.spotify.com/playlist/37i9dQZF1F5p3rmiWPIYgZ"},"href":"https://api.spotify.com/v1/playlists/37i9dQZF1F5p...
Token response: {"access_token":"BQBLREkFbcnrJU7L5sM2Y3PGhf-Nm2Fjr89xkCHvh3bO9z5AZBv8pJw6OtBP5PLhoNgodKmdEY5C0_3saH81bkQqB0tmLXCvprspqICscUvoUVzsVlP_25ZLHy2tyOsiNS6vaw-5QJQc-bm0Iwnuvv5bH-eEG4oahtNcMxwfrcUezqCHmT_s8Xm8GfaiYuhV5nPG9uG7DPb05WtcoI7YO4Dtu_KAYsOuM5oB1HrutFUoCWJu7-3uAHAmX9fR6OdBTQ5vBg","token_type":"Bearer","expires_in":3600,"scope":"user-read-playback-state user-read-currently-playing user-top-read"}
Spotify response status: 200
Spotify song data: {"is_playing":true,"timestamp":1784231085739,"context":{"external_urls":{"spotify":"https://open.spotify.com/playlist/37i9dQZF1F5p3rmiWPIYgZ"},"href":"https://api.spotify.com/v1/playlists/37i9dQZF1F5p...
Token response: {"access_token":"BQB8bYk8z2rugACnTVkPBJzc69d2h07zT9sD2-JM1dXrFEqQayfboVED6GgBHVUUP7lfgkpFyYw_WMppWQjpKVk_ZMYXtzF1lMlwxkAtn40s0IyGW669QBHZDDieRb0cEb3rYk2294GYW20YaRLUuW28uad21Q9O0nJ1JN-fNLHaqXOPBs_en3eMl3heCLJDtsfOziZCIyqKdy-jiFhSOEgziZ-gfUQbGHcSFTbMlXT0XBw-ROQ7P2lTcqcf0W53vb2Erg","token_type":"Bearer","expires_in":3600,"scope":"user-read-playback-state user-read-currently-playing user-top-read"}
Spotify response status: 200
Spotify song data: {"is_playing":true,"timestamp":1784231085739,"context":{"external_urls":{"spotify":"https://open.spotify.com/playlist/37i9dQZF1F5p3rmiWPIYgZ"},"href":"https://api.spotify.com/v1/playlists/37i9dQZF1F5p...
Token response: {"access_token":"BQCtIWO6387_4ezhWaOJ0AIk0PLHM4eDE8rYtyc7kKO5NT6Gxy79xDFYI0vP6ivj8hbbA13Wcc-_4y9Y4VjIefdHex1XmWYMcvMIjg4cMQh1L4DVvvyYyPGzKmnxV3QWC-Hp42tV4Vvb1C0jhjSkXidkUlzYgavo76sX0C_V2rlfr8w6ON2kCZ1RBEzAMPtNiAe7BKxw64--hh2HUG6LH6V5k16lY8BDecmTw8qFeLJEkY87B-xuxrmkFuLwNfyP7yZ0YQ","token_type":"Bearer","expires_in":3600,"scope":"user-read-playback-state user-read-currently-playing user-top-read"}
Spotify response status: 200
Spotify song data: {"is_playing":true,"timestamp":1784231085739,"context":{"external_urls":{"spotify":"https://open.spotify.com/playlist/37i9dQZF1F5p3rmiWPIYgZ"},"href":"https://api.spotify.com/v1/playlists/37i9dQZF1F5p...
Token response: {"access_token":"BQBdWcpR1ViJF18KcLEuATsOdW6dzJOa0TSCwIZH-ujB64zeotDJpqXD3ygjXzc0SLYqVPs_hzfcfm8c7Kh29qxwLjhNMLoj493zeVE1aa-QAVFYhMMUklZYNORe5klHSy8awgAbSEkkyFQBXlCNWTJ-Tg7C6aIH0HaHsU_lwfhhjYu44xZbspWZC45GS7CXquBigVOqv6mscDBTlc_xriBw8_NLvRqBvHe4eQz1oFQfmeqLv1KbiyP59vH0KLWTTZGBXQ","token_type":"Bearer","expires_in":3600,"scope":"user-read-playback-state user-read-currently-playing user-top-read"}
Spotify response status: 200
Spotify song data: {"is_playing":true,"timestamp":1784231085739,"context":{"external_urls":{"spotify":"https://open.spotify.com/playlist/37i9dQZF1F5p3rmiWPIYgZ"},"href":"https://api.spotify.com/v1/playlists/37i9dQZF1F5p...
Token response: {"access_token":"BQASvPZOOAQ52OcjoguCM_LrxawwPFxLiNCYn9-1evkNl6z_b3ItGNdkrmkYjjxYuzqCRwmDWp3rmjIT4_vEWLRn9NdgTSBAfS9unGbQBRSm7GPasnzsAjrddptUAHKSrqbvN_uJrNiq-NeXpa8sgVsXMa82CjL-k9cpR6qJsQVjdNtqNELX5F4aISARL7KmhElvufrJdsF7oEBIDZUxSIYCrcy0LbXgeZ44YSGQFYyqDstez2TxLXEtJsOKMEONfzq2DQ","token_type":"Bearer","expires_in":3600,"scope":"user-read-playback-state user-read-currently-playing user-top-read"}
Spotify response status: 200
Spotify song data: {"is_playing":true,"timestamp":1784231085739,"context":{"external_urls":{"spotify":"https://open.spotify.com/playlist/37i9dQZF1F5p3rmiWPIYgZ"},"href":"https://api.spotify.com/v1/playlists/37i9dQZF1F5p...
Token response: {"access_token":"BQDJe7RfMxYNNm4DJiTLbTWguPJ6vX-69nD38FLSQmUkrS3xasMOtbwZ5oLTc3Z1LnhYlm0ssxD-TXTN08lPrSGYzoaL93twqA69CpX4dlfB1nm-glGowKGoEQ6TG-Uuu4FoYfpIEorL84DV2QWy52kQyTNs7sTSNvnApDZpSsSHAwNlmM2Rq9ku8byLd4h2h34pTKkGP0hSs3QqSj5MkGM92Eg5yP9Z0w9N6OUAoWNNUcMcFAm-Nq0_nyshAq6PeRzYfQ","token_type":"Bearer","expires_in":3600,"scope":"user-read-playback-state user-read-currently-playing user-top-read"}
Spotify response status: 200
Spotify song data: {"is_playing":true,"timestamp":1784231085739,"context":{"external_urls":{"spotify":"https://open.spotify.com/playlist/37i9dQZF1F5p3rmiWPIYgZ"},"href":"https://api.spotify.com/v1/playlists/37i9dQZF1F5p...
Token response: {"access_token":"BQDVnS0ZbfREPEMkNdLs_soDOPkhxdHx7Y8pqopGKCn3aK183pDG_cFzl_ibOFMlKV5XO0Wad8U3CvNW2Zqk4b0u2f-Myxk-QPtJzeqXLC6whJue82CYa_OFHlHpUY7kSnvGPDw3XwfkOXeKPPnc4hVx4ot3KP-kXbQb_nXa7ZLoCrO1aYFW2X4uFwRaDr6h712SlJ54nTgf1UbTP3kBFYsRAe_dKEgRc3f9nYyEvlTcsiGzexfUpzMv12pOLglkGMN72Q","token_type":"Bearer","expires_in":3600,"scope":"user-read-playback-state user-read-currently-playing user-top-read"}
Spotify response status: 200
Spotify song data: {"is_playing":true,"timestamp":1784231085739,"context":{"external_urls":{"spotify":"https://open.spotify.com/playlist/37i9dQZF1F5p3rmiWPIYgZ"},"href":"https://api.spotify.com/v1/playlists/37i9dQZF1F5p...
Token response: {"access_token":"BQDUma1uUxf4szEtjxjGT11wYODqyD8GVFD6o40JBHf5hcnIQF69wQ7qlLQYGRX6ppv6MIObT3aAyglJcbfGhQsP7fHy-JkX8kY2TnYSh47R-ylP2JodTUOosPXi92bB-MPOwZEKuo8GXMl-bh_fV8mCgi7gcZ5r5v4CQx8QA3K1AWQmTUxbLtGYkBzg-ZWTsjR--2uQlKptnWXUPV-suNcgBqf43Dhyy5D-0x5CnZKv5r1cNIjgvW5f5d9biGkTo6DQgQ","token_type":"Bearer","expires_in":3600,"scope":"user-read-playback-state user-read-currently-playing user-top-read"}
Spotify response status: 200
Spotify song data: {"is_playing":true,"timestamp":1784231085739,"context":{"external_urls":{"spotify":"https://open.spotify.com/playlist/37i9dQZF1F5p3rmiWPIYgZ"},"href":"https://api.spotify.com/v1/playlists/37i9dQZF1F5p...
Token response: {"access_token":"BQD6pGV9yTXgczRH0mrL_A2hN03gPCMZIcT7__rkTR96wMG0OpZsMhGKE8gd7zFYE_QSYnpXHqF5aheLH8lDD40KLNcY6-dDJog3vCouHF570UUCY0kPdy1S8cEl88jYXQ5NbjmsjcG-nLC3UUhGjQlNDrZ67fhgiiHNC9glMq-y0DT2_tYC3TFMmsgdMHbLIvoy_cJzwvamJ8XcJdQbgDUp9Id3iIUJ0l730iP7e4fH7Ya-iCjAHNKI0LmC6WnMZHoBBg","token_type":"Bearer","expires_in":3600,"scope":"user-read-playback-state user-read-currently-playing user-top-read"}
Spotify response status: 200
Spotify song data: {"is_playing":true,"timestamp":1784231085739,"context":{"external_urls":{"spotify":"https://open.spotify.com/playlist/37i9dQZF1F5p3rmiWPIYgZ"},"href":"https://api.spotify.com/v1/playlists/37i9dQZF1F5p...
Token response: {"access_token":"BQCNM34oPVfj9OAbJYKB3Z9Rs9NH8SxcKn5i3BwR_R9JImjYSR1KBhEBHZ1VfiDIPNcZIk-cMnRmI-1eY693wDBI4hA5s8IYIUpExQdgT814sde9oepUILK5zuyAlj6BkHHjFvWavGUOkWTMnLKVuVnM_cYSqm-SD1VkA7bDGyqnkCWv2Q7PZHdVjeosveozRdk-E178COltZ35QmzjXAVoclQTBE_7RysUWBe8eekpD-mDelSzaUTLWxmWVeFeKO5Ni2g","token_type":"Bearer","expires_in":3600,"scope":"user-read-playback-state user-read-currently-playing user-top-read"}
Spotify response status: 200
Spotify song data: {"is_playing":true,"timestamp":1784231085739,"context":{"external_urls":{"spotify":"https://open.spotify.com/playlist/37i9dQZF1F5p3rmiWPIYgZ"},"href":"https://api.spotify.com/v1/playlists/37i9dQZF1F5p...
Token response: {"access_token":"BQARiX7FLTKXy202kanJmoF49mu5h6FN5kVAqgra5xB1eRMOQm20RSWZcl51nf-NHzVmyWn_X77PP-z6td4vuHlVVVNvqowP-mijt_M69ssao6nCqvJDWVc7tLrDMHZ1G1YchFYxI4UKvR-DohV9NfkyA6nESOKrvPITn75Ps64FxqfAQYe9MxpSsfYELz_NdOVI9PEo9PNLq4asWy79QrxB4Uqj-sKyXZFu6EVjtqYYyjAACSdyLz8z7tXjjuTyD1GNxg","token_type":"Bearer","expires_in":3600,"scope":"user-read-playback-state user-read-currently-playing user-top-read"}
Spotify response status: 200
Spotify song data: {"is_playing":true,"timestamp":1784231085739,"context":{"external_urls":{"spotify":"https://open.spotify.com/playlist/37i9dQZF1F5p3rmiWPIYgZ"},"href":"https://api.spotify.com/v1/playlists/37i9dQZF1F5p...
Token response: {"access_token":"BQDpfbZ29AgG9a6dyp-DUTymXSZDCvZwW4UVP41CcMgNdTbPY7pNHdjY4onwabyLiVKHd1oxkJ81MRRWcsuodc9oN4Ndqom5859DGnkTVY3_f1ZfuhDM90JLQ3sEUHFieLe5VX_sU8DWNWoGLoGAZL4S8NyrwUVdHtLSqHbQTwNtbdDxHR_-GHhf9L5h2QNqPTtcK7wqGqwu0sqmCxPOjVvX_3QwOxb8GJi17NZsIyvunUssUWBO4msRrJWbjdsOoY6lgQ","token_type":"Bearer","expires_in":3600,"scope":"user-read-playback-state user-read-currently-playing user-top-read"}
Spotify response status: 200
Spotify song data: {"is_playing":true,"timestamp":1784231085739,"context":{"external_urls":{"spotify":"https://open.spotify.com/playlist/37i9dQZF1F5p3rmiWPIYgZ"},"href":"https://api.spotify.com/v1/playlists/37i9dQZF1F5p...
Token response: {"access_token":"BQBlrk1tz9-db3_RyS5Ozmox_vAwEOG2ZYdixmoiMZY4pouST2D6P85YWwyBqGcFPtN5JeiHVLT74zSxZsMOYRwqp9dwvDZsDBdaRa2qq9N21aelUALFho0tzCS2DBVDHgv433bVba9i0cxNYwgGLHGV8fh0hxds3W565TkHhoGh_6Sfu-qZLcK-NR0r8ugHTTqChhFAVCUbLyBnQdRloWIL6D3UmI9r0x45YzbfHJRt3Fz0WMMELY7SrkDHz-Kp-NVgMA","token_type":"Bearer","expires_in":3600,"scope":"user-read-playback-state user-read-currently-playing user-top-read"}
Spotify response status: 200
Spotify song data: {"is_playing":true,"timestamp":1784231085739,"context":{"external_urls":{"spotify":"https://open.spotify.com/playlist/37i9dQZF1F5p3rmiWPIYgZ"},"href":"https://api.spotify.com/v1/playlists/37i9dQZF1F5p...
Token response: {"access_token":"BQAIvhFPZ3MOQF40SIQS9YYmL3zRjYI2LasAXTirfEexvTayq0TqwarCJvCe_Usby14V3DOtCe4s6knYpJLaltpUoMW99p-_z92wyOdbsD-2lxZqaE2jUqv4Tnp_ZDqaGLKMDg0wQsIxFX_2he17yX_XUJSXT97KlX1iXDjin_GOMdeT8_ROp_j3mvsc4xInRRtsEgTV-8MryelrYQWr27lJbaDq-dzTG_UyxVAonfo_EPDuOxeDTbEqPxe19ZTTvtbqcw","token_type":"Bearer","expires_in":3600,"scope":"user-read-playback-state user-read-currently-playing user-top-read"}
Spotify response status: 200
Spotify song data: {"is_playing":true,"timestamp":1784231221955,"context":{"external_urls":{"spotify":"https://open.spotify.com/playlist/37i9dQZF1F5p3rmiWPIYgZ"},"href":"https://api.spotify.com/v1/playlists/37i9dQZF1F5p...
Token response: {"access_token":"BQD92XpmvIUpsoP-Gj4XkIEWty_we_q4_na5ijZ9wmTShEY_WcxwpzsWXEBgKVp9dLA9b6cuvW2GWp2akIgiw4rHfeAiVXwwtH6tTw0BJkDvT4sCrQHH4cWixm-XgS7gH7v2zuIOJ_y9okb9GP_Mxkc45HWubJT6_pIKEkx2TVfVX4JAojLc-dXYD9u9W87Qexx4cJNxq1j6u7F0YTuuxdFv3pKdePxa68vRFKrYKp2NiGM1E3juOXOr8dVoqd3My_YTSA","token_type":"Bearer","expires_in":3600,"scope":"user-read-playback-state user-read-currently-playing user-top-read"}
Spotify response status: 200
Spotify song data: {"is_playing":true,"timestamp":1784231221955,"context":{"external_urls":{"spotify":"https://open.spotify.com/playlist/37i9dQZF1F5p3rmiWPIYgZ"},"href":"https://api.spotify.com/v1/playlists/37i9dQZF1F5p...
Token response: {"access_token":"BQAwFUKXuWvzhQL96C2H5JTwOEl6S1JiuwJGygNS4edMfn4vBUNMbmVQRmyO2VtnY5M2G-n3sveZHT2W0oGp9-YM-ZW2VfYkCT09KYYd80NHC-WdEAaBcjmhQJT8n_KysnCTEYnNmjXtqVzlZxJljBQZmuk3SfjEIS2f6grLDxKMz3D_bqB-6p9SrrXXYu7nahy9Fd961Kg_wM_CRkQubGkIdS4Te4NzLdGNA5EQnK6CYYWiP0QQIgS5M1XN-a-P7UXpyw","token_type":"Bearer","expires_in":3600,"scope":"user-read-playback-state user-read-currently-playing user-top-read"}
Spotify response status: 200
Spotify song data: {"is_playing":true,"timestamp":1784231221955,"context":{"external_urls":{"spotify":"https://open.spotify.com/playlist/37i9dQZF1F5p3rmiWPIYgZ"},"href":"https://api.spotify.com/v1/playlists/37i9dQZF1F5p...
Token response: {"access_token":"BQAFtZ5UlPWAXF76HGW3ivVG4MY77KQQ5yCYLhG0GLRvF4n4YN8tP9mHLX_Mn-kt69DESE0hjiVaz6-5Syeb4GqKt0mKDWR8Qvj23CTa5wQuCObvjBjv8eZKrIK6NRC-R13zkC7iMdMsE2fwcdKdNhNV8skrjrr7BwCHXIpqrPHEt8LdnZCRObDdebzPV3a7E085YysuwwDjOVz2Z56VHwYJwQ_ZOsDUaUze4oGFkCZEeTEic8r4f54LerLYBdvRK8XAXg","token_type":"Bearer","expires_in":3600,"scope":"user-read-playback-state user-read-currently-playing user-top-read"}
Spotify response status: 200
Spotify song data: {"is_playing":true,"timestamp":1784231221955,"context":{"external_urls":{"spotify":"https://open.spotify.com/playlist/37i9dQZF1F5p3rmiWPIYgZ"},"href":"https://api.spotify.com/v1/playlists/37i9dQZF1F5p...
Token response: {"access_token":"BQA_Xh9pt9OKX3xDd1mbXtrl8jL1dNmr-yG5uO-UkguG8ji_L5LRg2V13VWUNHERKrtUYdmAITScxDP1cB36BEG9e3X-hB8BxJfFpsxbueMMccGxI6lmiacqEhMsDhIR0AnlGBQEWBh7WS2_WF0NXv14KYk5m3wSBY6S-3_8H10NYSBbpzE1XgG1IMQE_lzRmTfwiLKjM9ZTH76mD_LVg32C7ur-5xGJwzcm7v_XdynvN2FbEAl86wqR1N8Q1cASPrBhEA","token_type":"Bearer","expires_in":3600,"scope":"user-read-playback-state user-read-currently-playing user-top-read"}
Spotify response status: 200
Spotify song data: {"is_playing":true,"timestamp":1784231221955,"context":{"external_urls":{"spotify":"https://open.spotify.com/playlist/37i9dQZF1F5p3rmiWPIYgZ"},"href":"https://api.spotify.com/v1/playlists/37i9dQZF1F5p...
Token response: {"access_token":"BQCIeGn6BDM17BPTR7b54BkBSps8sllRsgOovpqvOxfXVQqXaxelHp5ylDOZUD6TCt32IeNXTNYM3NFWbm2hQMJCpod2Y4IjdF8RsifGZe92SpppVpH1yLvE5bORPP57kpj0TdGNdnZzTIbOJCvKpTfgDM2_JHhKBjUr7B9N9s2etJQQZ-_5CzsqOG9Hl4IlgPj_jTAn7xQaU_raPksDQ6RrFuv1MKaJ1mHPRcY81acwnBX0O7CFWE7-ed6wWZrnZM4tQg","token_type":"Bearer","expires_in":3600,"scope":"user-read-playback-state user-read-currently-playing user-top-read"}
Spotify response status: 200
Spotify song data: {"is_playing":true,"timestamp":1784231221955,"context":{"external_urls":{"spotify":"https://open.spotify.com/playlist/37i9dQZF1F5p3rmiWPIYgZ"},"href":"https://api.spotify.com/v1/playlists/37i9dQZF1F5p...
Token response: {"access_token":"BQA_-Y84aqFfON4mgewCdEtyqnb9FomOIeOwJSkaBREcV_CCHNhnrHuD_UOo96rC3PRreej2kP5t04-ViSxhvNGmbpnHnf5H_Cx1u2HXemEWshov5HPks4YsvlVo-UiigsBGepO1Sp5A-Ed4ih223-NZvjKF62AslxT_T5802swviqmRx02T9t1DS1_kl3IeoGrrFZ3lK82KoS5Rk9Pdj4yj8gUviuPwLhvB03XTWSOfMk4_YBlvur25xpb9nhx4viuJ_w","token_type":"Bearer","expires_in":3600,"scope":"user-read-playback-state user-read-currently-playing user-top-read"}
Spotify response status: 200
Spotify song data: {"is_playing":true,"timestamp":1784231221955,"context":{"external_urls":{"spotify":"https://open.spotify.com/playlist/37i9dQZF1F5p3rmiWPIYgZ"},"href":"https://api.spotify.com/v1/playlists/37i9dQZF1F5p...
Token response: {"access_token":"BQCK23wptNwzs4oMm4zeA91R7iSZCRdG6KxIm1EktJsBPIotxC2m6XdGAAHWgR_bv2JmlE_vfoYFimdrDxGnuCsLz9WSj4k-R-m42UEkZtCXeGTt-iYPejTjp-sywvELhc-2nA_R2fsgw7NS73UHlLyQzcEXMKyoxGGaM9uwHzEWwqzc-bJ2jUhIghwzYnUfqUjyOyFBAa6mnqGlJNEtveIRnNb6p-vP-7IL533VuL7rxCQNhReub_DlTBHq5LMssTlZiw","token_type":"Bearer","expires_in":3600,"scope":"user-read-playback-state user-read-currently-playing user-top-read"}
Spotify response status: 200
Spotify song data: {"is_playing":true,"timestamp":1784231221955,"context":{"external_urls":{"spotify":"https://open.spotify.com/playlist/37i9dQZF1F5p3rmiWPIYgZ"},"href":"https://api.spotify.com/v1/playlists/37i9dQZF1F5p...
Token response: {"access_token":"BQCOUjXXt0HKRSr-x9ne4g5Sb26C7yo2BPalPAtjeFI8Al3yCOMeTsGD7tyoyGG8qXrOGgodMEGPwev7ABnNiMYgHHGQfPhvPqnaZW5JYZHMa71OIQXYu91S4d3EjtF3h9K_NeeTPgYyKLnPdhmGJPLkkStWcHGMkH0L7IEEFhzFYB9-7J2cZEvW8VV4QcJpDnLM8vLXGQxGfHbEnKY6N74b8xCF0x-FSPHEcOVHDJgsP0M9Ihkqg6OgEh_V-1xW8zVAsw","token_type":"Bearer","expires_in":3600,"scope":"user-read-playback-state user-read-currently-playing user-top-read"}
Spotify response status: 200
Spotify song data: {"is_playing":true,"timestamp":1784231221955,"context":{"external_urls":{"spotify":"https://open.spotify.com/playlist/37i9dQZF1F5p3rmiWPIYgZ"},"href":"https://api.spotify.com/v1/playlists/37i9dQZF1F5p...
Token response: {"access_token":"BQCr3Y8UOF2aOSRRV7kY_JTDl74i8W0QTexM35JUf8-DdNrWr7acp9jlmNUDWo5lj4iuWzDrIdpycLPr6pBuepfxFS3Px9sQONXulHG2FYKvk3VAq26e0Ab9e06mPdJHHEskZfxSSBJEO5pBOWJ38Vn3L2wRPJhFyIK_ljSySR59cbcMCDN2BYgH_7XfHzcqSgk6EEaCseHlTHeHU48IuF2Hz8376Org_xEyTkU7WfsMT3SJBq0BqGB-xR1FU7SzAb2WlA","token_type":"Bearer","expires_in":3600,"scope":"user-read-playback-state user-read-currently-playing user-top-read"}
Spotify response status: 200
Spotify song data: {"is_playing":true,"timestamp":1784231221955,"context":{"external_urls":{"spotify":"https://open.spotify.com/playlist/37i9dQZF1F5p3rmiWPIYgZ"},"href":"https://api.spotify.com/v1/playlists/37i9dQZF1F5p...
Token response: {"access_token":"BQBjWuVA6Z8gv4TAna0PI4E04MlmU9ZcamZRgFXGrc0IUMQ9PVu1Oh0p31F3oyxsRFzWAYxXe3aTUpZ8IxQl3Hl5AqOzlLPc9mg3XmiUmlmcpoxGz23IA0kTCsz2wxwqZDOd2fLRImvw-RVh6meeYkNRRdI3Ug6DUcxUlYhOb9i8jN0d-Q4rhKG07tq2K2Gt9p4DvXJKsRw4vcjLAFAkTo0wqSIC7vKidaa5qiqhewMbqX7UOzNEqKoLwZh1KvOBuQtUUA","token_type":"Bearer","expires_in":3600,"scope":"user-read-playback-state user-read-currently-playing user-top-read"}
Spotify response status: 200
Spotify song data: {"is_playing":true,"timestamp":1784231224994,"context":{"external_urls":{"spotify":"https://open.spotify.com/playlist/37i9dQZF1F5p3rmiWPIYgZ"},"href":"https://api.spotify.com/v1/playlists/37i9dQZF1F5p...
Token response: {"access_token":"BQBegLaoY5wIbGjfMct4mJpepPUCF-_y06xyK4tJjbDzDTZFGWZ5p8N7ghydlzf8jEgcNlAUSfC9lExFriWbRz1POSQ0OcBnOfIjoiNKbyNl3Zd6UZAYog_FMgpwDrUyoB3WttSClrOMDAVw2Qavs253lpTsqKgE4-YJn57GWS6VWFfCNbSAdIYpa2grcJqxycH1sb4sIrDoFtIGMKzAl8AlmRny1J9nC4LyUmqycYtTR8Urlqlt-qVrV4RWelaUFOEEpg","token_type":"Bearer","expires_in":3600,"scope":"user-read-playback-state user-read-currently-playing user-top-read"}
Spotify response status: 200
Spotify song data: {"is_playing":true,"timestamp":1784231224994,"context":{"external_urls":{"spotify":"https://open.spotify.com/playlist/37i9dQZF1F5p3rmiWPIYgZ"},"href":"https://api.spotify.com/v1/playlists/37i9dQZF1F5p...
Token response: {"access_token":"BQAskFpzQaupvKevL77-TtZ38R_teFhNJLt6OHQckj120on02b9mTtvD1asvxIywOpGHSEW47H7S81NZkBtclLzAbi45bqBKAuv_O-yYBNb3GNGWCtfdP2bOmQ53OXndd-9OHZvSTnxVTlsqdk6MmFqNqe4keLRmV22qPBzHy-ux84qvIiS7cChZG6JZlpKrjHHbVPmDRvq9nGwf9KFST2UKY5jz0rk6WcCxfE2UUE9NbY5uFyRgqnooLrw6iHMww2JaWg","token_type":"Bearer","expires_in":3600,"scope":"user-read-playback-state user-read-currently-playing user-top-read"}
Spotify response status: 200
Spotify song data: {"is_playing":true,"timestamp":1784231224994,"context":{"external_urls":{"spotify":"https://open.spotify.com/playlist/37i9dQZF1F5p3rmiWPIYgZ"},"href":"https://api.spotify.com/v1/playlists/37i9dQZF1F5p...
Token response: {"access_token":"BQDhHbUHOnTcZ1y0IHcZXG64LAtk0quiiUPM892w2rDUAamNQ8TwfiOFxfe_k-MyvnZE-zQK3f9bbOOMaIfjqnOgVvrmuEO7Fd8Pj3HTUoBv3_NWJEqD6JXwgVobDiscILx3wR1KKyDEI9QW0josfBxJRZ22eSarVHV4FCbn7ZI7hjG7MRScs2KawEq9xYxumowsZnunXtq1uzN3Y9wGNefZ4m4FDeZG-oUr5wii928w5-y2uf_cWNJ65mvDnGneEk0gwA","token_type":"Bearer","expires_in":3600,"scope":"user-read-playback-state user-read-currently-playing user-top-read"}
Token response: {"access_token":"BQAiJwYL1oGG9qmeO6OhWATBrU6sgVlT_C2-PPf6gt7SsVZYioR_KbQJgWK2DJ5eO5FRfiF6xTh9lwnBtA5RHb8RUKfGL5cPVTi8li9RhCD16LDYHUU_Zy7fpLCUjP1aAcWwelqSLruxKcHbB7uxkujJzyv86eoV31ZBfTEZQGTRm2JdR3-ISk8zNg-a4qwLEbr-j8iET37utDH5VySTrdFvXsMY8Unvdt3xo_ji3TgJ1z9jftyVF_cKCon3un8QAW4o4Q","token_type":"Bearer","expires_in":3600,"scope":"user-read-playback-state user-read-currently-playing user-top-read"}
Spotify response status: 200
Spotify song data: {"is_playing":true,"timestamp":1784231224994,"context":{"external_urls":{"spotify":"https://open.spotify.com/playlist/37i9dQZF1F5p3rmiWPIYgZ"},"href":"https://api.spotify.com/v1/playlists/37i9dQZF1F5p...
Spotify response status: 200
Spotify song data: {"is_playing":true,"timestamp":1784231224994,"context":{"external_urls":{"spotify":"https://open.spotify.com/playlist/37i9dQZF1F5p3rmiWPIYgZ"},"href":"https://api.spotify.com/v1/playlists/37i9dQZF1F5p...
Token response: {"access_token":"BQB7shPuUgmEq66SnnL-udNKcZbtRe8gWIBLKgvjIqRH1mtDXds6eE-BSfzkBeoO_gU6SH-_V_haJ4pxQ93NH22ppUJcgVYzKL94M5I7H9-Dg0SLkPLvQV1XMo7oh4Hey9Ge_SEe0ng0fQ3O8juUWCvxDDO85r5SB7lTh9oa9dbuDqApQvRqXWbXi3EDnX5M8AX-kLCkygCx3-2Lk7DX__0Etp2o1rrS3VtcDQfc10zZA_EKXEgrMj6zmRGRkE6pp3AesA","token_type":"Bearer","expires_in":3600,"scope":"user-read-playback-state user-read-currently-playing user-top-read"}
Spotify response status: 200
Spotify song data: {"is_playing":true,"timestamp":1784231224994,"context":{"external_urls":{"spotify":"https://open.spotify.com/playlist/37i9dQZF1F5p3rmiWPIYgZ"},"href":"https://api.spotify.com/v1/playlists/37i9dQZF1F5p...
Token response: {"access_token":"BQCC44u--w8sd0AnFlOBRJvLmvJ0t_nYi-ZkYOKoKSNR__Nr6j7NWXyZrUCckb7OJy760xZ25MfJavL-H7Ka8S0wc2dkM8UdBzjg0FkShawEdDeccOEAnINzK2WeIoDQ80owtfaYSv-MFz0J-q98SHbBsLcU4hocN5Uv4uXeQjNEop29nQki4Abb-fdoAS7DQezOoeyvQI8l8_cGfRB8DW_WQM0xYLvllW8c5diXVp9mGG67XJ_jdWX_VKnWrag2FxGHeQ","token_type":"Bearer","expires_in":3600,"scope":"user-read-playback-state user-read-currently-playing user-top-read"}
Spotify response status: 200
Spotify song data: {"is_playing":true,"timestamp":1784231224994,"context":{"external_urls":{"spotify":"https://open.spotify.com/playlist/37i9dQZF1F5p3rmiWPIYgZ"},"href":"https://api.spotify.com/v1/playlists/37i9dQZF1F5p...
Token response: {"access_token":"BQAyykt6y3K3qJGpu3tFrftMFQbm1wqcE1iMzHiuOTMyY9Du-yWAkuJWW5w2dZ689I0otvfpvrDQAn4tY8P3xeUuXH_1DrGdZbBe60MqhXxFBxXJ5yBp8xdQIsvtYygXxIziLRrsE5DvJcBMcp7Zm7mmECYBO0mF7FapVq7sbZpB76Bz0CSjRVkGrMIl-VNR9BNuHDAeWrON6dN_2eR-eC-HJt9911r0sMfYCetOnL7BPCSeI7_OOxfaUVq986XjAXz5WQ","token_type":"Bearer","expires_in":3600,"scope":"user-read-playback-state user-read-currently-playing user-top-read"}
Spotify response status: 200
Spotify song data: {"is_playing":true,"timestamp":1784231224994,"context":{"external_urls":{"spotify":"https://open.spotify.com/playlist/37i9dQZF1F5p3rmiWPIYgZ"},"href":"https://api.spotify.com/v1/playlists/37i9dQZF1F5p...
Token response: {"access_token":"BQCOcBJKF12_OaQTDDGNjW5UeyjvM3DeXjMyIUl7tFJRrieMxu68iPgYLds68fM1UG02lH90XbrvSgu3LUtE8XwJ35eDn7irFVKF4qt-LG2Py8d-_WP8rhjxeAs3xrVbXy9-_NuzmA5fZb2Yz_FWvB0ezcvB69tuuxy_0LhFRVyo6kgamArjW-P-j0ATu0xvvamjpZk4jropBDDANBPCBDr5Wpjm8BY2uLQKN4QL5wgz33UmgRnLGOf7qMOVz7ygv4zbLw","token_type":"Bearer","expires_in":3600,"scope":"user-read-playback-state user-read-currently-playing user-top-read"}
Spotify response status: 200
Spotify song data: {"is_playing":true,"timestamp":1784231224994,"context":{"external_urls":{"spotify":"https://open.spotify.com/playlist/37i9dQZF1F5p3rmiWPIYgZ"},"href":"https://api.spotify.com/v1/playlists/37i9dQZF1F5p...
Token response: {"access_token":"BQBTWjXEj_MFpIhWHsbI3wEbGWTSmZSjeZMWYN5JAEZG2IFrWIC011_Ybts8ZaB36h0YJrFFlcm4ymnJa8owRdUg15Uk2RtqSnShZXBnxACFFITPrVrkyBRvNRxN4t27YXbqYbYc3tKPnkbj0CjUxPbftaxj_5BKxLVZzWKyQXa9NG_LA84v2UiT0fZ9t--T6w6PXcIypLWCS4nqOmN4VqVhvJhE93RYXHEMRXLL7Ko0QeSUd0Cmt6O5b9axqREVTZbfzw","token_type":"Bearer","expires_in":3600,"scope":"user-read-playback-state user-read-currently-playing user-top-read"}
Spotify response status: 200
Spotify song data: {"is_playing":true,"timestamp":1784231224994,"context":{"external_urls":{"spotify":"https://open.spotify.com/playlist/37i9dQZF1F5p3rmiWPIYgZ"},"href":"https://api.spotify.com/v1/playlists/37i9dQZF1F5p...
Token response: {"access_token":"BQBh_FOgRCgNLpwJ_HS_5pcEcRe7PjdPpZdpk3eM5rTPfdDnIQY4NEjFC5Bh2UWa9IEiidGLcEAHqYd4L6HZg2SuQ6R2YuHfS_yXXL53CSXsGWUKEKVaLLnu88hWJBrQ9MUv84hilJQUELvlwSr631biw3VMQ1xgGPKKyrQDXj6PxSaH5mG1VCu4ceVs4MW_QgdTRf6q8ErGZ_M_2J9N6k8hmrgC0rtgpNO684Ik5Bhs20TOXgdP2DL3iIj8jFWz7p-nmg","token_type":"Bearer","expires_in":3600,"scope":"user-read-playback-state user-read-currently-playing user-top-read"}
Spotify response status: 200
Spotify song data: {"is_playing":true,"timestamp":1784231224994,"context":{"external_urls":{"spotify":"https://open.spotify.com/playlist/37i9dQZF1F5p3rmiWPIYgZ"},"href":"https://api.spotify.com/v1/playlists/37i9dQZF1F5p...
Token response: {"access_token":"BQDxFROJO8udaQJgdS4aU3PsJywu6Ff2G3AgL-8km0D9r9fHRHQhLr4XMaWhkaCetZxKdKWD2d6sbcEez1n9SFY-yps0_FQe94PipcWjKinliTzRp_3shSCsEJJvUG3Dj79MF4qxPtWeOp7GAAhRakImBwpNNC5HnSzcvi5dQU7ZHkzr_9e36TAR8a6wX3Z49R98WSTtv_m_-Gko6vRI1Tvh6NX_uKxWppJimOvqtBthOeBPAb234ea3EprA0rgOLrWjiw","token_type":"Bearer","expires_in":3600,"scope":"user-read-playback-state user-read-currently-playing user-top-read"}
Spotify response status: 200
Spotify song data: {"is_playing":true,"timestamp":1784231224994,"context":{"external_urls":{"spotify":"https://open.spotify.com/playlist/37i9dQZF1F5p3rmiWPIYgZ"},"href":"https://api.spotify.com/v1/playlists/37i9dQZF1F5p...
Token response: {"access_token":"BQDSSUwqbavnN95sEbc70IE09TqAS4VEYNI6OTbJS5uDZWO4ucka8R59gsxIeEeOfsE_bKt7Ps1ROvmNq8Zm7la9Yg6Kt1P_ZH0RQWl0Lh2FxhGdpz239oFcWnuvjLP9So6scmPoFF-cmulqmvmweqBorb_OFAMSsL9DGwb28bGcbtCxTT_-KbrmaKqu0OjuRndbE3p0HOcmCLB71H8ppRFccASornEnpb77bqcCcxFfLHjIKaQVeeh1UFUVNH2z4BBsrQ","token_type":"Bearer","expires_in":3600,"scope":"user-read-playback-state user-read-currently-playing user-top-read"}
Spotify response status: 200
Spotify song data: {"is_playing":true,"timestamp":1784231224994,"context":{"external_urls":{"spotify":"https://open.spotify.com/playlist/37i9dQZF1F5p3rmiWPIYgZ"},"href":"https://api.spotify.com/v1/playlists/37i9dQZF1F5p...
Token response: {"access_token":"BQBMAlm4t38hk_eE6UDIEcRCggAgQDLFFq393_85kChBNxREo_ubAOpZIdwtF5IoGUFnIzdssOgibL2t4YiBKsBirxE_Wr4A2sgddJvEmes6chT8mK_tpN0IyrExa00aU7h4cg5oK4XcTXJXm7CLTtVbVnP6IBvIe-l64ZWxXHxXncc78qJJiePfqzPVwUgaZ9V5kg9ENIzccy2zS3Kj6SA4qI7GIzKU3ovmbm92YcA2S21uN5sehDzMXlwAaYcNIPSjPg","token_type":"Bearer","expires_in":3600,"scope":"user-read-playback-state user-read-currently-playing user-top-read"}
Spotify response status: 200
Spotify song data: {"is_playing":true,"timestamp":1784231224994,"context":{"external_urls":{"spotify":"https://open.spotify.com/playlist/37i9dQZF1F5p3rmiWPIYgZ"},"href":"https://api.spotify.com/v1/playlists/37i9dQZF1F5p...
Token response: {"access_token":"BQDWpIb-j20aMzirCpc1bCjHOiRRKk_c-EfbcbZvnoRWC3sj_GVWWjg0PALZAvCt0tJiHGHGEOdXkZYD2fZX71ez1N1LgoMuiXVyCCFCESS2UP-9OO5D8zz-2Vmy7EHxIiFlsqxL7pykaxOu-1cuxLnQzCwJmvAA7KQWyaPc0lbdhsJoWZ5ga5dQiITkvF1YCW0T-FrT5XHVbsqPLx66XHpqudkxs1OD8YoqGgnZdJJN3dgBR9peyntwA4lBR5huJl06OA","token_type":"Bearer","expires_in":3600,"scope":"user-read-playback-state user-read-currently-playing user-top-read"}
Spotify response status: 200
Spotify song data: {"is_playing":true,"timestamp":1784231224994,"context":{"external_urls":{"spotify":"https://open.spotify.com/playlist/37i9dQZF1F5p3rmiWPIYgZ"},"href":"https://api.spotify.com/v1/playlists/37i9dQZF1F5p...
Token response: {"access_token":"BQCQfbStK4rR-ZQ2JSg3WD6NQXz1mJ70EP2P-f-xckkIoNpUozInLb0eGqfDAsKQEUpKTq8x2FHTebfAQH-Aat3n4MwrhIFvC-TRY-_zJPwgKEu6_tkZpVL1anBAEdxD-ehmd9B3qnxgyEAM2liWUEqckTAN1y8FQoCtZpkSNYQhLjpDaA56PszVIgQUd2FS_74bSyKcgTT1ZA9FseleJ3j-NKFcxyLEfNiJjLw_1-NeanAjMVynQAq0fVkf_kirIGYcwA","token_type":"Bearer","expires_in":3600,"scope":"user-read-playback-state user-read-currently-playing user-top-read"}
Spotify response status: 200
Spotify song data: {"is_playing":true,"timestamp":1784231224994,"context":{"external_urls":{"spotify":"https://open.spotify.com/playlist/37i9dQZF1F5p3rmiWPIYgZ"},"href":"https://api.spotify.com/v1/playlists/37i9dQZF1F5p...
Token response: {"access_token":"BQCWItWxKdiuRVfHQzc_XzR3AuDRpndyUEzha7j5ZFHfje_ugit3zM4fNUK2m6Pg6PzZo1YxJgS40dXIiRcR-bOWzjSb3pGd3SLcuAYZ7_P5T-JmKvXY_sSlQFrfgC5KbX--oatlAzQpw9QoeXKvNTQEGluw15ZlN6nHgTmkI8xuSOhexzuLLIBiEp7-5LmHuCxO8t9fLe17hTU57-fcGH56gUxD5ggrkrVuMIB5bO-cmw2ztb7jUNgZe2y7ckLbcDbKsQ","token_type":"Bearer","expires_in":3600,"scope":"user-read-playback-state user-read-currently-playing user-top-read"}
Spotify response status: 200
Spotify song data: {"is_playing":true,"timestamp":1784231224994,"context":{"external_urls":{"spotify":"https://open.spotify.com/playlist/37i9dQZF1F5p3rmiWPIYgZ"},"href":"https://api.spotify.com/v1/playlists/37i9dQZF1F5p...
Token response: {"access_token":"BQBtvxL4QrTpycFDDkiO_8x7yuwFx2dPxwiQ53jfKkpC8y0HqJAZzmg1fR8-v3G-EWL0MZeNRsOPYQX1iYaxp9u8ZzCpkWGtZ2z9ngTAYJfWEnUtvRnxlXOCoEdmJFbe9PkhcxSx1XEN1WHpvQINLFzCySPjc0VpApED2PORyHzxx9VTnVg7PTJ7S4ZsF6BmQ_fNNghd6FpPxb__s2DEU5szmjAHJyKasMDRdaFA7BLvuD4mbauPHG8cW_10GUBscSsYfQ","token_type":"Bearer","expires_in":3600,"scope":"user-read-playback-state user-read-currently-playing user-top-read"}
Spotify response status: 200
Spotify song data: {"is_playing":true,"timestamp":1784231224994,"context":{"external_urls":{"spotify":"https://open.spotify.com/playlist/37i9dQZF1F5p3rmiWPIYgZ"},"href":"https://api.spotify.com/v1/playlists/37i9dQZF1F5p...
Token response: {"access_token":"BQDX5HXFcIX4YKf2MeCJuUN7i7rBws6z3Z1hWKLJWVyWoum-ILqnV6gweXkwn2fEmESLqVU85kL1UAQswcclqvFH4OMPq_0Kq_hdb7njMAMmKy999HkTheeG6r-5-q7vO_Vmuk-g1YBz3qgO2-_fzoBjTJERFO6OZnQhxGSKSn3cgufWu4MDCTjwyrmY3__GWzD33gsPKJVe2GcVGw_Om1gxT9nB1E8Q49legVVZoGZAK_17flLVVDCO3clRRsTP1Eh34g","token_type":"Bearer","expires_in":3600,"scope":"user-read-playback-state user-read-currently-playing user-top-read"}
Token response: {"access_token":"BQArKf3IgqmwHmizFo_UORlDT3ez2-obf7IpeBhC6eJvNHIOy8kyeJQzdUFL2fEypB6yjsr1EcfHES9AlOYrQoOPQ9e9xTgM3WzhpJmrTiU22q-69BToDsVRWgv-fru6QfWjTaSnm7pxYZZeyMogplkUr_Y_DZAtlKZ8bJQvRlG2bl9ra2aQoVi0GSKCWHKsp8IVwIUkcirIeIqq1Epcee6mnqxUmKS9e113158e_ML72QGEjh3rcZHkvimTIN3BSM3ykA","token_type":"Bearer","expires_in":3600,"scope":"user-read-playback-state user-read-currently-playing user-top-read"}
Spotify response status: 200
Spotify song data: {"is_playing":true,"timestamp":1784231224994,"context":{"external_urls":{"spotify":"https://open.spotify.com/playlist/37i9dQZF1F5p3rmiWPIYgZ"},"href":"https://api.spotify.com/v1/playlists/37i9dQZF1F5p...
Spotify response status: 200
Spotify song data: {"is_playing":true,"timestamp":1784231224994,"context":{"external_urls":{"spotify":"https://open.spotify.com/playlist/37i9dQZF1F5p3rmiWPIYgZ"},"href":"https://api.spotify.com/v1/playlists/37i9dQZF1F5p...
Token response: {"access_token":"BQDc8XWCQ6JXYLeMBKUg_2nTq-RAczGM1bO5BSBdmvmLqPo9BKrevlUGoT0dmy0u7zkn4ht1rgXA_SLNX6dDC4hbFkNLGrQO7a0DwvEF_Y47nEHN9XFvk3TipKSqa-_99dNLC4dcHbgxwjiaZGWzo_HUsUCEtkAiFBGfcnGA0yFc7J6ioYTAA78-T9dheRHmGO9Oh6p92VahefwfofA40XGYojKTcIBj-Dw7HdcxejzgBuCowKHSZkzjAqWZMZsaQjwqww","token_type":"Bearer","expires_in":3600,"scope":"user-read-playback-state user-read-currently-playing user-top-read"}
Token response: {"access_token":"BQCgfe5uOKUu3z9oODx-L0tMoTdZ3V2eUAOyRUQjx-98scMKiec0cbtMW-t2_hkNHWSiGh8QKcxv4yotmJyIrcVvDW51QuAM96W7s7_q9PMzuDtvKdJNaEZAWnE5AgG93TktJe_CtMcFhXb2KVwtAb2XR_FE7n_qahaeIVY7QWRKFx1chjtdImF2xpyMh3wt8hhPzSAvLOis60PMavpivKk_t7M3zLyg5VghIRw5D_xXU6jyFBwBBIVmMqNbziJLh-tR-g","token_type":"Bearer","expires_in":3600,"scope":"user-read-playback-state user-read-currently-playing user-top-read"}
Spotify response status: 200
Spotify song data: {"is_playing":true,"timestamp":1784231224994,"context":{"external_urls":{"spotify":"https://open.spotify.com/playlist/37i9dQZF1F5p3rmiWPIYgZ"},"href":"https://api.spotify.com/v1/playlists/37i9dQZF1F5p...
Spotify response status: 200
Spotify song data: {"is_playing":true,"timestamp":1784231224994,"context":{"external_urls":{"spotify":"https://open.spotify.com/playlist/37i9dQZF1F5p3rmiWPIYgZ"},"href":"https://api.spotify.com/v1/playlists/37i9dQZF1F5p...
Token response: {"access_token":"BQDXM8B3vhW6EYNyxQzgl3brr6kxxXGd-eSUtmEjVAuCdXXdxhuUe9LQsoK91FS-fc4QqPvD5G4zhKjrKnHA4Ir7XleSHCl62U5ZKqUuciqOgvZgPyvv4sFddgZ7rhG-TzMBxat4FxYz0V5cSusvxVKU2dT0BStMITXPAw_-X120rWr6cEdALwYp1dm2PCVee_aIZYzQKKdz9Une1Dotyj-l1gVJix5vu2CO_Rk_DWnBh-WLiHaMLUYQfLftfjInIvibNQ","token_type":"Bearer","expires_in":3600,"scope":"user-read-playback-state user-read-currently-playing user-top-read"}
Spotify response status: 200
Spotify song data: {"is_playing":true,"timestamp":1784231224994,"context":{"external_urls":{"spotify":"https://open.spotify.com/playlist/37i9dQZF1F5p3rmiWPIYgZ"},"href":"https://api.spotify.com/v1/playlists/37i9dQZF1F5p...
Token response: {"access_token":"BQCVihXEdTLAW_0fpWZk0doZDmdmnEGMZk01Iz2hdh7WF7s5ReMuSgdYnIX-yzIy5rRbH7ajLIa65xggao6R3Xv_qjkrVbnVKImsn8P6YA8K3SQVeDXJDeoeewGF8qWmiqjpqiPwhWFlwrUcbnnyc-0iJ0PTKlkzKCmNrUnTW7URPSsSSbpdZJIYINeXlL-YqyFfsCuMkSOqBuTCtmf3wGgJLwcipc8T_98fsFQp7udoXKjI2V0wfdjWe4_tOyMGHJfoDw","token_type":"Bearer","expires_in":3600,"scope":"user-read-playback-state user-read-currently-playing user-top-read"}
Spotify response status: 200
Spotify song data: {"is_playing":true,"timestamp":1784231224994,"context":{"external_urls":{"spotify":"https://open.spotify.com/playlist/37i9dQZF1F5p3rmiWPIYgZ"},"href":"https://api.spotify.com/v1/playlists/37i9dQZF1F5p...
Token response: {"access_token":"BQC1C909dYKPkVbFae1GUeVu5rXxo6ry-Y6Kg1gE-tQXfSWvwMTM8pgMFeT0Rn_U7NxGWhe49g3g3PjKTrCbAgAEfLRlAu-HuKcjg66pcGSTKUTJrGQ2WZu15YSPifHdI842RFTGMwAat10TJjVmuPTANin6JuuYUrCky7W4pH9uGR7IvNsC0UUOKxVMSOObXoeHWxwyjMlQibAfqPtisYQvZHdW-vyAE3kQtTcUklzyglrRLHwWTxMqKnLH-ian3I3EAQ","token_type":"Bearer","expires_in":3600,"scope":"user-read-playback-state user-read-currently-playing user-top-read"}
Spotify response status: 200
Spotify song data: {"is_playing":true,"timestamp":1784231224994,"context":{"external_urls":{"spotify":"https://open.spotify.com/playlist/37i9dQZF1F5p3rmiWPIYgZ"},"href":"https://api.spotify.com/v1/playlists/37i9dQZF1F5p...
Token response: {"access_token":"BQDQWmA212ABlvHcLBUXmYB_1coSj3NTRbJSxBHAyDz7amR6JdlRgDnVvr3f4c6w0CO6Y_prRMie8KXTxcKR4YtqK1ndYtyJbcT1tDWxmpM4vfq1tZBx_BnkBJVdN71bw7YYX2UG_bW9YnTraWbSdAD8pTXqgT0GSPz09d6u5yL1j37x8qIpjMCNXoTZyuKYv-yiqNzDDBjprTclYX7u4qr6co4LchZ4tqJc6E6zo996S-RiJXOEXmbJeOp03ViF4_1krw","token_type":"Bearer","expires_in":3600,"scope":"user-read-playback-state user-read-currently-playing user-top-read"}
Spotify response status: 200
Spotify song data: {"is_playing":true,"timestamp":1784231224994,"context":{"external_urls":{"spotify":"https://open.spotify.com/playlist/37i9dQZF1F5p3rmiWPIYgZ"},"href":"https://api.spotify.com/v1/playlists/37i9dQZF1F5p...
Token response: {"access_token":"BQBHagF_WoG7lDluplqVWr3kHkrrwOaPqGgjCtYNIf8T_Z7mdPILlTvZ3RUv14Jxwhp1JNmv4JhZUv7r3w1WHppZxpdrn9c0cfp2fA5Hy6MXongssvhRVNVYACEK1LUv-78h601KzrHrAsxnLAQwr9S8V0kIEDLQb7efNw8lakwsACoj1VIRnAB_Lz-pYDiteRLGXyArKyX2ZPp84X2gpkefmHOVdxNqlqCQmOZuJMRWkFEFoZI4aOtZYKpEqUhjk8fzkA","token_type":"Bearer","expires_in":3600,"scope":"user-read-playback-state user-read-currently-playing user-top-read"}
Spotify response status: 200
Spotify song data: {"is_playing":true,"timestamp":1784231224994,"context":{"external_urls":{"spotify":"https://open.spotify.com/playlist/37i9dQZF1F5p3rmiWPIYgZ"},"href":"https://api.spotify.com/v1/playlists/37i9dQZF1F5p...
Token response: {"access_token":"BQAzb83LfgLBN1icfG5S-KSAB0PxDm7SboUNjdB76X7_ToPRhLAlFYXlt-PbR9YHDm1jAKqf-GaQ3u9f3WTxhA8ZFHGAj5y_b-yNGYF-nuNw3DiFIlb5Ow3kXMaLAnoDexR765-C8T4XPZnEI0q1-T8067WkYjGurp_aNI-zDB_w38Yu4R9GcabzzujpUhkZIJs5YSftgE6uV4To_ZDAVFRN5b1RUoghyPM7NyShOSfgX2Fb3tH7Z0uA0UtZEBg_JyHosA","token_type":"Bearer","expires_in":3600,"scope":"user-read-playback-state user-read-currently-playing user-top-read"}
Spotify response status: 200
Spotify song data: {"is_playing":true,"timestamp":1784231224994,"context":{"external_urls":{"spotify":"https://open.spotify.com/playlist/37i9dQZF1F5p3rmiWPIYgZ"},"href":"https://api.spotify.com/v1/playlists/37i9dQZF1F5p...
Token response: {"access_token":"BQBFJvllPjl-Fbco8g4z8QOyn5gMCTYyzR-aadltEsgwJ4mEdSBGWlasoiL6DjxFwpa1maQ0-v5EA6YzPVqltcxsKA0DEiDTZdo-UAxb09VvpMVt6PkxbASFrxO_tFuZRGDmnETyPO46UW2ybfzVDFOaleNx-4mxPVTrwaBlf4i7sdNB8VdJ6ogphcNrDxhe2hCt4orhVIcXkRrqgxR0JWbb9icH2ubIpYPaqZZKFcmWswcmgV9gv32tlTFGpS67PE2Z8w","token_type":"Bearer","expires_in":3600,"scope":"user-read-playback-state user-read-currently-playing user-top-read"}
Spotify response status: 200
Spotify song data: {"is_playing":true,"timestamp":1784231224994,"context":{"external_urls":{"spotify":"https://open.spotify.com/playlist/37i9dQZF1F5p3rmiWPIYgZ"},"href":"https://api.spotify.com/v1/playlists/37i9dQZF1F5p...
Token response: {"access_token":"BQBPTVp7W4U72xIaX7rvNtfYA7o2ZsqLnT2J3rsGJ5ks3fCioRs21ekq1LXitStK10LxS1Wleu4AtwIu1aLMNRyK89RL0o7ljIZAia_jWJUaLIY2KD7aiWjDydf653J4hhqM--by9cqyRNRHMjcsj2WhH5UYM8IMhB1BN_nksJOfehhXUEAe3B1BZ95VeWYsKGD5qza-3JhYHzy2m6tc39FEnwd5oNTMKG1NYiJoYC9TrE9AbPD-dSlwJ39yHiWEJmq9KA","token_type":"Bearer","expires_in":3600,"scope":"user-read-playback-state user-read-currently-playing user-top-read"}
Spotify response status: 200
Spotify song data: {"is_playing":true,"timestamp":1784231224994,"context":{"external_urls":{"spotify":"https://open.spotify.com/playlist/37i9dQZF1F5p3rmiWPIYgZ"},"href":"https://api.spotify.com/v1/playlists/37i9dQZF1F5p...
Token response: {"access_token":"BQCLCPAc6n6wRFRlQ37sAWgcZbBix-pLU8bpGxKfGZqzjsjyEl4ZUGU4JUBRmaCsi4y3JGOZQyHWADk1Yylod9scwp-nK5sAZMVupMPWzOyU49PMCAh-ztbQNR_BGm2Up45O6wby6chDVYjUIVvs4cjF-12S2eeHPXyrvZn3eoNg7o9TvVJR5INCz7sG-J4IuKYTGfI6b3Z9zQOFBwPVhArqiBx-FTCF6zQ0bnWN3Gr_G8emih_0IsNO1lJ8lcRWQwEUkw","token_type":"Bearer","expires_in":3600,"scope":"user-read-playback-state user-read-currently-playing user-top-read"}
Spotify response status: 200
Spotify song data: {"is_playing":true,"timestamp":1784231224994,"context":{"external_urls":{"spotify":"https://open.spotify.com/playlist/37i9dQZF1F5p3rmiWPIYgZ"},"href":"https://api.spotify.com/v1/playlists/37i9dQZF1F5p...
Token response: {"access_token":"BQCirxLuV3DT8kDhhhePLijUTUqLBvUDgSFpsSt2tpKEojA3dI_VJpHJLZ-99sYq5F2jsswMoHswvULmjkGQ5Oj52OltpeQDfLWG-sUyXEpBty9vD9fKbztdSTSD3vvpwb02F61SVvLw3_5iCiJM7D_Fy5AwRn_3FNSccU2JlrKQgEfYCPFamz0uqOtjDRdfasA5mTV7u2YsSLALWwwC-oUnX4ZQVi4g-oSS8BodbARQZx9uK8upoKnMcZq6dNRQfew7BA","token_type":"Bearer","expires_in":3600,"scope":"user-read-playback-state user-read-currently-playing user-top-read"}
Spotify response status: 200
Spotify song data: {"is_playing":true,"timestamp":1784231224994,"context":{"external_urls":{"spotify":"https://open.spotify.com/playlist/37i9dQZF1F5p3rmiWPIYgZ"},"href":"https://api.spotify.com/v1/playlists/37i9dQZF1F5p...
Token response: {"access_token":"BQBr60wqIGy9CEyR9Kr--5m70munauVemokJmHhk0j2CrnZfLRuu2ZJGedRMvs_j5sROlcOiKYHUT_NTn9LzMY60m41Ysh16QJGPfrJQzBOCrNFU2sYfUFyUkhu15gOMoU4vAC6e0VOFAXM49jmH3JbiOeBXTzZCIxIefuUw4qTA_MR7_COCTqhqHO9jhmNdhWhoBdhWSMD8XteLKWWANE01NqgmfI6QxGlDGBlyO6Tnc3ZcgZeX5nZ4mg8hbxvJkBWPxQ","token_type":"Bearer","expires_in":3600,"scope":"user-read-playback-state user-read-currently-playing user-top-read"}
Spotify response status: 200
Spotify song data: {"is_playing":true,"timestamp":1784231224994,"context":{"external_urls":{"spotify":"https://open.spotify.com/playlist/37i9dQZF1F5p3rmiWPIYgZ"},"href":"https://api.spotify.com/v1/playlists/37i9dQZF1F5p...
Token response: {"access_token":"BQDEtpsQlhAvgfoh5sWlBITa7CP0Ov1z62xGmj6MXRazAK1E9AC9Yqv9S5IRcAgjCMFl7lGIOEKgdPZRoADRQuNMAFb37uAZsdKKdfUlLBn1WAyXV6c-Jl39kDTSJ95ZxRprO_ybqujrYvWVUFV2En6flFEhkD7JpCIdb_OXRAggxhcBUP2niu7zcLb0yZkO1d38qSZU1zobEn46bRRnbr_UNAcSOTeFW5rg9E4JzoBjRjwjAZr7VGiagg1o5HFWLvIoPQ","token_type":"Bearer","expires_in":3600,"scope":"user-read-playback-state user-read-currently-playing user-top-read"}
Spotify response status: 200
Spotify song data: {"is_playing":true,"timestamp":1784231224994,"context":{"external_urls":{"spotify":"https://open.spotify.com/playlist/37i9dQZF1F5p3rmiWPIYgZ"},"href":"https://api.spotify.com/v1/playlists/37i9dQZF1F5p...
Token response: {"access_token":"BQBRJUmUT-iT2koR68kanbqW_FhoPByWeQQmu5ma9nGV3hgoikm5O2pC75EIOGYI_UpGL2pkDKKsED0GmnK1O6dvWU4N4KoyCMAO4mIcpc-630rO9Xm6uBYFDfc7FRlYkLGKtO57xPJrKcLll_hdsWG1efdaQf8lyrzS19GqKvNgOWdCOo8DIunOdjue9xKl75kSgMVDRrBNoPI1jeGtdqOpuimIl2bYBl00Q5EPBegTif4xuJuXuCHlwZvRKuWkL2aX5Q","token_type":"Bearer","expires_in":3600,"scope":"user-read-playback-state user-read-currently-playing user-top-read"}
Spotify response status: 200
Spotify song data: {"is_playing":true,"timestamp":1784231224994,"context":{"external_urls":{"spotify":"https://open.spotify.com/playlist/37i9dQZF1F5p3rmiWPIYgZ"},"href":"https://api.spotify.com/v1/playlists/37i9dQZF1F5p...
Token response: {"access_token":"BQBUQUlrrw8fiiy2LAC6qH7xp31e1aWcljXC-3n930v3QQegBkzvvsUigVuxMszaFDZWOsOd3Eb9sXookxRAB7u88Ite9LdoNt9wbxbqb2tsTXSA4lCTXxXniouaRp1p3P7Xd-htS6TB2oVYoGjsNVkLl_4_QlXmdM8gB_gr0ktonBRrKld9tXiIhy7x0hjto4fjxgSd98zRlwnvTZ8YeGiZQn5GrgdzpOZolSO2EpjVWRZxopyoxHZEEF8UK7Dhmd9UhA","token_type":"Bearer","expires_in":3600,"scope":"user-read-playback-state user-read-currently-playing user-top-read"}
Spotify response status: 200
Spotify song data: {"is_playing":true,"timestamp":1784231224994,"context":{"external_urls":{"spotify":"https://open.spotify.com/playlist/37i9dQZF1F5p3rmiWPIYgZ"},"href":"https://api.spotify.com/v1/playlists/37i9dQZF1F5p...
Token response: {"access_token":"BQABZncR08p5kL2PPJ2yWypUEzVa2n0BTn4c7gQPSXlV4goy_gOuEQoydCOQHP233rPlcHrOggSded_ziG_CcI5mEP2vhfioVMq2Iy-pb_ZCH_2ckAhlJ-Yv7AqqMqtjvf9dE9Kxh1NV2d4gBICVNZAhJHhOUAVbpV4AgYyoUKdGVNCu9If_QQEYFVGSnx70rcoXwlmPWtPplkoDKUtaNolQw8z9DbqArK66k67l1LEwXMerubARpyLgKZcF9_nNxVwhzg","token_type":"Bearer","expires_in":3600,"scope":"user-read-playback-state user-read-currently-playing user-top-read"}
Token response: {"access_token":"BQDx40gQSuAVydnd1E3sDkqMmMeI90aFK9wYa9QqlDxe_mUsnNwXQt_AL7Im3eZlyjjk1igu4VrcvV1bIiPvSpDieqOIExrrJeH7cEAvHFv0ps3MhQukyJUiylSbYmvoRTJrEExtcy8PU2TnhErqNGAIk6jE6TeXSbxnc_SrAF_dQLLfilLhYkbPTJbOnE7EjQrd8K2myK7R5NPlrMF24OZ7JOBeja6men0sXEqd8XKg0QJ72n7gO40HbpmQpuZrQq94jQ","token_type":"Bearer","expires_in":3600,"scope":"user-read-playback-state user-read-currently-playing user-top-read"}
Spotify response status: 200
Spotify song data: {"is_playing":true,"timestamp":1784231224994,"context":{"external_urls":{"spotify":"https://open.spotify.com/playlist/37i9dQZF1F5p3rmiWPIYgZ"},"href":"https://api.spotify.com/v1/playlists/37i9dQZF1F5p...
Spotify response status: 200
Spotify song data: {"is_playing":true,"timestamp":1784231224994,"context":{"external_urls":{"spotify":"https://open.spotify.com/playlist/37i9dQZF1F5p3rmiWPIYgZ"},"href":"https://api.spotify.com/v1/playlists/37i9dQZF1F5p...
Token response: {"access_token":"BQDOuiYKdzN-Q9vcP3rfdkopRBdriXkshp3PUi8gz9b3PA2WPM9Ilwlf8HSgPYYFPKkIF1i1iKYE1GUTNuS-aaZTr-OyHwekELX5fs_Kfy8ZFa9F3CVIT1bA1CxObNoL3J-r7SAv51HLJ1_vadLNwEbaP1mQeRUY4LjZjTFxOHIDN6ZZWLnJWnP1yI18Hq0pXPp2T4fQ0Fmt-p77TVQqfESnn9Nks45AuQ2yfAnejTTctP5HYxujelmWXObBHNR0PqemZA","token_type":"Bearer","expires_in":3600,"scope":"user-read-playback-state user-read-currently-playing user-top-read"}
Spotify response status: 200
Spotify song data: {"is_playing":true,"timestamp":1784231224994,"context":{"external_urls":{"spotify":"https://open.spotify.com/playlist/37i9dQZF1F5p3rmiWPIYgZ"},"href":"https://api.spotify.com/v1/playlists/37i9dQZF1F5p...
Token response: {"access_token":"BQDLinY10qA6vQ5Mj-AiHJ02GGQfntjLefBvfM04r94IiAE9kVakrP5ErAIBnHhNPpN5Ag6pj2MKzOEe3sxd8rCx0WNZZaHSbYLLnkUQGiMl39aKkby3endXYaxaH3kFN6URipxfPNTb5tctEW66VoUwctA_NfbRM_yC22IzSPoHNhE-8HQt0VdqhYMRIklaf7_T7rx70YBOzk4LbrRpOWNWDOIaIAwUoIkYi0nD0A-XgGSUN4LCX5G9PGzt925P_T6b8A","token_type":"Bearer","expires_in":3600,"scope":"user-read-playback-state user-read-currently-playing user-top-read"}
Spotify response status: 200
Spotify song data: {"is_playing":true,"timestamp":1784231224994,"context":{"external_urls":{"spotify":"https://open.spotify.com/playlist/37i9dQZF1F5p3rmiWPIYgZ"},"href":"https://api.spotify.com/v1/playlists/37i9dQZF1F5p...
Token response: {"access_token":"BQBP6nFfYceiZ5rNOc8hN_wAxvugUkp82RsjWOzPZ4e3iWHihDxYGeqMz7smmCdaPEC-ZKp9YIX_XaYerHSjKMmoFe453VufoR--AP89Am7pOFY_OTiaw1HX1iUMdAmZVecWkhXHlB1OILPZ-jc6ofTmOEKsIELzQJnFpALsBXB0c1KVGvwJ_YKbtPAVwoREW0w2v76cZ8eCU9zNLjbDZfjXK5HaI2x5Oa0qBSgavQQiNGx_lCShe3H4jnOOqEMrlul4Ow","token_type":"Bearer","expires_in":3600,"scope":"user-read-playback-state user-read-currently-playing user-top-read"}
Spotify response status: 200
Spotify song data: {"is_playing":true,"timestamp":1784231224994,"context":{"external_urls":{"spotify":"https://open.spotify.com/playlist/37i9dQZF1F5p3rmiWPIYgZ"},"href":"https://api.spotify.com/v1/playlists/37i9dQZF1F5p...
Token response: {"access_token":"BQCxToSS9fDIXIzzEfZ5C87oCVsP9XKIWUpQamKvHIQf1xqwh2zxO4VEgo-jRJE7Cl7mFCICYfculATQq8dC6f14fkMhP6UiTsQSLbeNjPSkIYbUei2gaGg8gBEn6dkE_n6hr8EnoVtuMaGCwyTvGlol14efqVXjgTgybn_RW289uuGB7VlnpG5JQtoN-cUU-0usxk_MIICWI2NTqFwsfnKZPBP5pcG6nt1Z7e1UUQcVcu1SgcRep1_HviMDc3ziP0dwPA","token_type":"Bearer","expires_in":3600,"scope":"user-read-playback-state user-read-currently-playing user-top-read"}
Spotify response status: 200
Spotify song data: {"is_playing":true,"timestamp":1784231224994,"context":{"external_urls":{"spotify":"https://open.spotify.com/playlist/37i9dQZF1F5p3rmiWPIYgZ"},"href":"https://api.spotify.com/v1/playlists/37i9dQZF1F5p...
Token response: {"access_token":"BQCkdv-trHhjRyJZUa2_9stuSa8ytFiJwXvxU1EVQROV8ZCjq11wD4zCKrcDXL3l_-SDLn0ofGEyGfV34ubA3QG6wblI8nnzWGvESL8ifzmFXZq6rJhlLeBfNcUwooPASy_GgSolEc-z65oZRRyfI-Z3Ntyk_O9pvmv1-_KR-t8UfMYCRBsDJLGY-gYksVq5OnHYYB9lGYfuk3DPIKtFUj3PRxr54hjcuRGXR6VWKl8jctD8v_InvCY8FYWSl4TSxpZ_lA","token_type":"Bearer","expires_in":3600,"scope":"user-read-playback-state user-read-currently-playing user-top-read"}
Spotify response status: 200
Spotify song data: {"is_playing":true,"timestamp":1784231224994,"context":{"external_urls":{"spotify":"https://open.spotify.com/playlist/37i9dQZF1F5p3rmiWPIYgZ"},"href":"https://api.spotify.com/v1/playlists/37i9dQZF1F5p...
Token response: {"access_token":"BQCT1-GYLPDhpucgncEHMaAFKI0FwczSRzQDh_j0ERYhatLvwtevxOsZkl4s0D4BJBgUz-ptoOm2z16I51m4k1Kosyb2SXeBZuWjLmKZPxC-nNw2wTjF5X0mRXnpasgHduaSNXBjAdv_pi07NAqZVpUfi5ip-UmPZ8TFRhOhPBDzcXaNuZxIizha6X4Q3PMLKmRk4l2CSt8tooEJhPy-E75ttlttPMRQuTyLa0KDm90cBBKWqqh7zD6nr3449RCnO3BYnA","token_type":"Bearer","expires_in":3600,"scope":"user-read-playback-state user-read-currently-playing user-top-read"}
Spotify response status: 200
Spotify song data: {"is_playing":true,"timestamp":1784231224994,"context":{"external_urls":{"spotify":"https://open.spotify.com/playlist/37i9dQZF1F5p3rmiWPIYgZ"},"href":"https://api.spotify.com/v1/playlists/37i9dQZF1F5p...
Token response: {"access_token":"BQCTOaRFVkiSH8B1Re2Ub8zt0L5_UK8AnCQvZUxgxl0nOHJxCiotupeoRkTMgQ5i3BAhzYba3ZscLL_y2O9gtim_EF06EMI6epHsYkro88ygqjPt11kbaAAu7KQExobi6a4SFyP9td9f8g7dSOCMqxzsdtvlxVpQYCrRgw-gxrvGkgByBYLo9BXQEao8C0bylmhjp5IDa175DXG6K1bQWEeH37s_ey0fzpWNBjrqShBAhpEJsBSlhemwZ4DOKUGSXfWDeA","token_type":"Bearer","expires_in":3600,"scope":"user-read-playback-state user-read-currently-playing user-top-read"}
Spotify response status: 200
Spotify song data: {"is_playing":true,"timestamp":1784231224994,"context":{"external_urls":{"spotify":"https://open.spotify.com/playlist/37i9dQZF1F5p3rmiWPIYgZ"},"href":"https://api.spotify.com/v1/playlists/37i9dQZF1F5p...
Token response: {"access_token":"BQAjSHv_mMyE4lO4MopfmocgoW-s-ibaHB3yr_7xAG4uDYLLKCNXu4s-sy8K8aUdyq6JfWloG3BsNh_140IzxxUjhgXyYEbb-fBJox5skaAzWVzN4LM2YY1b4_eFeBcR2SW8gF1euyO8z5DeIPLuhiU9PLAvkuUCTHTTBSVl6StGXEYpo0elvsgOs4VCUYy-n-qKkRxKjy2i1KqKG4UymtPRJZdtfucxAQ14vit_wBFy_LBuQFIT7I5tvkvVqr8bKAV48A","token_type":"Bearer","expires_in":3600,"scope":"user-read-playback-state user-read-currently-playing user-top-read"}
Spotify response status: 200
Spotify song data: {"is_playing":true,"timestamp":1784231224994,"context":{"external_urls":{"spotify":"https://open.spotify.com/playlist/37i9dQZF1F5p3rmiWPIYgZ"},"href":"https://api.spotify.com/v1/playlists/37i9dQZF1F5p...
Token response: {"access_token":"BQD-mg2iQOitTAlkgKn1rLNylX0CCqp67RPYDuP1rKLwfoqEgCDfJI6eD-w-T-7KLQuL6ZLr49Q84tc_5z5mjJ_n0vr0vpHaJ4v5SEL5G32qU3l0f8VPoJYx42kd3uaXP6Ftfa9aodhg6zH7bLOabd_BMgnQTlyJfoxPr2cNFfrZ-oeViBtpVb_PgnYiXjoFk29q4aDDTQxjZVMpR4fQ6FTxPhuYTHwHuXu5iEQak6CQNCs3BtqgjjRg6B9kO5tNtDVZsQ","token_type":"Bearer","expires_in":3600,"scope":"user-read-playback-state user-read-currently-playing user-top-read"}
Spotify response status: 200
Spotify song data: {"is_playing":true,"timestamp":1784231224994,"context":{"external_urls":{"spotify":"https://open.spotify.com/playlist/37i9dQZF1F5p3rmiWPIYgZ"},"href":"https://api.spotify.com/v1/playlists/37i9dQZF1F5p...
Token response: {"access_token":"BQCjoJ5c1RgyOBhb0tbq0HpUJhxOrMMx8QjpZPt3MC8nuavmlAFfHpaIBmx1_OO8r1FG9dlPPOY29SET7kuyY0AKMpO5XHoZy956P1z9Uv-PZixxclAyD3Kuo4GRBe90uQf9cVzf3Dql3GlzA2WktdvL9LKIzVbDIWPQWVgcy7foGLOik7P4q7bg49LLyaysbcDNSP8655xiIifihZrWoq8h-aViax6qd_LIreWjOvpCQwI7mkrCs0r1x8YoleDVmRTkUw","token_type":"Bearer","expires_in":3600,"scope":"user-read-playback-state user-read-currently-playing user-top-read"}
Spotify response status: 200
Spotify song data: {"is_playing":true,"timestamp":1784231224994,"context":{"external_urls":{"spotify":"https://open.spotify.com/playlist/37i9dQZF1F5p3rmiWPIYgZ"},"href":"https://api.spotify.com/v1/playlists/37i9dQZF1F5p...
Token response: {"access_token":"BQC7nE-mFWRWkZXrRZuYAmJfDObNxVYJWngiz1epBlaXQvy98TS7jstb892ZqBjKvvfjlpxrcAhbqwglzX7bBfEpOysJc947ZvN9Z1k4vR2G3v-xDBdFeqGqBjBF6UEieCs-v__wfwmi4fn5fWlvxxlt0hTw2ayNRHecox7In2Fk0Y5jHTv5eSELEpzYMXH7zoqomckbfNTTm3BVkkTO5jHnjnnYWSOmX4PNTpyA-TIJ_14qL1J15rt9O6uBuQ_Guvbx4w","token_type":"Bearer","expires_in":3600,"scope":"user-read-playback-state user-read-currently-playing user-top-read"}
Spotify response status: 200
Spotify song data: {"is_playing":true,"timestamp":1784231224994,"context":{"external_urls":{"spotify":"https://open.spotify.com/playlist/37i9dQZF1F5p3rmiWPIYgZ"},"href":"https://api.spotify.com/v1/playlists/37i9dQZF1F5p...
Token response: {"access_token":"BQAr9vvnv4Uf_rkr0wSZt0JXgxK8fLToSliQ-49uQ2Ptn8w195laV0zyMyt-bOiuoWNsm9BUW_48nn1IuD_fMFj8rzm-2oXoMh2-Uu947_nOlIFzFLX-BrvsEB6cPHV2ibAPJZ-VYwV_t6XpfzvjxxOt2fLsklPhCCc1_CkZ-vse_HRk9J07743M0Lt61C-C5IyNm-WCbnvxv18XqMABuKO4uSpeQJ4e6jL7Rsa6BwWNvyKvQNRUSpPeRP5WPMCJ7hdZ8g","token_type":"Bearer","expires_in":3600,"scope":"user-read-playback-state user-read-currently-playing user-top-read"}
Spotify response status: 200
Spotify song data: {"is_playing":true,"timestamp":1784231224994,"context":{"external_urls":{"spotify":"https://open.spotify.com/playlist/37i9dQZF1F5p3rmiWPIYgZ"},"href":"https://api.spotify.com/v1/playlists/37i9dQZF1F5p...
Token response: {"access_token":"BQDNJc3EynKvadkEE19hVG8kL8SCu4t5RxXcVMZyDAqUs_kdDzqKgXA8TCkKr_qMMYrXFXDCcp_uitgS933uDeHA5PIuWP3_gX5ZRaVKxkfJSg9MZ0X750tqebj0ZJ6lfcqpTes7EjZCEoQGDK48KTtAOTITSz1mgKqShisb7kEZH3I7SQnW88dD0Rfx9-a62gyEmsLFFBXcdpvyMiHYQsDv_o68PWh-hcrZMSZIfoVVJqDF5etJIPXn9Omg7wVSXx2emQ","token_type":"Bearer","expires_in":3600,"scope":"user-read-playback-state user-read-currently-playing user-top-read"}
Spotify response status: 200
Spotify song data: {"is_playing":true,"timestamp":1784231224994,"context":{"external_urls":{"spotify":"https://open.spotify.com/playlist/37i9dQZF1F5p3rmiWPIYgZ"},"href":"https://api.spotify.com/v1/playlists/37i9dQZF1F5p...
Token response: {"access_token":"BQApYlwUChHsLyK4HMN57fF2vbBPrgBQcIYB8MKzs9j9ywJ11KG7-PssCleEx_ta3-GyNBRos7-rcJVoGOPYR5JVCJczy5xBsLMpj1PjqCJgKEHC_9PxIOjw6jakShPobJ9sqcBxtRUbil8wkOkDYAbiXOGZsWfbwS91hOmWesFcBBCHdS7yC4N5ZK3nfVHnBrDczgLdjOALdFHgwscq8-fudKGj-DO64Q0McHTeMLsHyAm94uLMDGd17BcxUTodVTC7Ow","token_type":"Bearer","expires_in":3600,"scope":"user-read-playback-state user-read-currently-playing user-top-read"}
Spotify response status: 200
Spotify song data: {"is_playing":true,"timestamp":1784231224994,"context":{"external_urls":{"spotify":"https://open.spotify.com/playlist/37i9dQZF1F5p3rmiWPIYgZ"},"href":"https://api.spotify.com/v1/playlists/37i9dQZF1F5p...
Token response: {"access_token":"BQBW0JNIvzca9kcZTS1qtVffbloMrPUh_sutMJio4lHF1GSK1axSBilYKA6i3rRtGFjk6LT-vnjNMHPceV_MI-fDtLhRfeYqnGT7hdite1g-C1c84JydVhBoUDMiHpDdGqnzg7VGYzCsZQoQK7np_rH0BqRugoiV2V9pbv8H50ujCxUz3wAlRnDeo-lC88-dF2AtJRyNrr5SWCxF4Bx33928Qtkd3KaSIVdxRc6j0wWZg6qK4qLCSMoxMv5Wja7Pq_i6dw","token_type":"Bearer","expires_in":3600,"scope":"user-read-playback-state user-read-currently-playing user-top-read"}
Spotify response status: 200
Spotify song data: {"is_playing":true,"timestamp":1784231419750,"context":{"external_urls":{"spotify":"https://open.spotify.com/playlist/37i9dQZF1F5p3rmiWPIYgZ"},"href":"https://api.spotify.com/v1/playlists/37i9dQZF1F5p...
Token response: {"access_token":"BQDZk886QUsZv05FCP91wl3H2Iser9Yn1K9EwA68tpjoe-tPPHCHiyqcdds9ILxZazLIy4GfzQ6kYVbPvs8C9ZDuimLUKx0NB6XUcisDmFiUQLduzk8aJEcqVPOJYO0K9NUHQ396ZzFxKdKenub8jV2vAvd2sJJ07sUFC80jRLDG_CRw9uN5-uoKosSXGSL2qP4zjLQ1ogcrDL0u5keJWtNdbK-Of3ocNAAeIr6Ixi7OFUzzS6vfwCRXMkdYdGbHtJPwnw","token_type":"Bearer","expires_in":3600,"scope":"user-read-playback-state user-read-currently-playing user-top-read"}
Spotify response status: 200
Spotify song data: {"is_playing":true,"timestamp":1784231419750,"context":{"external_urls":{"spotify":"https://open.spotify.com/playlist/37i9dQZF1F5p3rmiWPIYgZ"},"href":"https://api.spotify.com/v1/playlists/37i9dQZF1F5p...
Token response: {"access_token":"BQDY5OcgHGrJy9fXExvcbpq9BAYHc0JaJ_Ox1OfTMAZsxgCW0RMha6Ch_u7jceLK_tYdka0GkZUXlMGZFM6d5bIOFH57bV314gLTZfMn_Aw2oOODDO4xkAQGZsF8M22MNrm2koCqgc9PpE9PFMtqeYotCPGIyfaAizM4BN_BSF_Cd5TouFWnwJPN21WHxPSMATUKGsTtEmsSwTfBwvdY3fiolAkyDYEWFfxyhdLn9KWqb9aJrEqIRarQ4RlMH1CL5P8lRw","token_type":"Bearer","expires_in":3600,"scope":"user-read-playback-state user-read-currently-playing user-top-read"}
Token response: {"access_token":"BQAmgrODLvuzz0Lj601BFChvRNeyxwJX1AVuneSBpil_BX3ks2a__z4mGRSCTqFYJ82sMeu_fyYKAeflyUCRcSFJzNEWY76eS8FMlnxmMGyv8GfQhKfWutWAF34DjV_OQdgGCO5n9wffTalLWakqRDYHkzJYuFgIiuB2fxUCMonXIjS_1pn4yLoMzUA2yYGLURsmDkdBJYM48BQzdtzU19MXQlAJKrumSS0_rgHzPEBF02VJfyFk7n980i4E-cJdUFLzoA","token_type":"Bearer","expires_in":3600,"scope":"user-read-playback-state user-read-currently-playing user-top-read"}
Spotify response status: 200
Spotify song data: {"is_playing":true,"timestamp":1784231419750,"context":{"external_urls":{"spotify":"https://open.spotify.com/playlist/37i9dQZF1F5p3rmiWPIYgZ"},"href":"https://api.spotify.com/v1/playlists/37i9dQZF1F5p...
Spotify response status: 200
Spotify song data: {"is_playing":true,"timestamp":1784231419750,"context":{"external_urls":{"spotify":"https://open.spotify.com/playlist/37i9dQZF1F5p3rmiWPIYgZ"},"href":"https://api.spotify.com/v1/playlists/37i9dQZF1F5p...
Token response: {"access_token":"BQB9Klbj3mjU6ZnQ3atGXQ2xeK8oAHDV-oGOONr9Pkr--FzZ57sBg2YiJjl061qtw5xNHpB0cq08c1p4kANo34UexsY8NaqDjyfy_0_PVRPcic6DcO6kgqqF4pH5qOC_I_586yakBMAXgNtSSk7UXVH-wEkOAKneFtn3Bk2Hw-Zq2QBgKwfSNHOEi6Bt9idqFGsyzFh4hK4FP1GVCUTmXP5ODLToV6bzI2hdyR62M4Db6JPg87L8aIfLUcRFE1WbVin29g","token_type":"Bearer","expires_in":3600,"scope":"user-read-playback-state user-read-currently-playing user-top-read"}
Token response: {"access_token":"BQBX-QNQHm-bexCdBW6N3m-F7ZNGECP8gHIxGD3wbXZkBi0ueQdJEMN903bSFAmA8_uKdynYpGUI77xXO_3l2MEb4COgCnq-SUcHdQL_NbAAmkedLoZtOxRpzfgpzDnbA4NW5WX5ZbYp8_KtI5ySA30RGyUbXee4YOvOA9Cp20Y3Rlt50FdEew_LlIYhBiMYgtpTh91pCFk_10GOYxiH91calzfMyPv_RLBfQBUN95PkVlJbbU2PhTdzwtmjq7Dq8PxzQA","token_type":"Bearer","expires_in":3600,"scope":"user-read-playback-state user-read-currently-playing user-top-read"}
Spotify response status: 200
Spotify response status: 200
Spotify song data: {"is_playing":true,"timestamp":1784231422351,"context":{"external_urls":{"spotify":"https://open.spotify.com/playlist/37i9dQZF1F5p3rmiWPIYgZ"},"href":"https://api.spotify.com/v1/playlists/37i9dQZF1F5p...
Spotify song data: {"is_playing":true,"timestamp":1784231422351,"context":{"external_urls":{"spotify":"https://open.spotify.com/playlist/37i9dQZF1F5p3rmiWPIYgZ"},"href":"https://api.spotify.com/v1/playlists/37i9dQZF1F5p...
Token response: {"access_token":"BQBu_Jf92BnqCTNkdFfrzPgWhhq8GOpTz7ZxK3hz_8XjhvTg9U5tOed-hNUR9pJfKrz1aZgEUC4zihhHtspNkwx-kFFpnZo9Hvgp9Rpe53vwJVKdUlANT-mufUOHUTgzVmRXnuGmwPvs03vZKOhPT8QSO_5wMsvUGx7KaydIJB3c4NenN0L8q8gnt6Pot-TM2ndg8mygeH7Jg7ZWPBNK9z8zTafJXVtXiayG7lgGLPUZnR9lI7ZQBbJMITsac8_12J4Tkw","token_type":"Bearer","expires_in":3600,"scope":"user-read-playback-state user-read-currently-playing user-top-read"}
Token response: {"access_token":"BQB2ukxDizm2BTQ1Gd3BG3qYe5tEDeDKPFloQ4RfmqXE_MCt5XJ4TPkda8LHh098dxQtHKrl0005Cuu4dD1p53a1ND-axycY200PHLIUZ5L5qu5TygY0cB4K3ZCSuVcr3rMMyfDtnqNF5wk3fXHEMHBOsM28pX3LpPPykjxRIKEad0PdoR0-rpprVcIoeTQcAXrLUIYKarG3-VdOVJcYUCANA_6D8SCUvYfiPUk6yhtGN0Umvrx-vz0WQ69vNusPJfD7YQ","token_type":"Bearer","expires_in":3600,"scope":"user-read-playback-state user-read-currently-playing user-top-read"}
Spotify response status: 200
Spotify song data: {"is_playing":true,"timestamp":1784231422351,"context":{"external_urls":{"spotify":"https://open.spotify.com/playlist/37i9dQZF1F5p3rmiWPIYgZ"},"href":"https://api.spotify.com/v1/playlists/37i9dQZF1F5p...
Spotify response status: 200
Spotify song data: {"is_playing":true,"timestamp":1784231422351,"context":{"external_urls":{"spotify":"https://open.spotify.com/playlist/37i9dQZF1F5p3rmiWPIYgZ"},"href":"https://api.spotify.com/v1/playlists/37i9dQZF1F5p...
Token response: {"access_token":"BQDAcnsOUdQWlu_3xcpMcaaUR1v8uUhcKufzuEBlf9-RKlgMpi8InPixRb_PUBcn8CQlqkuYDXGP3N74sKBBcK0TdXR3mV5YLwBjUTbY9xxTB73hZjVxmwz7BGGG9RwhRd_11lleQXiMa66ta-tP2jHZy3XTyyhgM7YbmhJfufp2Qrwll-HwOVGC0rKKj5oDPMi2qhhmAgZTT_Zx-K27NhHnztrEJFJzAJXC15epMMkgXR4Pt-KXGcleSKGqT3uOLYOAVw","token_type":"Bearer","expires_in":3600,"scope":"user-read-playback-state user-read-currently-playing user-top-read"}
Token response: {"access_token":"BQDVEVCWPTlvzCVTOlJNzSRRTNcw0o7HwVheJ9WMbTrgWkDSbsVni-3S_p8RH2aCgnKOCZOB-U47bx24dovafuJIGQpOfQPVEhoDe5uWt-ulpMLlAwI3Ab0o8Bely3MWf4-SU9JnVjs3Y0mIWI3ikWQdtFA1WR4XB49Ubb7VLc5usXcxuCAJTqUc8OBeUZw8jElmXeaZfuvLzttQmwEzv8pIaMMvdr0shGkh9MQnaKdp3GYbQn-TMrJaG0tEVV-XKfmOBw","token_type":"Bearer","expires_in":3600,"scope":"user-read-playback-state user-read-currently-playing user-top-read"}
Spotify response status: 200
Spotify response status: 200
Spotify song data: {"is_playing":true,"timestamp":1784231422351,"context":{"external_urls":{"spotify":"https://open.spotify.com/playlist/37i9dQZF1F5p3rmiWPIYgZ"},"href":"https://api.spotify.com/v1/playlists/37i9dQZF1F5p...
Spotify song data: {"is_playing":true,"timestamp":1784231422351,"context":{"external_urls":{"spotify":"https://open.spotify.com/playlist/37i9dQZF1F5p3rmiWPIYgZ"},"href":"https://api.spotify.com/v1/playlists/37i9dQZF1F5p...
Token response: {"access_token":"BQCvABDlA00J6wHgDxD0fl6B3BtV7Rrhajjx1Ld4z8W88Plh2Gew1Ru7N6wTwnWPbuIGk25v24K1BZYhx73eNBktuuab5utzEpjbssyq3MAQV5WsD_y---03OeoPebfFlT2tyrsnC0yVD1Zva_c8mtFOblI7-yl7AjV_txrDhhdOXbIQA7amEs7UqY6olfnExEQ5-FcJV21laSCCIEq6kp3TAvBLgORf9n5vrZzpuUh9TpTXcrxUmubpoC4OTWd7upa3yQ","token_type":"Bearer","expires_in":3600,"scope":"user-read-playback-state user-read-currently-playing user-top-read"}
Spotify response status: 200
Spotify song data: {"is_playing":true,"timestamp":1784231422351,"context":{"external_urls":{"spotify":"https://open.spotify.com/playlist/37i9dQZF1F5p3rmiWPIYgZ"},"href":"https://api.spotify.com/v1/playlists/37i9dQZF1F5p...
Token response: {"access_token":"BQCFClJfSqk9oOUssZGGh3H4TCHlvDDWADJj9_UJogpp3tPKa6uDwq1Djnk2wIwWQGnmo5SYpc5WeSlSj52Reh-uuL2GNCx_baXNW6fiKf_BILKqdrkWrMYh1z3mSmigwS9Ybtz62gaMWYUCRpn6eLKHxevoYV2iZc_eh1qWlBFw5UHwd34j76rTM6YUtwI9Wx6pa3Q5Ry_3wmsQtZ0XhcNSFryQ3sPy-20TZ3z8RPuwJW5GSp9VSfnHtX7F4dgEK0_4Gw","token_type":"Bearer","expires_in":3600,"scope":"user-read-playback-state user-read-currently-playing user-top-read"}
Spotify response status: 200
Spotify song data: {"is_playing":true,"timestamp":1784231422351,"context":{"external_urls":{"spotify":"https://open.spotify.com/playlist/37i9dQZF1F5p3rmiWPIYgZ"},"href":"https://api.spotify.com/v1/playlists/37i9dQZF1F5p...
Token response: {"access_token":"BQCJI3FNzfWQ_nTwCtIghJSjKN6nAt3d2nYbpI-TV74esfrfcByVRjPvooMevXOseOAE4ZpUvBssLYQYB_RckdMB_529pjOYJ5UxRvApivoLDLkh8RIIz6JwOolv8rQ7GW02-eovJRFHSUPBLa0lLY5EdynyoBE6caJYVqsQ8m40cnI7w92VFred0RpBJdwSSg0fTkVBVaxPW5dg6orMr3k-fd8oowsO8PmoqGwhKCEoI2z2NYAC4YubHVinc21C5aIfDg","token_type":"Bearer","expires_in":3600,"scope":"user-read-playback-state user-read-currently-playing user-top-read"}
Spotify response status: 200
Spotify song data: {"is_playing":true,"timestamp":1784231422351,"context":{"external_urls":{"spotify":"https://open.spotify.com/playlist/37i9dQZF1F5p3rmiWPIYgZ"},"href":"https://api.spotify.com/v1/playlists/37i9dQZF1F5p...
Token response: {"access_token":"BQDedMearCCkaQKOz_KteTn7me5Trmi1R0vjGrlBprTxUy2fe5YENNbCUFdhGuStbM9eqtnqWr8s-6Wzm-8cB2xeqFdWC7olvuEmmlr7ofCbrw3CaoYO-s2Ecuyc_WLranQ2a15F1MhYkdhAE7JqJYkTGSvC54Pl8WbZWtLGvGPVxMD7GAkjOxnfkf0kuU8vA8R8LKB_h0OBUq8_Pk0gf_E0K_qwmoyjG5dDa9a3OIWLjK1XM1jCKWlmcrwQrVsyh25TwQ","token_type":"Bearer","expires_in":3600,"scope":"user-read-playback-state user-read-currently-playing user-top-read"}
Spotify response status: 200
Spotify song data: {"is_playing":true,"timestamp":1784231422351,"context":{"external_urls":{"spotify":"https://open.spotify.com/playlist/37i9dQZF1F5p3rmiWPIYgZ"},"href":"https://api.spotify.com/v1/playlists/37i9dQZF1F5p...
Token response: {"access_token":"BQCjOh7fx6oWDdJ2qAypjfvQvzljxG_xjzZgh0ChSa-0CUgzNS0gvHX1vDqmcrqg7JW9kHfKy0f2Th3rX5SWXe3WnML0z39zcQU6jPbu0A-OhoxNOFkRH2pWfR-beqqnKtwk0m28qxxb8HoSrgzUghhZzNulDQ_IJlU94We0RmzTFXGnWJa7bH-hWzkp8aTan6EoJ-3GR2y1rIRZicIHGvAndHXhc5utzNGzv36AZoSieGhfl9JM6oxx2OMJsm_v5oDINA","token_type":"Bearer","expires_in":3600,"scope":"user-read-playback-state user-read-currently-playing user-top-read"}
Spotify response status: 200
Spotify song data: {"is_playing":true,"timestamp":1784231422351,"context":{"external_urls":{"spotify":"https://open.spotify.com/playlist/37i9dQZF1F5p3rmiWPIYgZ"},"href":"https://api.spotify.com/v1/playlists/37i9dQZF1F5p...
Token response: {"access_token":"BQAkV8fAnubccLzctMX_arph4wgG1Amjf_ppmjL2QhssGH2bZkeY2d2RrHWL29yjIsSd5Xm6pZ9ziuOS2jsy8JRDwU0_lqvuap_v_LYp-CTz9yuamaja5YSvSe72_vMi_XnAX38mf43AH1lP7V-qeSjStL2Ju999G_Jo3am_5fFmuAylGLV2IxzAb0RZvQdUFWWQNQK8O38u5e-wSnSjl85jmlzfYFI0ydubG5WUodwVUoegNr-uitm3W727-VREnvonrw","token_type":"Bearer","expires_in":3600,"scope":"user-read-playback-state user-read-currently-playing user-top-read"}
Spotify response status: 200
Spotify song data: {"is_playing":true,"timestamp":1784231422351,"context":{"external_urls":{"spotify":"https://open.spotify.com/playlist/37i9dQZF1F5p3rmiWPIYgZ"},"href":"https://api.spotify.com/v1/playlists/37i9dQZF1F5p...
Token response: {"access_token":"BQCHZOaUOi8Nn1NBUee2kq1RICr2IjLKFERyRZw4XO-j-qLNy0L-PNxpuqgHjG1V_FLA-lw8D7OWXxYMF9RjRtU_z8pH9ECuH0ODG0HKGIFXxWZbQmpo3z5DfWZWa2M1f7pBjWumYgRv-q-t-5QAjDSUBO1dWYSbv08STLLqtB0LiCDK7UR3t-E7j0b06ZJM69JfJZ4biWeJpFCZn6gv9QQH4DAbI_iLt11oIv0AE7iO4vqcllmwhEozNrBZobbV1O5_zw","token_type":"Bearer","expires_in":3600,"scope":"user-read-playback-state user-read-currently-playing user-top-read"}
Spotify response status: 200
Spotify song data: {"is_playing":true,"timestamp":1784231422351,"context":{"external_urls":{"spotify":"https://open.spotify.com/playlist/37i9dQZF1F5p3rmiWPIYgZ"},"href":"https://api.spotify.com/v1/playlists/37i9dQZF1F5p...
Token response: {"access_token":"BQAlnJGw81wBUzdx0FzROmMR6CtAaEaPwq4uLST4QVQvC_kj93nY1HWEEFtHR0IjanCqxk2_ONmG4krBE98ToFSpn-tAKl39NrUgi1kaAMddWGEfOeYk4Ua-otkQmcvBmrhcc8PHH3FiPYWJqPsytG_hAGvFHJWa3C_z9ddRJ0f04ZAkRwvuUMODjiGirYrRL2NesWq0poLSchqpGsatzQ3SzQfoVZ0LuX4YTucsAI6H84xV3XGFAenFkgbfOC3uBCN1CQ","token_type":"Bearer","expires_in":3600,"scope":"user-read-playback-state user-read-currently-playing user-top-read"}
Spotify response status: 200
Spotify song data: {"is_playing":true,"timestamp":1784231422351,"context":{"external_urls":{"spotify":"https://open.spotify.com/playlist/37i9dQZF1F5p3rmiWPIYgZ"},"href":"https://api.spotify.com/v1/playlists/37i9dQZF1F5p...
Token response: {"access_token":"BQCmHIlh_YReZ75tvJ02l8FkZw95jOj9KBVbFE5-9LV-24GMD5-PvFozVGJB0xVz31YuH8qkJMiHYUREI8CKooiZM-8EdiVzBStd7933KVkSrPUS5Qzrpuv36YnT96YSzmSg_ekv60pvu02Zb1hKI0CFcmoO4Nkb1uoV0M4GAJ-qmlcR1kbtEj9a6sxRJ-SE0ICVqMI48YHhW3ms5Z-TOQagZO8jxs4SGpcW6mP8i1Q_Kv6FiYd5rn9IVl7fb9EadjW78Q","token_type":"Bearer","expires_in":3600,"scope":"user-read-playback-state user-read-currently-playing user-top-read"}
Spotify response status: 200
Spotify song data: {"is_playing":true,"timestamp":1784231422351,"context":{"external_urls":{"spotify":"https://open.spotify.com/playlist/37i9dQZF1F5p3rmiWPIYgZ"},"href":"https://api.spotify.com/v1/playlists/37i9dQZF1F5p...
Token response: {"access_token":"BQBgzsNU6OLwGJc8fIHCbIaGaOU5TNUGEKW1nFFm09LnUYGHa8Og0h9g6PMjg1j6bxjS2OChzrvrpaF9FwqYz5BmuBqmnCXXIOgpJIt5b3AnqBmhfD-sBxgZth6JMUPqmSkkpphxM70ilnTDemZ_QlYnq5j5cXYr2bZfsQxRZucPeS2EFvq4W8RmDRwXsIZ3ab_FDMiu2K6jHrs-BZ1Ko9IhpoRNevDL9G4CZ_2AOU_FUKUOGS11ljxguqexdkjeZEu53A","token_type":"Bearer","expires_in":3600,"scope":"user-read-playback-state user-read-currently-playing user-top-read"}
Spotify response status: 200
Spotify song data: {"is_playing":true,"timestamp":1784231422351,"context":{"external_urls":{"spotify":"https://open.spotify.com/playlist/37i9dQZF1F5p3rmiWPIYgZ"},"href":"https://api.spotify.com/v1/playlists/37i9dQZF1F5p...
Token response: {"access_token":"BQCwZDfCcJ-H5d_zmwVuzBU_1btlsetzl11bESxZARuNuUKDHJ0qMYHlT-eXWcLbukOyRk-1hjMMPmXdrXyoyM35a0fr2IpiEwtvDnCYbxsyzxTxCXWW0-8S54HG7bxSlh8ApYRyTDVCKY3z-H5zOZiu2qVLw7REOyAyi0EvtDgn0X2FJ8K1mZIc--weysBWs2bhlFjbuQRrc6Qt_fXNxx-9ShCdSN03W_9VYFCf9GM4e6T4H0CwxxfzTQ3YLoXQjiAJwA","token_type":"Bearer","expires_in":3600,"scope":"user-read-playback-state user-read-currently-playing user-top-read"}
Spotify response status: 200
Spotify song data: {"is_playing":true,"timestamp":1784231422351,"context":{"external_urls":{"spotify":"https://open.spotify.com/playlist/37i9dQZF1F5p3rmiWPIYgZ"},"href":"https://api.spotify.com/v1/playlists/37i9dQZF1F5p...
Token response: {"access_token":"BQD90vBXteSA8WdgLbbSA6u-83R4kAuLSQRh_pKm_mbzHP1jymgXERu_g4MHpwlQ3AR-Xn_xKXaErNMmhGlKX8Q5BQb1fgwjcXZxTcJLcd11gtpc1Greeb3Q3KKNnovJbn0L96oTiZeeHKq-hONMlaTut0FfIN8cRl0LfmGOj2jQMlsFY66Ls7CEncrWd3W6VGiAkRb79pgbvEceKyXoH8DH52UehYbG-sx2IFpgR98O8UgDi68wFnYaW7vmUD8ddbs1Pw","token_type":"Bearer","expires_in":3600,"scope":"user-read-playback-state user-read-currently-playing user-top-read"}
Spotify response status: 200
Spotify song data: {"is_playing":true,"timestamp":1784231422351,"context":{"external_urls":{"spotify":"https://open.spotify.com/playlist/37i9dQZF1F5p3rmiWPIYgZ"},"href":"https://api.spotify.com/v1/playlists/37i9dQZF1F5p...
Token response: {"access_token":"BQDklmQ4F2nwVtLiADeDhY6kKl7jbcvId_AXw22IercShcNig2ojXQmfLNRHkw7IdMwfYaKdvEmyn0tIGludTEtkj8t1mSymzK7kKuXbIIg1aGaFMJKz3WdQnGhpj9Q1C8R0ygtEtUdeLfxxDUkv_iIynlCHRQoPw25OQqazdVlPooJeZ-Lf9OzB4rMoStrPcCVOvsRRsHpwiCocAjxm2OeKaAaMQosBw9VQAhneHUX_YMLu_ksPmG-z--jA-38F7D06OQ","token_type":"Bearer","expires_in":3600,"scope":"user-read-playback-state user-read-currently-playing user-top-read"}
Spotify response status: 200
Spotify song data: {"is_playing":true,"timestamp":1784231422351,"context":{"external_urls":{"spotify":"https://open.spotify.com/playlist/37i9dQZF1F5p3rmiWPIYgZ"},"href":"https://api.spotify.com/v1/playlists/37i9dQZF1F5p...
Token response: {"access_token":"BQBcrNGmoVp0k5-ULfj09QRO6k9OdyrS-28L5zrFKD7Q1x1snLbwyANqoPBswTCagO88ThyOngVQL5rxfRzh_Hpf5ysKYkbOk5G1_EfFgPzg7Dl8wTT0w77XiCwkXlJsCayOCAoz6cInBdqOC1KehNqHlbLP0XZxYDFeKqR6Dtf-O33va6xpLhML549hzUTDjpEJSb7kfphYANR3uA22lebJyAhHcbZ0CHD83um0Hlq-Z3okZmho6blxm1MsAkZHeTvv_g","token_type":"Bearer","expires_in":3600,"scope":"user-read-playback-state user-read-currently-playing user-top-read"}
Spotify response status: 200
Spotify song data: {"is_playing":true,"timestamp":1784231422351,"context":{"external_urls":{"spotify":"https://open.spotify.com/playlist/37i9dQZF1F5p3rmiWPIYgZ"},"href":"https://api.spotify.com/v1/playlists/37i9dQZF1F5p...
Token response: {"access_token":"BQCqbXJeevUVN_l0owKNqago_bzcLyO--DH8cICqpD8JHLbDI1PCNRFJujd-p9w1c03xJE-WC3H2bd92qMX4uuuSqlmeqOKpOJJ3R4PMuGiaeSxYbuh035sFtmlMtdfr9JSCJSerFIw2z08tQQsbimOFNCvP9dofmpYdhWwHyKVOJPc83Wm23D30kXlRx2jVGAr6m31xazJb8-lm-REk_jHgAL94Lkdvg6-wDL8Lp91N7vZtVkPDQuU84_GBHrFgOm9lJA","token_type":"Bearer","expires_in":3600,"scope":"user-read-playback-state user-read-currently-playing user-top-read"}
Spotify response status: 200
Spotify song data: {"is_playing":true,"timestamp":1784231422351,"context":{"external_urls":{"spotify":"https://open.spotify.com/playlist/37i9dQZF1F5p3rmiWPIYgZ"},"href":"https://api.spotify.com/v1/playlists/37i9dQZF1F5p...
Token response: {"access_token":"BQB4PaM1dtoL3b6mK-5P8YxQDZZoOpYs-pEfRESdH2atghchH6jJTr7MvwlDH2z8Ew9fsk487B4vRvKi_WlQDgrHcejjw8JYWtDBzXWQBbr_gLsTudeGVRsYJCWZk_va9wpVoahjtBKy0vxYBf9IHg-rnD0ugkTsR4ZeYhaRt-ouLw1Z567fhJbVcnZaTCkDUFGi9xUGV3UEN9VP79I3m28AjaMuPeHv40ss1cLwjZwpsWdqv1XDDobtcSVQl56pQP8pvQ","token_type":"Bearer","expires_in":3600,"scope":"user-read-playback-state user-read-currently-playing user-top-read"}
Spotify response status: 200
Spotify song data: {"is_playing":true,"timestamp":1784231422351,"context":{"external_urls":{"spotify":"https://open.spotify.com/playlist/37i9dQZF1F5p3rmiWPIYgZ"},"href":"https://api.spotify.com/v1/playlists/37i9dQZF1F5p...
Token response: {"access_token":"BQB41C8vjSFzPb715SDNUWQKkiHPs-Pm5hDq5wIUF-6gTHt7ABzTBbvfSBwxwDkqAN4EVPwmI2TFjcYsPQgDXJpOvJU-QEbP4d2lMOeF97NluK2pG0019IPUN58-uczIsct2WKdrtPNsXqEnRGl61AZHOsebY-WV2xhRg5op61sUn5LfTbj62dgUfFNf-rHNPxJaTlnGgWaCwALV3CaaDo7On3cQehamEvZFnoikPe0VE-V75RJXf7FXuknDi_W8UXYwmw","token_type":"Bearer","expires_in":3600,"scope":"user-read-playback-state user-read-currently-playing user-top-read"}
Spotify response status: 200
Spotify song data: {"is_playing":true,"timestamp":1784231422351,"context":{"external_urls":{"spotify":"https://open.spotify.com/playlist/37i9dQZF1F5p3rmiWPIYgZ"},"href":"https://api.spotify.com/v1/playlists/37i9dQZF1F5p...
Token response: {"access_token":"BQDSShNWLI27GFHrv1OUZDRLPrVrLwZwnjOBxUnfCOdl3q8ZI00S2emIzmdwCAqIX1UeMBV0j4uwgvTGDwE8vu5EsPRx0igk_YJsyzvd0uG-WYW56SGtZiDdhv2Vc8gfWO88pwzuTHezNweBjgWsEE9yFDQ3MhKWkpB4pSdJK_xC_BrVAITFr_ZWDZAZKHEXiZlYwaKlenUL_gvj9FvzEAupFtYdKRrGet90fPZnBE5g2puX60ep7XfjUTQoAquge6qr1A","token_type":"Bearer","expires_in":3600,"scope":"user-read-playback-state user-read-currently-playing user-top-read"}
Spotify response status: 200
Spotify song data: {"is_playing":true,"timestamp":1784231422351,"context":{"external_urls":{"spotify":"https://open.spotify.com/playlist/37i9dQZF1F5p3rmiWPIYgZ"},"href":"https://api.spotify.com/v1/playlists/37i9dQZF1F5p...
Token response: {"access_token":"BQDZ4bw2AC30FItvL3RCYOcy61rM3WC7x8dy9fYkIzLMEOGHKn1bTqKAzPdhtP4LmNW-oyss1yJ3l2DZN6GSMHbekYzvqpJYZuawOz8hmmTpwZHAw2Xgy8M2xor0AaJwQQ7gnKzesRdzSOJc6s8KX5CjAGkWYhmMs7kpjtLBxzx-nIvjhq4cJ6vA3uhwNmW3RWn9j5l_ANBqqZ_jWDlfMLojqHoMv5_SOncM-7bOCQWgwlY5HWs_Tg-EgyCw8hR96JvcAg","token_type":"Bearer","expires_in":3600,"scope":"user-read-playback-state user-read-currently-playing user-top-read"}
Spotify response status: 200
Spotify song data: {"is_playing":true,"timestamp":1784231422351,"context":{"external_urls":{"spotify":"https://open.spotify.com/playlist/37i9dQZF1F5p3rmiWPIYgZ"},"href":"https://api.spotify.com/v1/playlists/37i9dQZF1F5p...
Token response: {"access_token":"BQCkII8B_V7dnS2GzsMdCfAkXN_fyL7G1Mf0UFtEHkjYc61TSWGogLYJF2epEmgrwayZmAoa43nO0XaUG2DBTVJ5xu7ofwNT83hIPGX2yEoS74LeUkK5UfAW6EJXJYvCaE5gJph3c40bIDEQWHSIDicPOFao03Tdi49vsJ4vIPAkNWprYvTr1MoCpHEgHl9U49m4E1EwH6dTq954RGl-mCVr9uJWgRDz7XjZW39h4PZM7bpN1y-LexCGtYyXBSLsBLaDHw","token_type":"Bearer","expires_in":3600,"scope":"user-read-playback-state user-read-currently-playing user-top-read"}
Spotify response status: 200
Spotify song data: {"is_playing":true,"timestamp":1784231422351,"context":{"external_urls":{"spotify":"https://open.spotify.com/playlist/37i9dQZF1F5p3rmiWPIYgZ"},"href":"https://api.spotify.com/v1/playlists/37i9dQZF1F5p...
Token response: {"access_token":"BQBAjKvkj2ZbrCvTuysHf1fC7d5H9d5rGD4kbTN8FHshJiKND4IxIgOaXyUexEnoDTrmJvumhaKf-pFNBPf-G6Df6ip3kEd9jOFXpQVtpFnQCCn3MYreha-JRCMK9dSYoVy4Bgz_Q_gbhTBoLeKwwI7WSSQv3emc1Oga-vA3dB1_gs8ddrSgFySFjJ9zDG2y7UAAUJRoKOOAthzHjTDbx4wrdJBYtshNd2JDy1gdECQ96Jwbr6VqU0owoKw0kYZ4zeKElQ","token_type":"Bearer","expires_in":3600,"scope":"user-read-playback-state user-read-currently-playing user-top-read"}
Spotify response status: 200
Spotify song data: {"is_playing":true,"timestamp":1784231422351,"context":{"external_urls":{"spotify":"https://open.spotify.com/playlist/37i9dQZF1F5p3rmiWPIYgZ"},"href":"https://api.spotify.com/v1/playlists/37i9dQZF1F5p...
Token response: {"access_token":"BQAe-awFBfAYArlWHwVxobXiTbyGDsOumEJkXRkD5ulg1oNd-q2oTEL83IP41ukk-aWoZtERYkXOY5xPY0ao6lpyg2FvXhgWwxnqwHis7HAX45BCD9oQ8W0vOt8ihJ7FQVRJs0vGI6aHy7O63CPLyUThYIZDnpeart50ysXuc2ZlPR78PetpQeZxydWLEYxPoduwCr23fB8VKWigMZKSptZQ9qhuoLR4E7v309jkFr-IEeOGxo8VAhurkR4JeHgCsKaNtg","token_type":"Bearer","expires_in":3600,"scope":"user-read-playback-state user-read-currently-playing user-top-read"}
Spotify response status: 200
Spotify song data: {"is_playing":true,"timestamp":1784231422351,"context":{"external_urls":{"spotify":"https://open.spotify.com/playlist/37i9dQZF1F5p3rmiWPIYgZ"},"href":"https://api.spotify.com/v1/playlists/37i9dQZF1F5p...
Token response: {"access_token":"BQCNC_UIw4mPG51RhhX5cDnfKSBEBns9a5Q-cHzez69yToPlQ1A-27QpHhwCLluaTRkI7TCQ7cUS5tJx_0CitnOPtvk3t3ROIRFwlLV4tApmhXN3CsGr2q7BxVLUxData-dP0WcsSj-fgGydmdpzIffTctSC-iT-Hm0xhqWjTKsMsI4ONmSfHizGekZnf3YNfozn9VPrYzSDffJHTD4UjZpFiirYIGFWkrwS89xW4hQuUbeqBjuxQam-_yAr4mLx3lytmw","token_type":"Bearer","expires_in":3600,"scope":"user-read-playback-state user-read-currently-playing user-top-read"}
Spotify response status: 200
Spotify song data: {"is_playing":true,"timestamp":1784231422351,"context":{"external_urls":{"spotify":"https://open.spotify.com/playlist/37i9dQZF1F5p3rmiWPIYgZ"},"href":"https://api.spotify.com/v1/playlists/37i9dQZF1F5p...
Token response: {"access_token":"BQAymQwrrsXXsD1_0S-ZRwIOt6EPz9EvtwhWezFiUs7rbaMInc32rQouHrZaWyZQZKDt-ZYEMeHl_LL9zDut9i3gTQ08aFsGDXQyHQhrc0S3YLmB21zEkdNDDReWiwOvIuX-ujvjonIVQgi9R2XXFTHQUu05va6qvxI408MN8iKH6CkEwjsX9DmEr4llnXXsPozxTOY1e440OQ43MrJ_JM6qS-6yA_uRa4b9bNBn6r8X9KoQsYo-ZTnnQE1BCYGRmSckcA","token_type":"Bearer","expires_in":3600,"scope":"user-read-playback-state user-read-currently-playing user-top-read"}
Spotify response status: 200
Spotify song data: {"is_playing":true,"timestamp":1784231422351,"context":{"external_urls":{"spotify":"https://open.spotify.com/playlist/37i9dQZF1F5p3rmiWPIYgZ"},"href":"https://api.spotify.com/v1/playlists/37i9dQZF1F5p...
Token response: {"access_token":"BQC0RFneh41D_C4Xm5Bz-zft9nAwcfkYzXS50kDn87AWmAEipBfDl5ma1Eg7LzVQpFDp-Yap2L1MHVr-LR5cuLCkKMNb3TFZei0AvCxU51S7ILRWGawDv8HxIFJcLW8w4oSSWaAsSX9Jk3VxuxcG76z_PL2aZecdGS2k7qntHyaZhrcU0EoXVwKFs0gbbrSLwEIQimMiVxEQvn-n-AnTT_WLfN8RAKeqhzaeESuAhwtDLHLWuyxvc8z4F9NOVllhwayzUA","token_type":"Bearer","expires_in":3600,"scope":"user-read-playback-state user-read-currently-playing user-top-read"}
Spotify response status: 200
Spotify song data: {"is_playing":true,"timestamp":1784231422351,"context":{"external_urls":{"spotify":"https://open.spotify.com/playlist/37i9dQZF1F5p3rmiWPIYgZ"},"href":"https://api.spotify.com/v1/playlists/37i9dQZF1F5p...
Token response: {"access_token":"BQArnhP9ZzCmBzt2i2DUtEmlvvV8-hTojiOVHGhdxgVj-LN1ZjGKnFI-PE_XL3QPP_BUBm_JyErgNYiQNXPdOhFAD_B7Wxh3ef6kXPIV5odW96wTcEjYBYx2d8f1Enz7kCPCKZ39BiOZB7ipVXt_7FrYO384cxZVdq_xQhrn715KljCWZrPpQaVfL7BoCLBFVzj375dZM9oNGMlF-qOr8eElp4kC6pktXNSB_a-Ad8Vqii6h4ZCY_AG4Gntg6RCxWQXLHA","token_type":"Bearer","expires_in":3600,"scope":"user-read-playback-state user-read-currently-playing user-top-read"}
Spotify response status: 200
Spotify song data: {"is_playing":true,"timestamp":1784231422351,"context":{"external_urls":{"spotify":"https://open.spotify.com/playlist/37i9dQZF1F5p3rmiWPIYgZ"},"href":"https://api.spotify.com/v1/playlists/37i9dQZF1F5p...
Token response: {"access_token":"BQCuuGQ5LJPRIb7cCMgeKythe7mE8ZSSh3h956n-J9aTiBMwGo4Ri0ZLTgjCc0y-BHs_RWmhWiJBcdC7gkSMXbBK55-9RRhR0Gr6TiXOGtaJKI45Lvcb6knJwiuaGHOeBGs12BzDGTeQB2Ou0SQXin5ffbI16GpOEPOpInqE6xlYb01kiXsFB5JUUNKbEetwFJHpTXQjgyM4I3I6qumvzXzcvKA9ovpOq70weArIJsscRiAr0-fCUoHKHRdTcOZKf4pQGA","token_type":"Bearer","expires_in":3600,"scope":"user-read-playback-state user-read-currently-playing user-top-read"}
Spotify response status: 200
Spotify song data: {"is_playing":true,"timestamp":1784231422351,"context":{"external_urls":{"spotify":"https://open.spotify.com/playlist/37i9dQZF1F5p3rmiWPIYgZ"},"href":"https://api.spotify.com/v1/playlists/37i9dQZF1F5p...
Token response: {"access_token":"BQBKlDfQVeMVBZMZqbFkNyES3j19aUJilA1fNQ5UaW_vccJE_CpwdQ5T5FnuaE1ICdUqmlZ5kW-yhHaVtxTO_W-vpMIMRzunhHpmczRcv7Nl53e3o2r7Of9mlTXVFGUAbJx4X-z9AWc1jnfv4V4hfCUDoUrPWVmpcJzwfCWMKMK7QY5cu3Bsbc1jEG1EJoHRy934iWrRj-G2qAbJIHprK4BSaOmPq_U9xRKJKT-bHpdcd4D25oG70wrv09PsP2BOjNss1A","token_type":"Bearer","expires_in":3600,"scope":"user-read-playback-state user-read-currently-playing user-top-read"}
Spotify response status: 200
Spotify song data: {"is_playing":true,"timestamp":1784231422351,"context":{"external_urls":{"spotify":"https://open.spotify.com/playlist/37i9dQZF1F5p3rmiWPIYgZ"},"href":"https://api.spotify.com/v1/playlists/37i9dQZF1F5p...
Token response: {"access_token":"BQBnpftlB96trKsU4IenjjaR86leSZHGPEGhDfyaPPj3Nv-353S2c9jipAxq63jMhHnR11A5IOljC3uLTFASaXb1Rl0s_3U8wBZ3On-rk2q34DcV7gSiPg9IstD4-A3-MIqpqYtmJQJQo_PqumYZIXWoY1OH7ySE-aCFOki3qlSEKZOQvcj86qOq6V16tmltnc2LpgTLSGlE9mH9ufhtA9Vj_yRCoKRp4iC8-34ynELutscL12t9EvAD_GKkLY6CWAWJpQ","token_type":"Bearer","expires_in":3600,"scope":"user-read-playback-state user-read-currently-playing user-top-read"}
Spotify response status: 200
Spotify song data: {"is_playing":true,"timestamp":1784231422351,"context":{"external_urls":{"spotify":"https://open.spotify.com/playlist/37i9dQZF1F5p3rmiWPIYgZ"},"href":"https://api.spotify.com/v1/playlists/37i9dQZF1F5p...
Token response: {"access_token":"BQDTDvwqHkeREXiVq0gBjsNFIMMR3wgt-Q9jyUvdxC-L45KOYv60ulEqgSOGpl-7fXmSkYus8bEzngMH0BkD16wLBhUr8eqeyQN0veyu9AeRCSMGy6Z2kBJWFtMtuiuPurob4WTtzctJ_lCt_-7s0d_vxE1QOm5Wixgmcpbe5f0SXDnAVELEAtXYxfapvo7vXB2O1CI-sGTci7-m0k4BTltPaeppKf5gFCmnmlB2VKcZvbpq1WzFaP19C1CNRCt1XnBO2Q","token_type":"Bearer","expires_in":3600,"scope":"user-read-playback-state user-read-currently-playing user-top-read"}
Spotify response status: 200
Spotify song data: {"is_playing":true,"timestamp":1784231422351,"context":{"external_urls":{"spotify":"https://open.spotify.com/playlist/37i9dQZF1F5p3rmiWPIYgZ"},"href":"https://api.spotify.com/v1/playlists/37i9dQZF1F5p...
Token response: {"access_token":"BQBsS9EkHGXPMW0OdZKEYGB1ebAUi4OlL7muqDtONhJH85I_DZ3y9Hjo6nIF8JPgqIYvxWd-0_T6k9PlvuW6cxkQHCntaJHq_1FDYxs7fDop6vktvrUbQeVXzaBHyWgWUXUy45YJuMIE2FgcjO0_tVTKGVMTCNLpXWJBpT0ZtasafDIjgaI03n4SArajoj5QZbR_FPrrm59bZEbv_2_rPEfjaYAACOyXxt9wlUJV3Bv2LEYGecdOmUSpybME5vU2EwljCA","token_type":"Bearer","expires_in":3600,"scope":"user-read-playback-state user-read-currently-playing user-top-read"}
Spotify response status: 200
Spotify song data: {"is_playing":true,"timestamp":1784231422351,"context":{"external_urls":{"spotify":"https://open.spotify.com/playlist/37i9dQZF1F5p3rmiWPIYgZ"},"href":"https://api.spotify.com/v1/playlists/37i9dQZF1F5p...
Token response: {"access_token":"BQAtLPTEEudbNmHlMy2m5-DUH1lYYvmZURspLDPf_U3D4s9AygeLsz9V_dRCiKNGe6ZpwA1UNSwPXBmaSg9CT9iSQd826ZHTVfcZ12uXF0OUCgCLjQmYBpzQmljHQAM0M9aRPKb666W8GWXEF56rjtJyYZY5F9WJZrb2A00KfSFfVtO1AOKdyibW8gvJwpqqdVP-M9K2LGJYFRQFaunzr73hkZjQ1R9fiQhUAew2AkE3ZcjkS_woYaLDdfOGcy2mjhejVw","token_type":"Bearer","expires_in":3600,"scope":"user-read-playback-state user-read-currently-playing user-top-read"}
Spotify response status: 200
Spotify song data: {"is_playing":true,"timestamp":1784231422351,"context":{"external_urls":{"spotify":"https://open.spotify.com/playlist/37i9dQZF1F5p3rmiWPIYgZ"},"href":"https://api.spotify.com/v1/playlists/37i9dQZF1F5p...
Token response: {"access_token":"BQAW4-tMoc0Cy4tI3BOiShZgi1bFB3LS-UYHbWU5FNQt95S8B7jr5ERGC_9yS-lP7CoJegoOhM18_PCSUO5vs-i1nWvgi9m5gGJ8Ag4qNmaizzVpedX7uNQQDsVWgwmhSIL_tHKUZNCrzteLCbxwANOg7myXn9QZWoITvI1xsaqUss5U3pKOFfw6fDHewqJfBKD8Bw-BxypT6xx-UatJFYIj8z1RByPxG8eMBQCrWIJv0phMnmWmQU2jAF4V1ucaxU6waw","token_type":"Bearer","expires_in":3600,"scope":"user-read-playback-state user-read-currently-playing user-top-read"}
Spotify response status: 200
Spotify song data: {"is_playing":true,"timestamp":1784231422351,"context":{"external_urls":{"spotify":"https://open.spotify.com/playlist/37i9dQZF1F5p3rmiWPIYgZ"},"href":"https://api.spotify.com/v1/playlists/37i9dQZF1F5p...
Token response: {"access_token":"BQCFnk6hWroz3b9KOJHeCrmz-jx8TmJOd9kND2YQ2J0xunFlmX0TZwoZxnU_0bDpJIDxXBaKJfeBvyKu-yQ95vIuneEoKd-CcqbNKITBLW9_VcCS0CeON5d7u078kHjUkcEbsDfQ-wB6CrdcnUajrICyDV-TAb0vthjrhC68n2weJTBXZD-WkkshrqRv9aEO5YGQzwiXdE89XNHbvjURIbNiWO8m4DJR06PuwLTT3EeH2c3DMxPArV1SZw-sywIgqPs0uQ","token_type":"Bearer","expires_in":3600,"scope":"user-read-playback-state user-read-currently-playing user-top-read"}
Spotify response status: 200
Spotify song data: {"is_playing":true,"timestamp":1784231422351,"context":{"external_urls":{"spotify":"https://open.spotify.com/playlist/37i9dQZF1F5p3rmiWPIYgZ"},"href":"https://api.spotify.com/v1/playlists/37i9dQZF1F5p...
Token response: {"access_token":"BQDdxLbNc83tjn3ypJJ6p3kzSKEdK6Mm8Zo_2cMb8p2n5MAWZIa7EPt-c9yMLwjOZfHcQLHxaqZP9T7lPjfwn9M-UDgq7kDYlY8dOLXHzbLbXpi1u722g5v7BVKCgMZSGz4ERs965ceqheIuI-N78gLsVDIBCsMJISl3zZnoeL9nQUkaJ_38a_s4JRdrjJjrIkkIPlohx6fsciwyEKjqtGu7DtGnG7gXdGTjfKZPxwmlzo26dFDYJMPoISfOd1ufTzeiqg","token_type":"Bearer","expires_in":3600,"scope":"user-read-playback-state user-read-currently-playing user-top-read"}
Spotify response status: 200
Spotify song data: {"is_playing":true,"timestamp":1784231422351,"context":{"external_urls":{"spotify":"https://open.spotify.com/playlist/37i9dQZF1F5p3rmiWPIYgZ"},"href":"https://api.spotify.com/v1/playlists/37i9dQZF1F5p...
Token response: {"access_token":"BQDYdh3VSkakkhM4j3LJ1uCCBCwEBnX3ghvDEsdV_OF85k4QiZjrtMPsJV0YSWhl4s8NArv2d1hinwxbjcr7lzqz6_xKwgQ-RVpGPvJpfkqdI5kkQ50GcwFrwr3KsRP_XKCtb_SRMa_YQ067V5USX0Vk3BPl0rmH0ZAgngfOaZZ6kDWTqYbowEyMN7eDBVl0iklK1jhPHuHCFudid5xedgDBf4yp0OBNFqClatgviMMcOedtNgyr8hTYznWk9dPAE6tyXg","token_type":"Bearer","expires_in":3600,"scope":"user-read-playback-state user-read-currently-playing user-top-read"}
Spotify response status: 200
Spotify song data: {"is_playing":true,"timestamp":1784231422351,"context":{"external_urls":{"spotify":"https://open.spotify.com/playlist/37i9dQZF1F5p3rmiWPIYgZ"},"href":"https://api.spotify.com/v1/playlists/37i9dQZF1F5p...
Token response: {"access_token":"BQC32Vc6_K8uaYmupKb_1BcNaZySirbdJfmTU4_MTWbH9KO3UoNytMmiAi_42JxMi4ppg9Pl2g6yLB18KPBsBBmaCoz9mdlOrhMyJHJNmXPFrOMjK863hOkFewaKk0qJ6zd_OYc_dgOhB20pb0bQM9f_ymkljtkidVV1fC0ZX0K99HswK-_Ox_xHuN1U2j-q5YN13-CwG1lLwI_jBPFueDddNFjcVbq-DWLPHms3NghOAgZElxIxM3lbBmwoLr9HKIBHEw","token_type":"Bearer","expires_in":3600,"scope":"user-read-playback-state user-read-currently-playing user-top-read"}
Spotify response status: 200
Spotify song data: {"is_playing":true,"timestamp":1784231422351,"context":{"external_urls":{"spotify":"https://open.spotify.com/playlist/37i9dQZF1F5p3rmiWPIYgZ"},"href":"https://api.spotify.com/v1/playlists/37i9dQZF1F5p...
Token response: {"access_token":"BQBrUSyW_1LqctJvaRpC8JVVMt9M9jNkI6ihr-L2qB2csimskEl2H65efaoG_NdQWZgeqAh7Q8eNk8chfR_QkNKzCmkNxlwyHhGlvS5yniCgDxaMzAITgfdYxKPe6RYh5ACr7DKYtjl33_OV02VJoZrE7159HLzIK8vXSYO6RtRoFifUxTu73nKlFwuGQMYXwIccPl5GqNRfZZpMh5vwyAZwosiNITeFArJcjlqhHw_vNrah8rpwoLi7l010GxGyTKUEAw","token_type":"Bearer","expires_in":3600,"scope":"user-read-playback-state user-read-currently-playing user-top-read"}
Spotify response status: 200
Spotify song data: {"is_playing":true,"timestamp":1784231422351,"context":{"external_urls":{"spotify":"https://open.spotify.com/playlist/37i9dQZF1F5p3rmiWPIYgZ"},"href":"https://api.spotify.com/v1/playlists/37i9dQZF1F5p...
Token response: {"access_token":"BQB8Lq7GXB6ds-i9NGW-oJQL1iD4i9tGJwpRmNPjZKa22FNZ8X8TD99SLzI9UdAFgt9nApoaW-PFbUj8m1rqqLsSYy9EKI47d1MnEC8QEjf699s15i0p88ZR2e0r4sgNkkgYnIVu_nqPCwnLwjNLs-U0R6mGtcOA3AYbs5V1-1uNSR05KJO-OyfMmI_A-jpnn60jrU1EvnJPiWu9SbB4ypNOYs9krhsCTrHOZOv9iPEueUJFrfASAGdTlTJ-nsbd5HAIzw","token_type":"Bearer","expires_in":3600,"scope":"user-read-playback-state user-read-currently-playing user-top-read"}
Spotify response status: 200
Spotify song data: {"is_playing":true,"timestamp":1784231422351,"context":{"external_urls":{"spotify":"https://open.spotify.com/playlist/37i9dQZF1F5p3rmiWPIYgZ"},"href":"https://api.spotify.com/v1/playlists/37i9dQZF1F5p...
Token response: {"access_token":"BQCaM_O0yjDUydtPS8jZIWsBOGU-Kf3nE5hRXw4AsoRaZF1rfzov6-ucWx2x5FXBCdmFiLRlImSr2jGK6jsViuoeKQFXN_sB3jm3FRkUEfVYUE5mrS3fZqvpHCYqlcmFR4GPTj4MLdmwU14mGkUr0JcsFphpWXxjgQivNf2G1djQRaTCEJIt3RqORdHZaPU_0p2zwIMTaumq0b2SVPr5SLiXIw7W3tUQOho2fIpVazJejHj-O-4EJXgJTsSu_Fujo9duWg","token_type":"Bearer","expires_in":3600,"scope":"user-read-playback-state user-read-currently-playing user-top-read"}
Spotify response status: 200
Spotify song data: {"is_playing":true,"timestamp":1784231422351,"context":{"external_urls":{"spotify":"https://open.spotify.com/playlist/37i9dQZF1F5p3rmiWPIYgZ"},"href":"https://api.spotify.com/v1/playlists/37i9dQZF1F5p...
Token response: {"access_token":"BQDmH-jW3ABi9TTTxf-Aqla3gQQ2N-F1uleI81i742-pwZquhUwqi7RnpHgPp5A6193e0GqA36xfTJcF-5AkhgoaEWSxkH2eDR7cCMLRzewLxFy3mrsRtJmugne4GrwqBlk8S_2mD8lBP7J6MKfRCfXjbbbWaXPsSZDmwtHAhnQXGyqRlC-_8__FaMd4TTC816fqac5y_2DTmPBNcww-yimk22E0rGjujGrUtNtYiiv4vasKya8QeyKCL9DJzKRcePyg0A","token_type":"Bearer","expires_in":3600,"scope":"user-read-playback-state user-read-currently-playing user-top-read"}
Spotify response status: 200
Spotify song data: {"is_playing":true,"timestamp":1784231422351,"context":{"external_urls":{"spotify":"https://open.spotify.com/playlist/37i9dQZF1F5p3rmiWPIYgZ"},"href":"https://api.spotify.com/v1/playlists/37i9dQZF1F5p...
Token response: {"access_token":"BQBy7FzVebkJam5Z9qNskTkFNFSyt2zepdPAGpSBhtouh91wF02qT-RGNcCAMtW2BIxaWCiuilt4_gXdj0vB60eMLMUZcVDfTiFh6fRPtp9iHQq26_H1csbyk0NM99GtM-EZ8br8xKizElYujZ4NVqlTmPoY13GtACR-PXZiyznLq-e-VhoMlgHeGW2N0HBEHWnnjReoO-Q9bGfDdubFGRSgBH5eQ2no8bzrzZNTqHeusUI5O__mixtV_Sr-C3rKr72uaQ","token_type":"Bearer","expires_in":3600,"scope":"user-read-playback-state user-read-currently-playing user-top-read"}
Spotify response status: 200
Spotify song data: {"is_playing":true,"timestamp":1784231650107,"context":{"external_urls":{"spotify":"https://open.spotify.com/playlist/37i9dQZF1F5p3rmiWPIYgZ"},"href":"https://api.spotify.com/v1/playlists/37i9dQZF1F5p...
Token response: {"access_token":"BQBlHWolgevkHUWwnjWvlrePfkuk020UgV8lfK9oL7bRV98583mBObDQLvjWRjF5RWxmvEQRsA0gMz-L6F229Nhwgw8liJgmMNpKCtL1uLS30otc834SchpBahG8CDvK3NhnSlEBIiVsJcG-yDWYWq9z2rvzO-yJ0jKj6OlJcbJNfY8r3_Ut9fApET1IoUxWOjoOI-rSFPAuwfyp67t1ltyqdE8ts_xxbfx-IxcVaErU3StYDK9OaoTLGnFzGqxuoh--dg","token_type":"Bearer","expires_in":3600,"scope":"user-read-playback-state user-read-currently-playing user-top-read"}
Spotify response status: 200
Spotify song data: {"is_playing":true,"timestamp":1784231650107,"context":{"external_urls":{"spotify":"https://open.spotify.com/playlist/37i9dQZF1F5p3rmiWPIYgZ"},"href":"https://api.spotify.com/v1/playlists/37i9dQZF1F5p...
Token response: {"access_token":"BQBc3IdtECIZSI0hkv-a4bUsyYb3VkVRFWCflZ0zVPqq6o5cclQBv50gFw8SRhxXpXV5Cq3SmLww-x0J-PY0_Z5a3yopJW3IrHtipDhG_GUP90v4T4wLjsXc4wn--TMprUSIyPvfnYoHTvcL0pMKP8YONlTNsiGi6CBeyaBwE04NwUiSWMGOSPYbEHz5L0KDf-mUs-dyUUNVF7bPfc8HoGKWg1ieB-Fn0Zdj8UWhRCO4n7lAtBKDrNNxbW6IoIblcX-UOA","token_type":"Bearer","expires_in":3600,"scope":"user-read-playback-state user-read-currently-playing user-top-read"}
Spotify response status: 200
Spotify song data: {"is_playing":true,"timestamp":1784231650107,"context":{"external_urls":{"spotify":"https://open.spotify.com/playlist/37i9dQZF1F5p3rmiWPIYgZ"},"href":"https://api.spotify.com/v1/playlists/37i9dQZF1F5p...
Token response: {"access_token":"BQBoPnLrHOz6FeLYnd3MtIazJ5R8WRlgVSRaeN9o2MA77dLzOJbGDx9w7xnTxW6nUfO8Hd5ENxuyUCKRhIVValIiBZMop8kwTqJ1XjERKMyLcqknSi_3jqAnSkwvm_Xm1jWnV6V9XGR8Tk1zlW0HkUDbpVK9QMtRRoxaAGE74Jr0YuQARGep1QQnBuJAklcqLBU--V0REcrCXlQOSBCbvm7jLqsA5Urt_ZDo6cs3TAlnyPPmA7xRqfK4XYNRSiHkJlUw6w","token_type":"Bearer","expires_in":3600,"scope":"user-read-playback-state user-read-currently-playing user-top-read"}
Spotify response status: 200
Spotify song data: {"is_playing":true,"timestamp":1784231650107,"context":{"external_urls":{"spotify":"https://open.spotify.com/playlist/37i9dQZF1F5p3rmiWPIYgZ"},"href":"https://api.spotify.com/v1/playlists/37i9dQZF1F5p...
Token response: {"access_token":"BQBvGmGW6ALmyG_FFmMiEH_PIq9nScVG9nOmkSN9yt2rV3-iF-6d9YgEl975_VvL9WBfx2SxhzxxCtbeJMC0QO0weu-E2Q-xnHqBXS4K-eBfBhpGo82_Ri-Y1WPAlJL2tGE9kWz2eYSWCgGEdnwyPoL2CnkmPGVZ9isHyD5q7eUdugkfMPymW8xQsRTeG8oscuXWlhWURW2sH0xfkdvE5Q2iJhKhscKJ3I7B0q9snmy1lNXpYnWD4iHkvhGZdovaMCLCHw","token_type":"Bearer","expires_in":3600,"scope":"user-read-playback-state user-read-currently-playing user-top-read"}
Spotify response status: 200
Spotify song data: {"is_playing":true,"timestamp":1784231650107,"context":{"external_urls":{"spotify":"https://open.spotify.com/playlist/37i9dQZF1F5p3rmiWPIYgZ"},"href":"https://api.spotify.com/v1/playlists/37i9dQZF1F5p...
Token response: {"access_token":"BQAQhBv7yOmttaGv70SMQeAYDapI3eSSISSHW5YcGQ_FSt9fKf7oPmjvGD_1qP0hrXcHgC59msZtjN01f83xc2DS_fy-_NJYkMPnyB_Rizd0-JKb_DW0Y-2ulpZ3692Z23Thc5lRj-rCix2CfdnIP-dZvlul21tYm14yv5jvST_cLi87bSz4-SZ3xGa2_FegPprR5g7KAtv2LG6TIVansNl6PDJJip6FCG0f7pk3GqHQ699yeCZsYh02sP1gUkY9UuF-kw","token_type":"Bearer","expires_in":3600,"scope":"user-read-playback-state user-read-currently-playing user-top-read"}
Spotify response status: 200
Spotify song data: {"is_playing":true,"timestamp":1784231650107,"context":{"external_urls":{"spotify":"https://open.spotify.com/playlist/37i9dQZF1F5p3rmiWPIYgZ"},"href":"https://api.spotify.com/v1/playlists/37i9dQZF1F5p...
Token response: {"access_token":"BQAASSfPjYvT41Xd-hJTNVh-9g8HIIQIvuVI-xj5G2AJ2TbuvLLphb6nESh8cBMSypAyuAXK0FD9Wrty_m23ZCOJoLKVXwsJl07lW0jaCNAM_S4Df5zKlDg7rfMfvcHOBWFh2wJFsuZGJux-i55x7TrYAIyaaJgGT3DfrTZuFPksWMhhgxgiCzqLayhZdURMh34l33TwJhjqtwh8sx6e61V3olhowQ4ig-nVX_XJ7TRkYmZEU58j1oasALnfrwhdyUs1uQ","token_type":"Bearer","expires_in":3600,"scope":"user-read-playback-state user-read-currently-playing user-top-read"}
Spotify response status: 200
Spotify song data: {"is_playing":true,"timestamp":1784231650107,"context":{"external_urls":{"spotify":"https://open.spotify.com/playlist/37i9dQZF1F5p3rmiWPIYgZ"},"href":"https://api.spotify.com/v1/playlists/37i9dQZF1F5p...
Token response: {"access_token":"BQC9GiWhkqjfFN6cWAReTQe2h7UJ5j6fMSNMSu_nyAeSV2alq3zfIFZZeJ6gdZCMA5OekncsczJRcZ7HH3Fq4e3YgrcVlRI4ncGVN_Q8fGlrR5u2hNDoGkxofYorIi_Y30iRb_voM5DKnXYqh3E1HPAdxcpH4iSREcMNOYOCfdvqKOiEwqHYxSrWG-KKErX8ZJ00-XklkClT3Mlqs7PjUoSK23msrWA1ZMHOB9-1dZ4uG_6mpdC1gH8oEiBE2QjjajATMg","token_type":"Bearer","expires_in":3600,"scope":"user-read-playback-state user-read-currently-playing user-top-read"}
Spotify response status: 200
Spotify song data: {"is_playing":true,"timestamp":1784231650107,"context":{"external_urls":{"spotify":"https://open.spotify.com/playlist/37i9dQZF1F5p3rmiWPIYgZ"},"href":"https://api.spotify.com/v1/playlists/37i9dQZF1F5p...
Token response: {"access_token":"BQD9YZNrPYBD4bh3W22Z0M5DizTUmhQM31xVsyrYdzC7tuof7Fl07Zqrs6GvXISd1PJDHZBRUPpq4sM6gUeFkbOKUtszvOEt6P-oWHarTak_T1v50cZy5IjQLEnLanF8DS-OfWIu6aVX5JD8nzku3t1nELEwEe4rpUEHji5LDJjMFVhOBqGg_G5j939Nwbo5oWK_mc01PYBF3qdJFWXYomR7mpLZHGvW_KZWTT8t1QvkVQvn_p-E5nXQ0lydqamnrY9GcA","token_type":"Bearer","expires_in":3600,"scope":"user-read-playback-state user-read-currently-playing user-top-read"}
Spotify response status: 200
Spotify song data: {"is_playing":true,"timestamp":1784231650107,"context":{"external_urls":{"spotify":"https://open.spotify.com/playlist/37i9dQZF1F5p3rmiWPIYgZ"},"href":"https://api.spotify.com/v1/playlists/37i9dQZF1F5p...
Token response: {"access_token":"BQAX-skRafBkqG0nnJO5AcusB0uck3VfSSr3nFLlSpP9BDg83kLtekHCfVJrkhgYZoQEU1dmKZMx3fGM74wl39QqWQlQ7KMzRyra7IEFQASXfUGSWbRNAOvgKnSSXKfgE7pllJB1pSefNY-4gNdbwPxhD6BKRClsCpuTdxyzPsucUcffNXt81GmhX8t3cKmMRgc57qtoF2lbCxdqiAfKvR53sYwqg4cWrL9d-UCPz3IwU7xmivIHJ_S-MwsGij1B4Y4UUw","token_type":"Bearer","expires_in":3600,"scope":"user-read-playback-state user-read-currently-playing user-top-read"}
Spotify response status: 200
Spotify song data: {"is_playing":true,"timestamp":1784231650107,"context":{"external_urls":{"spotify":"https://open.spotify.com/playlist/37i9dQZF1F5p3rmiWPIYgZ"},"href":"https://api.spotify.com/v1/playlists/37i9dQZF1F5p...
Token response: {"access_token":"BQAc8yU_oJ6cmEPD9kQEtJxPjltu-yWCL_LZ5xtPoGH3adzjpnXH8otbJo_eYRz2661jPtEAsvoeMWOgetaPnsuSaVSusaOPWXpIGlq0Kh1nFnTXDMSekkYY6mAVuKfp2TmS46Cvx6zJ0RMTcoTt7JPS2ushZgjZtEObHvx_DAtrQXyo4wQIWGodCFAL1GYmBtENVj0W3HGQrcoWgE_sGDbSnsdLd3-xhPGjwq-eLdB0h8yIm4VC_VRtDt4xiH24qjiRRw","token_type":"Bearer","expires_in":3600,"scope":"user-read-playback-state user-read-currently-playing user-top-read"}
Spotify response status: 200
Spotify song data: {"is_playing":true,"timestamp":1784231650107,"context":{"external_urls":{"spotify":"https://open.spotify.com/playlist/37i9dQZF1F5p3rmiWPIYgZ"},"href":"https://api.spotify.com/v1/playlists/37i9dQZF1F5p...
Token response: {"access_token":"BQAsLbGtpiVs3Nml5HKU5xJljnopTXY7n_kZwetifU1nR0p1iY9d7GCa5IxmJ_Q3lyu59KYuqxGK9CvIAwZmcM-meqBJyMaFjWyJjkWq7sJxGrHqa90RRn5iseQSZzdtIGY034k2JCROie6ClRPKD7an9UxEopJAF3ZGDgsL0aOYPetqoAwD5MG8pvboiMFFHzsJ-qlWIkbseMQliX0Go3FPH7kH0kb0A7Tj8QpmaoL1dKOz8-OFtXdOvvfMyxCCQnZqeA","token_type":"Bearer","expires_in":3600,"scope":"user-read-playback-state user-read-currently-playing user-top-read"}
Spotify response status: 200
Spotify song data: {"is_playing":true,"timestamp":1784231650107,"context":{"external_urls":{"spotify":"https://open.spotify.com/playlist/37i9dQZF1F5p3rmiWPIYgZ"},"href":"https://api.spotify.com/v1/playlists/37i9dQZF1F5p...
Token response: {"access_token":"BQClXyBZ3O_t5tIbOIw11xHhRC0ECkGglkdMKaqwBTzqKjYuxeklTb1SuzOtopiw81UiyMHoRpiHOlElvLo4hYEdNPNY_HRyrutGWrJd-cfVIhG-MtMlKrS-hGKOmZSctcZ4pK8IgE1ysM1D6LR62GTcH75u27A8naU85XgAHtopYq8Uw4UpMvh8eFMoSemSCIPqvFH6iyPZKJ1SatDSlca_UZew_6cpfNLIvt4yBOQ-HDHiJ0vW7JPY4wZWlEDuQrNDvA","token_type":"Bearer","expires_in":3600,"scope":"user-read-playback-state user-read-currently-playing user-top-read"}
Spotify response status: 200
Spotify song data: {"is_playing":true,"timestamp":1784231650107,"context":{"external_urls":{"spotify":"https://open.spotify.com/playlist/37i9dQZF1F5p3rmiWPIYgZ"},"href":"https://api.spotify.com/v1/playlists/37i9dQZF1F5p...
Token response: {"access_token":"BQA0PhzmEKI0zN1Vgma8RvKIL8aAWA9oFx_AaBBdJitUlZ041vtFuAHcFE7Ih52183GD_GXQiBHUB37eY9geit5v_PKplkUnJet6BLaEc_hfpLpB6vsUgMi9TxoMxaR3-2xrWueOUpQdZGltqmhIM5E8fxeKnLS9p18zFQDeAcQ9-7UU3s-4LJlaKPLmMV2TD-MtgGyFcjX1s6pTZO8vohvfVh2xIE5hundZHIVDgU9CORRpYOLR-IO_yqyGzbIBwCjcpw","token_type":"Bearer","expires_in":3600,"scope":"user-read-playback-state user-read-currently-playing user-top-read"}
Spotify response status: 200
Spotify song data: {"is_playing":true,"timestamp":1784231650107,"context":{"external_urls":{"spotify":"https://open.spotify.com/playlist/37i9dQZF1F5p3rmiWPIYgZ"},"href":"https://api.spotify.com/v1/playlists/37i9dQZF1F5p...
Token response: {"access_token":"BQATFimaLbHV2N9KB5UPvKR-5cwgzqXUuoqbX_zGhA-1H62bbA5avcz0_qLTM2ZgFK95EGH6g6uM-48dLhsDviF39ZhWIivZzFdRQvbf9CV8VzT5ZCaYo4U-CpN44sR3pGesGzJ96W6FqjC8OyO317KtaWfgE_HvczY0Kb5NpYiFjNk24vP0-C-1Vybhr-VRCga7jQcsDdeSxXAHf7hoIiozaZRKk1D1n1zf3CvLwhV22NmBQY62aKIF74V8HfatQ9Uyeg","token_type":"Bearer","expires_in":3600,"scope":"user-read-playback-state user-read-currently-playing user-top-read"}
Spotify response status: 200
Spotify song data: {"is_playing":true,"timestamp":1784231650107,"context":{"external_urls":{"spotify":"https://open.spotify.com/playlist/37i9dQZF1F5p3rmiWPIYgZ"},"href":"https://api.spotify.com/v1/playlists/37i9dQZF1F5p...
Token response: {"access_token":"BQAy54hWG33wgZkdrn8FR2wqJD6cPJuuhgxV8K6-Ln8rQiwKo9ax9oboO94dWgaT4GWfB_HHHVQ_w5jaZ6rImicfuj_wUsNs7k9iHUqngT6SIhf24UslS3ZXCpPEuy5BjpDoobCdiJzak3eWJAao31Ik1hJYnhidu9ce3gfPRynv0WFBo6-9kxC_KF3WwOUpijL7jHv0cF-Du0yU_PPKy8xBbu8ZuZ2ONCw9oqmmyqF1TOoASLUa8hGmLDckjCj7FSEyzA","token_type":"Bearer","expires_in":3600,"scope":"user-read-playback-state user-read-currently-playing user-top-read"}
Spotify response status: 200
Spotify song data: {"is_playing":true,"timestamp":1784231650107,"context":{"external_urls":{"spotify":"https://open.spotify.com/playlist/37i9dQZF1F5p3rmiWPIYgZ"},"href":"https://api.spotify.com/v1/playlists/37i9dQZF1F5p...
Token response: {"access_token":"BQCifacjah_snQ6VyhNePTIt_RDtGXkg0_sT2OmWMcdKHQxjPfZaVanSvSpwSqZlEfN4Ef4sS_FDF1MgXHyK_FVs5EnLSG-cjOOG6krjMsn3ut1LbHY85LK4Yrm1r2WlmpEE5N61Fn_KlzbaHJymjI4b8EpsNoRDKwHtgY6o3dbKd1c-Lgg47qs4yFYLRLYI3CxdjXfI5YwofHAPTmMlTq0FKUKe-J-L9UUn5nNr9eoVTWUmjFlCJkEW2PI3ZReWvlKivg","token_type":"Bearer","expires_in":3600,"scope":"user-read-playback-state user-read-currently-playing user-top-read"}
Spotify response status: 200
Spotify song data: {"is_playing":true,"timestamp":1784231650107,"context":{"external_urls":{"spotify":"https://open.spotify.com/playlist/37i9dQZF1F5p3rmiWPIYgZ"},"href":"https://api.spotify.com/v1/playlists/37i9dQZF1F5p...
Token response: {"access_token":"BQBeKsVYUncLv4gzhIAhPe-mEOnB19ZJUh_Soq32mcMCpAnNL_q8FWfxZFFph80mnhouh1fO-bcWXdGl4bKJ0B_d413F7ZqL5RxJWvWbVCoXUi3am5JCNDc97eNEmKQIcEUL33kKnCHIbsbwRGFKBi0zaoXUq-dP-AJyUBSrB5GH7TxAl3ibkDk4jJveqHZWwXJERY0828QqARAp7RkQhhilQYO5d5L_RtXXl3lYpcQxDbye51hEVS2M_ovljTY5tVsUmQ","token_type":"Bearer","expires_in":3600,"scope":"user-read-playback-state user-read-currently-playing user-top-read"}
Spotify response status: 200
Spotify song data: {"is_playing":true,"timestamp":1784231650107,"context":{"external_urls":{"spotify":"https://open.spotify.com/playlist/37i9dQZF1F5p3rmiWPIYgZ"},"href":"https://api.spotify.com/v1/playlists/37i9dQZF1F5p...
Token response: {"access_token":"BQAf3IY6yFmGYvRaWlbiluNB5wQZqJHLIYEsEPEC1gOAPwdZ_RSpEhdu63VQEPr_91p8Tw3SuZEQud_zj2xo4WFmATgbD6On2B5dc7E2ooS2XB1IhQZYQ21lkpjvQUmWGMzqahwyG9aVtHFOLLajNOc4Q586ETWjww2vA8naPD6hAEMRSHDk_1ZoIuJ54chF3a1wJ1_0vqBNqLo1eih2HcHZa6xfFdU2y060P9O_DIf0-6EYUhCN0IJSzsk7svrjSJk2DA","token_type":"Bearer","expires_in":3600,"scope":"user-read-playback-state user-read-currently-playing user-top-read"}
Spotify response status: 200
Spotify song data: {"is_playing":true,"timestamp":1784231650107,"context":{"external_urls":{"spotify":"https://open.spotify.com/playlist/37i9dQZF1F5p3rmiWPIYgZ"},"href":"https://api.spotify.com/v1/playlists/37i9dQZF1F5p...
Token response: {"access_token":"BQDhuOlgqS0GQ6qjM2MzjvVWw3YDQ42TeZ0pXnB2ZJMAE2Y1E7HE6CM0cJE-gZE0ZV_OKKlCed5yRJQhiFN3IbJvSR8i_xqZIdIqvTde2bORVEnhZLb6QgWKQWR_beoCrSBw6XVshHlVNrRm3c54UtdMIvsL-C7sQPchTjtoNj95aVnQuQXh16EuD7rgZsh66U_YdbT3NGdCZh1cXwoTfJqgJqF9H-Tt2zSzaX92wlKuE1v9AsI9kWYLVec4aCAhktQ5uw","token_type":"Bearer","expires_in":3600,"scope":"user-read-playback-state user-read-currently-playing user-top-read"}
Spotify response status: 200
Spotify song data: {"is_playing":true,"timestamp":1784231650107,"context":{"external_urls":{"spotify":"https://open.spotify.com/playlist/37i9dQZF1F5p3rmiWPIYgZ"},"href":"https://api.spotify.com/v1/playlists/37i9dQZF1F5p...
Token response: {"access_token":"BQD_0KJOOgr-avr3tBxMC9YlPapeAA1apNNbG3P1rMAFy8V1oqpYk0K-uXuHZQ2UeGPhfG2CKvBUY_Bk4z_Ut2XLD-KDCQmS35-wCgqD1jTpUgdd0BCe8Q8NtSwXnrBGBywSYEAdI-JOD0Ik8HrqYUGzRBj-8nZGJi6_37o4q7K4eKCDhaRKgjwPN927XMalNDX4h_Kpm2H8h2JE3v7aK76OVS1QUus73W6OQH8YBU34wzCoFlxMIHvoMsvT6PTSC27CfQ","token_type":"Bearer","expires_in":3600,"scope":"user-read-playback-state user-read-currently-playing user-top-read"}
Spotify response status: 200
Spotify song data: {"is_playing":true,"timestamp":1784231650107,"context":{"external_urls":{"spotify":"https://open.spotify.com/playlist/37i9dQZF1F5p3rmiWPIYgZ"},"href":"https://api.spotify.com/v1/playlists/37i9dQZF1F5p...
Token response: {"access_token":"BQBFoMuWmiU6hfWy9gIzrwtHIgCYabk__TzTbdn47wZA4svIuTDRZM3tmxZSI6tB9eezs3lJKBKWhNbORxoH29rhTLj2H7jlm9yLlDFIFZS8Uit1FRBQK0H1ym912S84TanE1i8m8xtILTlimArmdI98zxgyFq07fyAVEbyOkRfVpRuvqBPSBUuOYG70lZJcb0JWlcxzfY8XckuoQjr-3k4t9NuIU7oQaY9FsINlnnZlLkI3m0veLnMsQjqNmBy-g_HkVQ","token_type":"Bearer","expires_in":3600,"scope":"user-read-playback-state user-read-currently-playing user-top-read"}
Spotify response status: 200
Spotify song data: {"is_playing":true,"timestamp":1784231650107,"context":{"external_urls":{"spotify":"https://open.spotify.com/playlist/37i9dQZF1F5p3rmiWPIYgZ"},"href":"https://api.spotify.com/v1/playlists/37i9dQZF1F5p...
Token response: {"access_token":"BQDahZUksyxg121n_GNQZlEyvtfrszySW1y0u8s0T8eT7WMYEYVYgq6b7CBESZgODfoMuvQBwp7LLSZriAbApLen-W5XLfvs1Zmji7TAosH9PeuoF75qPRJHF1VnqXXwMl1mxVkblSRrbRK9cxpDp1ZJ_GbUNIFb0qvCqMKtZQQx02JKtLkDuQEdfw4J_AfY-keYEpNiDyGLZtj3Q2tY0QDEmTpNmU-vI3NOZyvvXqXbfWVWxc77P116OBtBMZ2pf-aK0A","token_type":"Bearer","expires_in":3600,"scope":"user-read-playback-state user-read-currently-playing user-top-read"}
Spotify response status: 200
Spotify song data: {"is_playing":true,"timestamp":1784231650107,"context":{"external_urls":{"spotify":"https://open.spotify.com/playlist/37i9dQZF1F5p3rmiWPIYgZ"},"href":"https://api.spotify.com/v1/playlists/37i9dQZF1F5p...
Token response: {"access_token":"BQArVLdUZqpY-gln0RnG3Bi7xlhxIsvo_ECfjJotDFG2ikTkF26-4DDLs8r2DqvXxyq1K34AIPyDa8Tmxyv50_kMjOdcRXo_kgjiVslskNTyE0J0TWySSJP330elmgHyGVlzqfQ9ju13K1mRBbSSPGWf1EBr_eKqdrl_yld1uIwKsrbs7o3yIcxuucOEITV2h7R8DOPGJ7FzEamrN1rzqb3Bv9E0nvg-y_4MpfXp4_fWpzKyKKgTaNNBlNnUoI3AjRzuDw","token_type":"Bearer","expires_in":3600,"scope":"user-read-playback-state user-read-currently-playing user-top-read"}
Spotify response status: 200
Spotify song data: {"is_playing":true,"timestamp":1784231650107,"context":{"external_urls":{"spotify":"https://open.spotify.com/playlist/37i9dQZF1F5p3rmiWPIYgZ"},"href":"https://api.spotify.com/v1/playlists/37i9dQZF1F5p...
Token response: {"access_token":"BQCnRi8tMzdxQ0kWl7CeHOcYoGMMEcrurc21N0trIXaSkjh0qLLDGyQUiWZaM4qnOLAIwLvwNs1K3plZiYkEpWLWunjiMZYSZXHckJZtLJYedefXlnM1y-P7JlwgpV4QMAv_Jb-7iaxlbvRcoGK2PsRtU0IHO2KZMmXGfs1A2Q3BBaV-2jgXjjQkj-bxRQHbbyzcptaNRWfmEfFM6kswAzOdneAJwSriskIsh6GXUHUhciigNdE6WTPV63Xo1UUrrhZxEg","token_type":"Bearer","expires_in":3600,"scope":"user-read-playback-state user-read-currently-playing user-top-read"}
Spotify response status: 200
Spotify song data: {"is_playing":true,"timestamp":1784231650107,"context":{"external_urls":{"spotify":"https://open.spotify.com/playlist/37i9dQZF1F5p3rmiWPIYgZ"},"href":"https://api.spotify.com/v1/playlists/37i9dQZF1F5p...
Token response: {"access_token":"BQBgOVJHgOovSz6neu73eiB-6TAeExwdCvydgUL0K5Nq3mQ6OxpfolC0rsPwjGxQaJ0Rf75-OdcOSAa2-PnLj0SLo2_B5m7S50PAKD0jGZzP9hR9yvD4diBGoi22pe5JE_e23C7CCZ312W8s_BvSOVb3AMso25GmOK_kXsIVp4JkVcU2u67eyv1A4CL28cUu4tFd-XOlXuGNyxYKrj5E4Sb2_62IkLgq4oIWAMXDEtF60jVuutOpPrszoJMIlUY26jaOLA","token_type":"Bearer","expires_in":3600,"scope":"user-read-playback-state user-read-currently-playing user-top-read"}
Spotify response status: 200
Spotify song data: {"is_playing":true,"timestamp":1784231650107,"context":{"external_urls":{"spotify":"https://open.spotify.com/playlist/37i9dQZF1F5p3rmiWPIYgZ"},"href":"https://api.spotify.com/v1/playlists/37i9dQZF1F5p...
Token response: {"access_token":"BQA17_JfKyfNrvJ3EhJ7H6ICRdjN1sblDnqOfxDTtkuJAQgMhmBWjlhdif9f6VY_3b5tKyYPa49Ut4BF3tGlYkG97jCUynnAzY_KcH74t2nr-PwIrxFe2vYQEplcXNkmsTeNw_EUWH48KPYwX32fmX0lLVzxJodH4EvRxEWVLvHo4QUrDpmoPtx-vKOssVZFRSEQVIhD0D13tIQIvpyErPbk5o3H-xsOrQpiPMAvOQIYZQiS0v5h5iX57pgi2U61OHap5w","token_type":"Bearer","expires_in":3600,"scope":"user-read-playback-state user-read-currently-playing user-top-read"}
Spotify response status: 200
Spotify song data: {"is_playing":true,"timestamp":1784231650107,"context":{"external_urls":{"spotify":"https://open.spotify.com/playlist/37i9dQZF1F5p3rmiWPIYgZ"},"href":"https://api.spotify.com/v1/playlists/37i9dQZF1F5p...
Token response: {"access_token":"BQAdYjJoC7GdD4qW5bipudXxrvhOAZOJxicnc6wx0ctrC1ggpUe-W7G0Xg4q4FtUuyZ_m_XTDai8elxZZKDaL4BaVWOVJu2iBcHJ0uZoxu64GBMssoRDTLUP13jBQR3uDMn3neNttKOoyk-h71qLhEv4yP4p6j_l8DKIEKCLnUl284c1PByi6h9R_QrqIS9TpC5Xotudq9Db-bSJEB8k5pXrIIJuWsBdF6kwP1IKxGsdumTe0W6r279Q26UTi800izrBEQ","token_type":"Bearer","expires_in":3600,"scope":"user-read-playback-state user-read-currently-playing user-top-read"}
Spotify response status: 200
Spotify song data: {"is_playing":true,"timestamp":1784231650107,"context":{"external_urls":{"spotify":"https://open.spotify.com/playlist/37i9dQZF1F5p3rmiWPIYgZ"},"href":"https://api.spotify.com/v1/playlists/37i9dQZF1F5p...
Token response: {"access_token":"BQAx0xAqbdwXh14soFOmYPemE5e4TwRvxcdaUJre_TiwCIoRc5PZ2JmSSSqG1r7c3PS6biqW6fF-nNgHcFUIsFBdtdHy0Q38idFd8s1Uuim8tkg38qKetNQcVr0okWOdtOTCl3qr1gLRGfHmKIOS_Uzt8Z_afH1mhssgPyKHCi6jfj-4Sdd1qOa3ROTOwUqkP3D9OXQ8Foaf3TKbPK3uQ1Dx2CiJdgqmqOAgioBHbylEl8YAK-bilabnBEWrhoHTZbDoqA","token_type":"Bearer","expires_in":3600,"scope":"user-read-playback-state user-read-currently-playing user-top-read"}
Spotify response status: 200
Spotify song data: {"is_playing":true,"timestamp":1784231650107,"context":{"external_urls":{"spotify":"https://open.spotify.com/playlist/37i9dQZF1F5p3rmiWPIYgZ"},"href":"https://api.spotify.com/v1/playlists/37i9dQZF1F5p...
Token response: {"access_token":"BQDEiWdRgICC0mzZQ8ldgmVoR1ki7Vm5yNVHKxw5ATENX3VkFL2NjBko1cjRQYHiucp2-y24jn1iAxYGnonhANV7cK1A9qaCn8Apn4kkH747yuVV0Hi88uI-vZB55x5rGrxGyaeYQ9ixNI2xzZZxxPLjdzOU4q5dfB9hlMVEL3RbeH4fGpWOO9tzY5a4kAcX6V6U-_ipc5klvwg--ggA7K53dUmv7mscPhVpUoyf34iNZD0p2SC6iXTam3Rb81893MD-XA","token_type":"Bearer","expires_in":3600,"scope":"user-read-playback-state user-read-currently-playing user-top-read"}
Spotify response status: 200
Spotify song data: {"is_playing":true,"timestamp":1784231650107,"context":{"external_urls":{"spotify":"https://open.spotify.com/playlist/37i9dQZF1F5p3rmiWPIYgZ"},"href":"https://api.spotify.com/v1/playlists/37i9dQZF1F5p...
Token response: {"access_token":"BQBMPFUCmxjM4WTGrljZYvOJKY5pDIc5DaK7IIaIlZaAEpedOmhbJVreljQ0DPAJ6G30FloGp1iOMcRXJehaQ-FDPlELYwB3GjXZIpXUqOlEqRDHJ3e-G9BZzYmia3laMVwdq20tvs3IEsNUIJQnQFf9qodKLnk3HlHVXUb9fmloW333vrKyVVfxcsymInCdklQK636fOW8Sm0XNWPLaBxvFHJ02ODwwfmGYaMZYSRcAPUYJTix6De-AvB9ia3RGa809jg","token_type":"Bearer","expires_in":3600,"scope":"user-read-playback-state user-read-currently-playing user-top-read"}
Spotify response status: 200
Spotify song data: {"is_playing":true,"timestamp":1784231650107,"context":{"external_urls":{"spotify":"https://open.spotify.com/playlist/37i9dQZF1F5p3rmiWPIYgZ"},"href":"https://api.spotify.com/v1/playlists/37i9dQZF1F5p...
Token response: {"access_token":"BQAuY2UmVTgTJbdRPkon2nhTV_rvl3CaCHeszL2JK-nDNUA44pEkgqD-KtCb1qYAZy4Ag5dCc6zs0MJA_myjCxq79NEm9F_otL5qpqPO251cDe0UAvrfYvx2aH8TM84ynGgkM0rD0B_b_aHrGmf6g1EOc576ny4Ft-MvznatAw44hANb3rEwB5AMVmEfTfGJ_mGC_uTYjg511CL7Pe8y87A7ltr9BzMpzqAIK9pkm_sjXwsQNY2LzOunNmXxFt7BlfpUrQ","token_type":"Bearer","expires_in":3600,"scope":"user-read-playback-state user-read-currently-playing user-top-read"}
Spotify response status: 200
Spotify song data: {"is_playing":true,"timestamp":1784231650107,"context":{"external_urls":{"spotify":"https://open.spotify.com/playlist/37i9dQZF1F5p3rmiWPIYgZ"},"href":"https://api.spotify.com/v1/playlists/37i9dQZF1F5p...
Token response: {"access_token":"BQBjf_h8sfD3y4nX3xzLG82mfw3USRamLjRiRqxXadxQzeui1ow9tWCIPu5AyI4dHw5koG5HYeLLymGYum7Zy4BPLKuHDWvLxiSJZrIgwQfp9LCuy4eJZ01hMDszK6UT8c15_FhMvUuk_KSaruwXuHOhHiDRR371YCDeXXGNMiGbpw1TPQaUd8hwqmoSx94iWsvLCxRYAD8wQ_MSVykRf4htHdWWBURdpozCMJIr5nLMwCtNx5OJmh9FQht_HNWF3nbbbw","token_type":"Bearer","expires_in":3600,"scope":"user-read-playback-state user-read-currently-playing user-top-read"}
Spotify response status: 200
Spotify song data: {"is_playing":true,"timestamp":1784231650107,"context":{"external_urls":{"spotify":"https://open.spotify.com/playlist/37i9dQZF1F5p3rmiWPIYgZ"},"href":"https://api.spotify.com/v1/playlists/37i9dQZF1F5p...
Token response: {"access_token":"BQBxGf237gpGM0f0rjCqeKQ5lm7nPgPQu2iMwdpCcpRkPflNWrtzr31ZA9tzHFz7QYAwD9qTusp3BSfM0mSFsVey_m-oBdzf8LERhYrVM3Ms2QcOeeUQuX7xlM9XISKqgfqm3ILspUrOlsblD6_HBTfs60Wv71nTB7U1HJaDKO_0fIm0mQOYrjaSpywo3icjXREbbecOaQrJS0cLm1rgFYhALgCTwqEZnXYCbbTZXe9K6GpD42LocsvWsI7c6sDwp6iDSQ","token_type":"Bearer","expires_in":3600,"scope":"user-read-playback-state user-read-currently-playing user-top-read"}
Spotify response status: 200
Spotify song data: {"is_playing":true,"timestamp":1784231650107,"context":{"external_urls":{"spotify":"https://open.spotify.com/playlist/37i9dQZF1F5p3rmiWPIYgZ"},"href":"https://api.spotify.com/v1/playlists/37i9dQZF1F5p...
Token response: {"access_token":"BQAEcRdIljVSlyUtVzZbY1PqjwDAyp1FRLiLz6fKTa8nCT1CXp4ohc1YknSU1ychoxJAzj0kKdTzK2ngaMFKmc6JyKRdB2wBgfJQjoE4ukP2eKcBm8xO-xysymlafUv6vLBEGr7JVnIDH4CQSF2nZflfJ2PSNs6HfFcLrg_JY1lUw4CF9KxOVaaiVcvgLxJHu4lj6buQhytYBgltsvUlkm0qZoRVUcYSnMgkSCHs-9Q76rsyIfaeJfkcSUdWPJvVLbvwdQ","token_type":"Bearer","expires_in":3600,"scope":"user-read-playback-state user-read-currently-playing user-top-read"}
Spotify response status: 200
Spotify song data: {"is_playing":true,"timestamp":1784231650107,"context":{"external_urls":{"spotify":"https://open.spotify.com/playlist/37i9dQZF1F5p3rmiWPIYgZ"},"href":"https://api.spotify.com/v1/playlists/37i9dQZF1F5p...
Token response: {"access_token":"BQA1VRBz_jh0dvz3C2GHgg70ZvQ23ultcHU2yyxpqC4YGXPWtIQq4SjurmIlpJx6ziQzXY2nN3HGkvOW1Yoo8bA_7Iqc_Wb_PIpbBB_TE8IbXSNV7xdmbFDpptTb2VRasLcOdxvumX2iP1awcsfL0vOHxFJnfGgep46w1X2Fk43tjbTBoWYSZLyd9K0yl9bBu-Ap8l7-fkhAaBhVKpUnIRzSX4kbo5KMy_Fj6Kz9FBgmBlFwkEp7C-oFZ_Jvu1BDW-x2Fw","token_type":"Bearer","expires_in":3600,"scope":"user-read-playback-state user-read-currently-playing user-top-read"}
Spotify response status: 200
Spotify song data: {"is_playing":true,"timestamp":1784231650107,"context":{"external_urls":{"spotify":"https://open.spotify.com/playlist/37i9dQZF1F5p3rmiWPIYgZ"},"href":"https://api.spotify.com/v1/playlists/37i9dQZF1F5p...
Token response: {"access_token":"BQDwZbc8nZeB28kKdYTRCC12pqyZt8wSiM2UWMtBkVFl8JGOndWgzQYWoIt7D27IzU6Da4BfIcxuyhI4CAxddlK2drjIRvjIzZyrx8y-9dQSs7oi86GxENHJXoys5SJr1gOJOimbND7AeT-hDdjxC8AHF_sTRZ5TOJt2ztVSaJDfCYRQQghIj2lHiDYj_NNClRwf45WxzKA0rO1_mYsIHySVpl4fR8Z9jQGuI6DCrC4cwCRqzRAgGf3BlWzwH3HfHFV3zA","token_type":"Bearer","expires_in":3600,"scope":"user-read-playback-state user-read-currently-playing user-top-read"}
Spotify response status: 200
Spotify song data: {"is_playing":true,"timestamp":1784231650107,"context":{"external_urls":{"spotify":"https://open.spotify.com/playlist/37i9dQZF1F5p3rmiWPIYgZ"},"href":"https://api.spotify.com/v1/playlists/37i9dQZF1F5p...
Token response: {"access_token":"BQBmUrxJAUbq-QTcRx116WKbKxk8behNesYYPUSKFtzwIUGjD9wPvSwDaOzB7k6fos1kbG8fwopSvTs1IL7QZEX9i3BR_d58fZ8j5fBGDacEbOvhnfxD_TSG9Ukwf9BhmQh41i_IiX3Sl4eCwOLQbZGo7ALzm1v_9taOm4r4fZzg3sUthz_WVmQhnv8HHAsih9uUcy1qnLLyY_5fHmW4ATNxhq5_CJh9kqbrAFGeyl6R0fNnOqISABng5I12y-xJBTl1nw","token_type":"Bearer","expires_in":3600,"scope":"user-read-playback-state user-read-currently-playing user-top-read"}
Spotify response status: 200
Spotify song data: {"is_playing":true,"timestamp":1784231650107,"context":{"external_urls":{"spotify":"https://open.spotify.com/playlist/37i9dQZF1F5p3rmiWPIYgZ"},"href":"https://api.spotify.com/v1/playlists/37i9dQZF1F5p...
Token response: {"access_token":"BQBZ2hnS06iSrw0Pqpqritld-Jgk5j_Yz73Pmn0PbVSVOd8NUIUOCuHyI-tpXaF5pZrauumangdWFCWvtX2oIWckHA0PcTXGIiA2d5Lhv4iSS0eDKjyUg3h6jbP9MYx2WZJnbNNRGQNQ3FHtYW39kaaif5FYib9J30JuHZx7eeJ47WHtMtxqaGomc0t79LIWjmDhfaXsMtDaGs3IHsgW0TwFLyXShSBCiT5vKFyoWWqyp7TnnHzVLPm7Fiqk-LBNF3lntg","token_type":"Bearer","expires_in":3600,"scope":"user-read-playback-state user-read-currently-playing user-top-read"}
Spotify response status: 200
Spotify song data: {"is_playing":true,"timestamp":1784231650107,"context":{"external_urls":{"spotify":"https://open.spotify.com/playlist/37i9dQZF1F5p3rmiWPIYgZ"},"href":"https://api.spotify.com/v1/playlists/37i9dQZF1F5p...
Token response: {"access_token":"BQC9LpSp_tp0cxXeZVh1-DW7D9vSvw20zIlq4T467HxwPX_1vRujAMSrzU8Q2OciCcTWTjZZ3F14mKE_oDjWUSidCGxgSmAsY_5WIfYI3XSbsGEBoX9g6-QwQRW5D-697p0c0hg0Kw-knyVMtSyHm9uUjvUPGt2fYjHAmzaIfaF09jXvWDkbcZXVaAWVmw-Fj8OKfwHGqPrbO9b3cmj7ZqvFoC7drMxp3P6H81QkI2Dv7bbxyBxApM8-eusg1gZL3UXREg","token_type":"Bearer","expires_in":3600,"scope":"user-read-playback-state user-read-currently-playing user-top-read"}
Spotify response status: 200
Spotify song data: {"is_playing":true,"timestamp":1784231841953,"context":{"external_urls":{"spotify":"https://open.spotify.com/playlist/37i9dQZF1F5p3rmiWPIYgZ"},"href":"https://api.spotify.com/v1/playlists/37i9dQZF1F5p...
Token response: {"access_token":"BQAIXhuviYO_lOnQGSMP_eqfsHB6eyb7tBwaQQJYEUN65isOckmGepy-v4OQnDFnn2wxUf15X7upva6aWEiit11cCsFNDZxtA7BdiGZ0te6ukRdHiL6wDOnwDm-QnacTPWWiUt0vjR_nPUye-ifEPeVSREafqzz7XyDN6s1Wm9cEz8Ubu6IH-QGS_Rh6Q4RF3jA0_43bwpARwW4IqFY3ZphzM1P-IZo7YRmZ-JJBzCwILdiFuQG_If9uhci24VA-gKUjLQ","token_type":"Bearer","expires_in":3600,"scope":"user-read-playback-state user-read-currently-playing user-top-read"}
Spotify response status: 200
Spotify song data: {"is_playing":true,"timestamp":1784231841953,"context":{"external_urls":{"spotify":"https://open.spotify.com/playlist/37i9dQZF1F5p3rmiWPIYgZ"},"href":"https://api.spotify.com/v1/playlists/37i9dQZF1F5p...
Token response: {"access_token":"BQA7-l5QBYkk6vfJq-XN9evk1GTUlpHpVJ2i_mGo5HkDAIZfB4DVar6H6umfU1mlHVYtASOECE_Wpwh_CHnPT3SwvGeT_KY3m1vkYQn1GKiq-wi4Yph4_gFwrGxUMaskK3fPc4mU9ZP_QGCQdVZncbE8kHK9JaqgqfVq5woZfgdseF0Gl543uqEQ15f2qCq9HOFDmVkZfG2HsmLpswAxO8bJk0iK4xGXfzsDWGAgutaefW99OOogGETFPVSklktpNmZvQg","token_type":"Bearer","expires_in":3600,"scope":"user-read-playback-state user-read-currently-playing user-top-read"}
Spotify response status: 200
Spotify song data: {"is_playing":true,"timestamp":1784231841953,"context":{"external_urls":{"spotify":"https://open.spotify.com/playlist/37i9dQZF1F5p3rmiWPIYgZ"},"href":"https://api.spotify.com/v1/playlists/37i9dQZF1F5p...
Token response: {"access_token":"BQA2hPKh9rBzgP9QkmZURKwnTuoq2IEeBAgE5sYIowrkweaJryqnHk0TatP_vEpctWVGyyNGYWo-k3pUPtdsgZE6VJW48f0b6qpIlX6RCQnrH0eXyQKaWahAy3KPdhu84nXQ7MOSAYfEs8Zy1u4sGEsHCjCTKBPXgVzmgq-n5WU_aaW_DSXfkJYlWOqT-4lUA6offIB4BN0U9jGntIWLh1suaA_r7mVxRjUpueec7ksZCPjVU2CCP3-UhMomgEaQD8ngRQ","token_type":"Bearer","expires_in":3600,"scope":"user-read-playback-state user-read-currently-playing user-top-read"}
Spotify response status: 200
Spotify song data: {"is_playing":true,"timestamp":1784231841953,"context":{"external_urls":{"spotify":"https://open.spotify.com/playlist/37i9dQZF1F5p3rmiWPIYgZ"},"href":"https://api.spotify.com/v1/playlists/37i9dQZF1F5p...
Token response: {"access_token":"BQCxZyvhFMF5Sk4GfVdOGrAyeJWUOQY_F9qCgKZQzkjwfQ2b0becdV8B1X1xMeHCto71K4uAIPl1PmXMblQlK2smKMoK91-yoZwKZLF443mNdV5os9POO492hzRqVUzVoWB-xS4wYT2BjUKoDOa_DjIH0T78wwatBVVMxewEvQUk-1AMU2i2-8T-wyBqOVv6xXjuS6iyyLq_yWbGR52ZjxVtgBHBIHzEydjUxtykH8i-iU3prBpwU3BiJf-MgH__TnjH3A","token_type":"Bearer","expires_in":3600,"scope":"user-read-playback-state user-read-currently-playing user-top-read"}
Spotify response status: 200
Spotify song data: {"is_playing":true,"timestamp":1784231841953,"context":{"external_urls":{"spotify":"https://open.spotify.com/playlist/37i9dQZF1F5p3rmiWPIYgZ"},"href":"https://api.spotify.com/v1/playlists/37i9dQZF1F5p...
Token response: {"access_token":"BQB0FK496l56kZs7EKsqFesXlpesIpmXe7u9aWnvqIJnt7iu-cNouLSZo0VktQjZDeP7HWkUfkTLhM1Q7_egp__BYJf3ynzOXW1Dl0CTVTaSw9dU3XqSYuNZlfTrlXTyey9nYG4MvgKr4fmWhvSW1iHtJEEMWAyYufpYM-RTu3iYz3cOECAb-NSCtWVs8wSqCiS2qv-dschO-LX-VHJ7UPWiX-qBDpzpeMFq5W5pMuHFGHD_RrNMi8O3pbRCaZXi5jl0SA","token_type":"Bearer","expires_in":3600,"scope":"user-read-playback-state user-read-currently-playing user-top-read"}
Spotify response status: 200
Spotify song data: {"is_playing":true,"timestamp":1784231841953,"context":{"external_urls":{"spotify":"https://open.spotify.com/playlist/37i9dQZF1F5p3rmiWPIYgZ"},"href":"https://api.spotify.com/v1/playlists/37i9dQZF1F5p...
Token response: {"access_token":"BQDtaXugrNGYyUQObAxSdXjhALlJYoVlQ0kNr1st975h1hRJXvygjNg2OavIW8oZljP7NQ17d6uLkiSD7Ufg1gWoAau5ns8wQJkRh5H7WjjR5elEaRsoBdRy8ICPezPixNC6Ffbzk1lsEMCoTlmKSW9YfkyTq3n5tq1XZBrRFvuGRkEBbS3QfvgwZmvNS78mdtOPdp_yZRGZF4owuXXCSA7JrPKpAZPpOt-XjMny1O0QJqIcocVJou4dcJjD0mBew_RwtA","token_type":"Bearer","expires_in":3600,"scope":"user-read-playback-state user-read-currently-playing user-top-read"}
Spotify response status: 200
Spotify song data: {"is_playing":true,"timestamp":1784231841953,"context":{"external_urls":{"spotify":"https://open.spotify.com/playlist/37i9dQZF1F5p3rmiWPIYgZ"},"href":"https://api.spotify.com/v1/playlists/37i9dQZF1F5p...
Token response: {"access_token":"BQDSOdnMqf87Wt72VILNB2c62-OSUvKxFlhAA1GvHhhumea7vyqOKvDIbz0z1atiOwfMAFNSoGa22AZRXx6lixSj33BuEU-L2s63AwotTrILHRZIzeUEZWJIpskduMAZVgQPDK03D28MkMy99Fg5Tc2QIkjFDVOdxq9-8YPgCrUh06tGSX4DqJlY7CKJgcKw6DQibBobz5E8TEUgt8BZC0k8IrNVUkRKiVRr81qYLchg9U9XHUx1rA2WIt05-mqYRwb2Dw","token_type":"Bearer","expires_in":3600,"scope":"user-read-playback-state user-read-currently-playing user-top-read"}
Spotify response status: 200
Spotify song data: {"is_playing":true,"timestamp":1784231841953,"context":{"external_urls":{"spotify":"https://open.spotify.com/playlist/37i9dQZF1F5p3rmiWPIYgZ"},"href":"https://api.spotify.com/v1/playlists/37i9dQZF1F5p...
Token response: {"access_token":"BQA5nE2sXaVIQ3TK9cNA3UC8ZW4owQ0rx8M37y783DG8E_dtFu0T-wH8a3MctIOeyzZX2CtGbI6v5xbq4DVyV960PAk2Ys9nKo2nB_Gq8lbHvl0jQtGlXB8r56lUIo4uM-jS16I1iocZGdz-Eqivu4jjbEpfncCckTE0FcaMkj55JtXlh23lz-qTO4jmViDh6AqUHpkrvR8A6ojT-5myarxI71Q7XwYDLRESOvsJXQw_9giRNDKGr5N2oq-VzkWhsy5hNw","token_type":"Bearer","expires_in":3600,"scope":"user-read-playback-state user-read-currently-playing user-top-read"}
Spotify response status: 200
Spotify song data: {"is_playing":true,"timestamp":1784231841953,"context":{"external_urls":{"spotify":"https://open.spotify.com/playlist/37i9dQZF1F5p3rmiWPIYgZ"},"href":"https://api.spotify.com/v1/playlists/37i9dQZF1F5p...
Token response: {"access_token":"BQBGIaXiZr9nQUU35ITwIt8v41f0XcXdDhFHC4mhxo5t_4FTvspxyh18D2TKgbbe0oxk3_-ekZQOxE5jl7118CtU3wUqTsLw_XVarPq7ryhVtzsbb1MnkHsj_TMVxr3ZphDTy4pLtMachZjJwTPGAotQhf6QZJt3V6ti9DOuJ8ekf_bCO68i0foJDGNn3VMCqnmFiimZs6wFyfzjudbTZhHUI48pxnVrK3ilBYEODce8Ur2subOCQlClWLo6xN6ZuMTsmw","token_type":"Bearer","expires_in":3600,"scope":"user-read-playback-state user-read-currently-playing user-top-read"}
Spotify response status: 200
Spotify song data: {"is_playing":true,"timestamp":1784231841953,"context":{"external_urls":{"spotify":"https://open.spotify.com/playlist/37i9dQZF1F5p3rmiWPIYgZ"},"href":"https://api.spotify.com/v1/playlists/37i9dQZF1F5p...
Token response: {"access_token":"BQDXAmySzDy3vxIiyNh3AJiDjggpXT6mvX3jl0X48PWaYcxmtl9mPPtf15-9mpsTJ_jb_6EMoBD3LNH1rXUjBAhxfmSOtE5gDZbjf8Voj_ZTqq_XvqoAdvjglTn20xxHs15Om02O1O1sUFyQqMexS2wyv52tsgTNmz1qSM4utbz3lnTTqzE6grs-6zKA3rIja5plmObNP2vyawlQEmGrLARmefubUnDHIuCnITOY6KTtptlj5zlmHxPgdD8f81_49R_OCA","token_type":"Bearer","expires_in":3600,"scope":"user-read-playback-state user-read-currently-playing user-top-read"}
Spotify response status: 200
Spotify song data: {"is_playing":true,"timestamp":1784231841953,"context":{"external_urls":{"spotify":"https://open.spotify.com/playlist/37i9dQZF1F5p3rmiWPIYgZ"},"href":"https://api.spotify.com/v1/playlists/37i9dQZF1F5p...
Token response: {"access_token":"BQD0nLoP27CV0aXUH-AgDUxX88V3EuA5aQtuwKM31ZQMLQLI3t9Uczk-OVr5m5jXQGms88fPx_AWOyVg0aBEYsRgUUKgVEgDAuTYqJyx1bYp_Lgx46SmAH5VKC_277EE064wmw1Bd1VsuphC7KD1WLA-uBimQdATjRvzNyrN2CmVNcKfY95CHd8JPPOljQyzl0DRMVDBG84-AO4Ah5NRoKvDdzkdsIaQns5YSZ67jn1L4ZgX_c6_HUfVaEYuVVK1a8bGRw","token_type":"Bearer","expires_in":3600,"scope":"user-read-playback-state user-read-currently-playing user-top-read"}
Spotify response status: 200
Spotify song data: {"is_playing":true,"timestamp":1784231841953,"context":{"external_urls":{"spotify":"https://open.spotify.com/playlist/37i9dQZF1F5p3rmiWPIYgZ"},"href":"https://api.spotify.com/v1/playlists/37i9dQZF1F5p...
Token response: {"access_token":"BQB-J0gUuzEM1he34d4MxFtfJ-lx6VhkvK-f437QrtavtH8WC5scQngv-yxN3MglfDH8ERAsH7EBBeJncnanZY0PJARDdAF3PZFC4DCczoOigD3hCQ9X6cd5Mvv7V9Q2HetuD7K0euh_vs_yXudqn4ODjn3D3p550g9wYB3V9-ljkwtWUkCOTuAkr9yfYuXQDmKn_Wqat_CbqBOVWvU8R6LZFE2KCoZqCOUb-xmo3Rny8DiV_R2fKuKZ1bsXpk5Q5jInVQ","token_type":"Bearer","expires_in":3600,"scope":"user-read-playback-state user-read-currently-playing user-top-read"}
Spotify response status: 200
Spotify song data: {"is_playing":true,"timestamp":1784231841953,"context":{"external_urls":{"spotify":"https://open.spotify.com/playlist/37i9dQZF1F5p3rmiWPIYgZ"},"href":"https://api.spotify.com/v1/playlists/37i9dQZF1F5p...
Token response: {"access_token":"BQAm5NHgUkTzYh3EUypd52BZHMqZ59UQhKbvcf-JmiD4-7MTQmwYYP8zp5qEJ-PKLkfQZTXh_XamNQOI-wqoBNnIEijmGxcFhvYOlOuj2T3gRqAJn1volipJ-nzGTVMUWLoZVyir_4oveJWJ2llYpTv7CG7BGy4Wn9WKRkSTD1lze0zvI14TO_d1GI_PUchV2a11wacEe8paCQ8SxGuvbiplRViV0hQuor3xQKifXSdA_zTB6vIINaDt7ZtOM2oX1BLzUA","token_type":"Bearer","expires_in":3600,"scope":"user-read-playback-state user-read-currently-playing user-top-read"}
Spotify response status: 200
Spotify song data: {"is_playing":true,"timestamp":1784231841953,"context":{"external_urls":{"spotify":"https://open.spotify.com/playlist/37i9dQZF1F5p3rmiWPIYgZ"},"href":"https://api.spotify.com/v1/playlists/37i9dQZF1F5p...
Token response: {"access_token":"BQDQWEqyCYsUAhFHcrV4YE4_8p-AXW6qkMZhXVo4Qb8OstaWccYGU3xfQb8-2FyRZ5GZ4sImEhlsfOWgl2Q0I4gQ2UtXTL2IJsm6mBV4T6Uk_ooL5inSBYS-vqyfM2_saE5pXvelhDqoHy7kN8BZKwE-K0Sif6iNjtYJMx3-hOoJDOcROkBYM5v3c8mFqf4A06Olw9paf2NbuCjqCUlnn6_lJDdKrK3iZj3b13Jb0CJxyWkSdD4gps104vh6qMsfLffVfA","token_type":"Bearer","expires_in":3600,"scope":"user-read-playback-state user-read-currently-playing user-top-read"}
Spotify response status: 200
Spotify song data: {"is_playing":true,"timestamp":1784231841953,"context":{"external_urls":{"spotify":"https://open.spotify.com/playlist/37i9dQZF1F5p3rmiWPIYgZ"},"href":"https://api.spotify.com/v1/playlists/37i9dQZF1F5p...
Token response: {"access_token":"BQAzS9W7cZ7baocH4J69WDmHgP_pr1LiTydh9CR3xvE2t8FpbVuRz9Upx9GofoB2T296d67VybsiRZXijujwaXTNh6E6AJtb-yEsOvhT8SK7UQ9plM6TX_lWgrhkTUriidPGpdHqT12YNDoBSUMlN34v1F2TkVZwcp-enK6FCpTVBuTOiKBO2fsYRCGzmspOnq-PrNXtw2gLtoUqjDph4S5bMDZRnZN5qHT_cfQUPRXckp186GmCbpSd3O8FqU7SFYLRCA","token_type":"Bearer","expires_in":3600,"scope":"user-read-playback-state user-read-currently-playing user-top-read"}
Spotify response status: 200
Spotify song data: {"is_playing":true,"timestamp":1784231841953,"context":{"external_urls":{"spotify":"https://open.spotify.com/playlist/37i9dQZF1F5p3rmiWPIYgZ"},"href":"https://api.spotify.com/v1/playlists/37i9dQZF1F5p...
Token response: {"access_token":"BQAG673IqeoXTo8Z1aWUNfGFj8Q6TONv8sCEobG15wBiAtI37mSK2GVKxA7EdqWk-6pjvOIkled-MOtCmBqK7ZnRQGch5OPj4pElJtGKwFoeUttL4jg5zWXXHC4lgcoRuUg7Qx0ib7I2h0bIy4bknPtFzFP7XQAbbVww-eGifnQJMoHz_Sk4LcNN75PZiN0jz_rfEaR4wSQnLK_uFRDK43dym4pDi_FE3lY7R3w7XbS8FOFQ3WfrqQDeFIR4VPxGz0Pqtw","token_type":"Bearer","expires_in":3600,"scope":"user-read-playback-state user-read-currently-playing user-top-read"}
Spotify response status: 200
Spotify song data: {"is_playing":true,"timestamp":1784231841953,"context":{"external_urls":{"spotify":"https://open.spotify.com/playlist/37i9dQZF1F5p3rmiWPIYgZ"},"href":"https://api.spotify.com/v1/playlists/37i9dQZF1F5p...
Token response: {"access_token":"BQDuto-zS28XqrOlN8xJKP0O0mskfxeX2XJEo9yuQejTYn-mlo_mzs8TbR1TFdIejnmhxJ1-OwwXd3Fds5c0I1cx2OdvJp4RBvYvyD9SRId8p8ZZRcZvuKkeUYNpcc6odqldmLPX6EYLC6JE4aZIVdCTxcGaUoHlYkzXz7f48ZlekeA4J4lgLkkETrjpoUvUBfGeb4UKMKMQ5PZMJaMp1YO9VNl0fJNHibLdZZvWPi5uZVaHzRof_-wIlSTqpeWeGptWzA","token_type":"Bearer","expires_in":3600,"scope":"user-read-playback-state user-read-currently-playing user-top-read"}
Spotify response status: 200
Spotify song data: {"is_playing":true,"timestamp":1784231841953,"context":{"external_urls":{"spotify":"https://open.spotify.com/playlist/37i9dQZF1F5p3rmiWPIYgZ"},"href":"https://api.spotify.com/v1/playlists/37i9dQZF1F5p...
Token response: {"access_token":"BQA_dbduM34FrGpqoW5dDCZrdVoWGoKspb3GMEPjEl2beF79-oiDhpaHT54gdWqMVNKme-JEOZ44ZYGadpggJtCZlTLUCtVt7Azm-oLcs6TpFhlZsh2owrj2-AviluKNElax4JOhIhxf10cbVaqrtnBH2tq6sowV6kuc20TmncV47hfY8H-kNpmJUQdRV1P3cLQZRfvlr49R2gSUKbe_QJnPxpYi8GLtAxc9kZdPWj0A7IH7qbBJDAawWuz2HBAb5LJ7xg","token_type":"Bearer","expires_in":3600,"scope":"user-read-playback-state user-read-currently-playing user-top-read"}
Spotify response status: 200
Spotify song data: {"is_playing":true,"timestamp":1784231841953,"context":{"external_urls":{"spotify":"https://open.spotify.com/playlist/37i9dQZF1F5p3rmiWPIYgZ"},"href":"https://api.spotify.com/v1/playlists/37i9dQZF1F5p...
Token response: {"access_token":"BQB-x24Sv7bkJ4eKDhwojDMptUOp0hg5bkttKgX936lTixcovYF6pHPr6srx7UBOFmm14WwvUlrQOhEE6Ufy2pVwzduG7FV3MQKc5fGuedh3HN-zMtqAC2Wiz7vypjJ-qCCUM2PgH9T8z7nkwKjvEzEsMp5cPIilLl2qOoEEQMoKMdqLsPIzMP8PZ8Fq19v698RowJDmPCUJ0CEqjoRYpzr7BEZjJ1CRJ2S3RJkm65AX_wJTscGjimAne2K1OvESGr_RJA","token_type":"Bearer","expires_in":3600,"scope":"user-read-playback-state user-read-currently-playing user-top-read"}
Spotify response status: 200
Spotify song data: {"is_playing":true,"timestamp":1784231841953,"context":{"external_urls":{"spotify":"https://open.spotify.com/playlist/37i9dQZF1F5p3rmiWPIYgZ"},"href":"https://api.spotify.com/v1/playlists/37i9dQZF1F5p...
Token response: {"access_token":"BQASvUISRX1k6srTA7pRyAkPczuWu7OzZfM5syTeahU7Jqqk8v8p-MqdFROMZ8ex19kZDEhmbUSrsEY896ZrYhEwfo0LuBVgZ-VhzWRedvw7EuQrDyGaDrbOxPDpkjPuw5dDGo7CPf-GP3QXlg2JUR2saoEhwbBqxvLANug_QKfEF6KUiv6_OAub4uOAqUW_5SeJLT4Vrd-4DnbgaXr4BIF3_c7fHezujPFvQQ_FV3j8AJyD5Amja0hLPR7MPuLHXw4U-g","token_type":"Bearer","expires_in":3600,"scope":"user-read-playback-state user-read-currently-playing user-top-read"}
Spotify response status: 200
Spotify song data: {"is_playing":true,"timestamp":1784231841953,"context":{"external_urls":{"spotify":"https://open.spotify.com/playlist/37i9dQZF1F5p3rmiWPIYgZ"},"href":"https://api.spotify.com/v1/playlists/37i9dQZF1F5p...
Token response: {"access_token":"BQCRaI_uciJciqaC05T58Kwe2sYRyPLLcvAM2QUonD9gLsgNN1bmI3JkJ9VHgIYB41uPF7tIbiGFTrIkcSfnQMaSqqqkz5xKLVPP3ygbILzkfJFqhx5WThk-u3lEXa_SMQeBMI9NMI2CO1stxvWdKAL6owJJKcfGRfwIvKdFiCONrHMrd8gOUJP4fXpfolyPnTuJgNbwmwE367mxkmSOaeBCotMcXx6Zlr6rWIirOudmnOmX74l66Lg2CmIF2VeR857zHQ","token_type":"Bearer","expires_in":3600,"scope":"user-read-playback-state user-read-currently-playing user-top-read"}
Spotify response status: 200
Spotify song data: {"is_playing":true,"timestamp":1784231841953,"context":{"external_urls":{"spotify":"https://open.spotify.com/playlist/37i9dQZF1F5p3rmiWPIYgZ"},"href":"https://api.spotify.com/v1/playlists/37i9dQZF1F5p...
Token response: {"access_token":"BQBQ0AedOmrCDdOrj_o6UVrXK8v2WCurCvtykgW5MUk9WN4-eWqJAJc6tNkFsrO83Wl0oARXhoWApgnG89kzOoGOswwzmycaunp9UMffOuuPRF28kXadgl_zKJflrZQ4K1aHWlbXWokClCQYvBOYeb8C8LIx5PHCHBMPipLvqJLHoOIVYax__maozqMj2BpSaWiYJvL75pLtEW29oi2jZah3gGi6vfneElszNT-B7W29BP4G4Z11uZHBK1lNASvQD2zyOQ","token_type":"Bearer","expires_in":3600,"scope":"user-read-playback-state user-read-currently-playing user-top-read"}
Spotify response status: 200
Spotify song data: {"is_playing":true,"timestamp":1784231841953,"context":{"external_urls":{"spotify":"https://open.spotify.com/playlist/37i9dQZF1F5p3rmiWPIYgZ"},"href":"https://api.spotify.com/v1/playlists/37i9dQZF1F5p...
Token response: {"access_token":"BQDEtM1QkPyL5yBIzafvkUEERWbR5GZGyOFHMNXTjmfU2lMGNTIJti5hgI9PQDahio0myTX6W6L6oiwnxam-65mnHxip3A-x-HEw1MTZjsaHhTdvFVo3UAtwQLkoepR8gp9ez4Jm9YCzU-E0GpdqIHG2AOaGVJs6dRwBK3DLVQJnIZ8YQ4cww6QZN8K6LfFX6iRP6mAGgZQEk1hMCKwnfAxJ3POFruVYf-LdxB9Rthsk86rs7t2BAoDiUwc9YnKPmxEnOQ","token_type":"Bearer","expires_in":3600,"scope":"user-read-playback-state user-read-currently-playing user-top-read"}
Spotify response status: 200
Spotify song data: {"is_playing":true,"timestamp":1784231841953,"context":{"external_urls":{"spotify":"https://open.spotify.com/playlist/37i9dQZF1F5p3rmiWPIYgZ"},"href":"https://api.spotify.com/v1/playlists/37i9dQZF1F5p...
Token response: {"access_token":"BQCFBNGvsixAXXOhntoVpd0HFz5PGki7FBJWt41JBlSA9ok7LP9ZP2WlqDULt6oTTzTeus6FRE3laTl0YuCl8zoAKWsZ3546qYWEhXP0wuj9And8tkIQM_n1iUgzmOUbVuHHiY8KOtO80BTP7z6yJNplowhJ2LAclFlmlUaSsAQhEwvCz_3J_xD71aiLste-YizxP88qFaIxwmLNc9V-u_cKHsNOm8Dlw-F2xqnBB5SRNhm2FdKvTELk3xuODH6XQNYGpg","token_type":"Bearer","expires_in":3600,"scope":"user-read-playback-state user-read-currently-playing user-top-read"}
Spotify response status: 200
Spotify song data: {"is_playing":true,"timestamp":1784231841953,"context":{"external_urls":{"spotify":"https://open.spotify.com/playlist/37i9dQZF1F5p3rmiWPIYgZ"},"href":"https://api.spotify.com/v1/playlists/37i9dQZF1F5p...
Token response: {"access_token":"BQBUMYxzLDxO2H4PN0JnXlPZwJ9Y84QMsJwwihEugECN9BHHl_M0NOcJPJm8hUcXgJ8xBeQeQKW7n7EoZ_uFkmCu5kjyiVjwecPhajQpufSZK7Znoc_9ovsm-ZpZEpQ7GLKf9j0EU-LYpo6o_zZq8Q1cP3r0fyfGU_yaY23c6pb-iao2amOQZBu44mi740OcEqFEPBVExU_ZAFePLnBAnPQctK2UkJXlll8AcVRGUPPPTjiSWb5xJ4pTTFqsY1ARzP-mzQ","token_type":"Bearer","expires_in":3600,"scope":"user-read-playback-state user-read-currently-playing user-top-read"}
Spotify response status: 200
Spotify song data: {"is_playing":true,"timestamp":1784231841953,"context":{"external_urls":{"spotify":"https://open.spotify.com/playlist/37i9dQZF1F5p3rmiWPIYgZ"},"href":"https://api.spotify.com/v1/playlists/37i9dQZF1F5p...
Token response: {"access_token":"BQAiZBtWzbQmKPODRpwoQQWFomZ7fSyyzTdX8zUukt2IfBIMAP24I50EcPdBJTAbA1_A1qqBVFsu-5hAMirYVsJpYn52ILjZLJV1ynwMgeJtRQ0hkE3n1hTpLURVegdYCUY9ZPTkJv0wdAgtRWPksjw2arzM9NBsgPz9tuc37LIIt7GpqKNhRzFqoU8f6kHjMcwjM_DBV9gJaUwKrlYKQdodDDI9nosrbHaTM22JwTL-Zvlg65meo1t8TXmkIp9UoVK-sg","token_type":"Bearer","expires_in":3600,"scope":"user-read-playback-state user-read-currently-playing user-top-read"}
Spotify response status: 200
Spotify song data: {"is_playing":true,"timestamp":1784231841953,"context":{"external_urls":{"spotify":"https://open.spotify.com/playlist/37i9dQZF1F5p3rmiWPIYgZ"},"href":"https://api.spotify.com/v1/playlists/37i9dQZF1F5p...
Token response: {"access_token":"BQCx6grkBvd1VIBHpdyC1J42cIkSBGFH01qNgC-7TvoYZY4y-uDWpLHbSoayYdlVvUPQ-IvyxZXiC7Hv3_NSARi-ytl_okrlEZgHUjQOZosT-G3v11lW0-Z3zf2OvRcUy0AF6LyQLI1Fkfb4bmMeaTdH90xhXfG8gxFvpahCA9a7Ml6zKAZPuMMhRUXIX9pJ-JDu4gC3otfO7MybGszsLA3xGQF0bVy-NDYq4XeGkELrsuqdVeAmFaUC1tJz_Jiw8be42A","token_type":"Bearer","expires_in":3600,"scope":"user-read-playback-state user-read-currently-playing user-top-read"}
Spotify response status: 200
Spotify song data: {"is_playing":true,"timestamp":1784231841953,"context":{"external_urls":{"spotify":"https://open.spotify.com/playlist/37i9dQZF1F5p3rmiWPIYgZ"},"href":"https://api.spotify.com/v1/playlists/37i9dQZF1F5p...
Token response: {"access_token":"BQCqQwjAi7kC4pbI5st349El9q-tuea4gqW2N0LZY9HnBUr6sBmGNBScv_IKp88fwewqygkHuiDS1BRMK-opZxozuL5DmOP7poQ9yuv-UbrPCnYCb0XhVjrF1KJnrey0e_wGV8QPIihG2hKqinZO-yF5slc6wO836KLTJfYAPCOzE1hPqrxGmyLLMLK7tM79S5xEPySArZ-Yforux9R2FsT_BJceECyv3tEMGJh40e1jpPGESiMhUJCT4Cix4f-Kk4wA4w","token_type":"Bearer","expires_in":3600,"scope":"user-read-playback-state user-read-currently-playing user-top-read"}
Spotify response status: 200
Spotify song data: {"is_playing":true,"timestamp":1784231841953,"context":{"external_urls":{"spotify":"https://open.spotify.com/playlist/37i9dQZF1F5p3rmiWPIYgZ"},"href":"https://api.spotify.com/v1/playlists/37i9dQZF1F5p...
Token response: {"access_token":"BQBtXeJ9601gmHYOLPV9fszJMvz7reuhvQar9WSaUmJBGQHhQw3eUXpMMo8AKVcLoH0zKDD2712Rm0fl8XefpGno8_YBrj2vRCvZyPI0thpEmqPgQaJ_k2-UoHbpvhu1kgY0GRNiGmuzXv2cWEr0mSrWfxerYSVyQ0pVs7NX_E2JwSlKKaTl0uqkUhqXG4pHetp1WhDPx428GmKhBhHOeOp6zx1QS57pmRsuxEwHm4cJsv9NkpFuJVdbLuuLszWRmLAK6Q","token_type":"Bearer","expires_in":3600,"scope":"user-read-playback-state user-read-currently-playing user-top-read"}
Spotify response status: 200
Spotify song data: {"is_playing":true,"timestamp":1784231841953,"context":{"external_urls":{"spotify":"https://open.spotify.com/playlist/37i9dQZF1F5p3rmiWPIYgZ"},"href":"https://api.spotify.com/v1/playlists/37i9dQZF1F5p...
Token response: {"access_token":"BQAeBLifoZW-m9HbUo47XGhwsomUHC1WEgdZhyFIK3CLmehbwpFR3nL2vVq8kQNeGnsa1rghyxlID16DFQqgNzBD4JzYHoWqw0kAFxZAUYNDJ4GT7TxYamO3RGfP5sTM2a_VsCOJ-3ckeM4JKIxFctXp-Fd2j_f1OjPhnD8Yo_UPLgw2vWG2YtvzlQ2yIyWeDxMSpGLHkyj7Gx_66R0PACPlT70WFomkMeatQ8G245N3gA6g83AAJxTtvLJwUECA7j8J6A","token_type":"Bearer","expires_in":3600,"scope":"user-read-playback-state user-read-currently-playing user-top-read"}
Spotify response status: 200
Spotify song data: {"is_playing":true,"timestamp":1784231841953,"context":{"external_urls":{"spotify":"https://open.spotify.com/playlist/37i9dQZF1F5p3rmiWPIYgZ"},"href":"https://api.spotify.com/v1/playlists/37i9dQZF1F5p...
Token response: {"access_token":"BQALbABx22oRr-1krF9hZ5e2_-8vUb-YUI3mT9rtz_6FkD8u6zaGJQp9U8s4BJSEI5LDd4IH4ENG46HNe3nU1wYr-equ4FPH9f3aP-xDPOYZG5InuukzsO5k0G3ViMLy4_HvX5Cm2Sj0VRf5_lO1W7-8kcI-X0etZ2SeXm-hrtvbKJWxvNvisifloesaAlF1JILSvRuUVfpMxBsPz195dNJkcyVPZyXMb3-B8etPWmICf8ozFnopzx61-pP79uQjBo9ijg","token_type":"Bearer","expires_in":3600,"scope":"user-read-playback-state user-read-currently-playing user-top-read"}
Spotify response status: 200
Spotify song data: {"is_playing":true,"timestamp":1784231841953,"context":{"external_urls":{"spotify":"https://open.spotify.com/playlist/37i9dQZF1F5p3rmiWPIYgZ"},"href":"https://api.spotify.com/v1/playlists/37i9dQZF1F5p...
Token response: {"access_token":"BQDus2QBcyIrGEKulpafNvzdlEzV0UUKfIFIgSGP3Q4rOLIqTA_X3xNOVSEznEFcbfisRLNIIjAeagKjXbHQwc09ltaJTwZpt9ZJshMkUjXuf8H1_0GIGJf_KyZPLwub18QyQNQWC1eSlz2LwwI1EUZSz1py4XJUsa01zlv72mDWJBk0cJ3TiOllK-yUAvPpZqjX5gA55N8VQa59w1cc9B9LNB1ffH0rGOXRQLD5SkOrKyi9aEaEn-dgaLPeoth3e-Gtlg","token_type":"Bearer","expires_in":3600,"scope":"user-read-playback-state user-read-currently-playing user-top-read"}
Spotify response status: 200
Spotify song data: {"is_playing":true,"timestamp":1784231841953,"context":{"external_urls":{"spotify":"https://open.spotify.com/playlist/37i9dQZF1F5p3rmiWPIYgZ"},"href":"https://api.spotify.com/v1/playlists/37i9dQZF1F5p...
Token response: {"access_token":"BQACosf-jbkuGLdhDP2IL0AKSMX6ai_6jX8Jr9-RUWoru5kBzrKADnwUa8Nr0oPz80RGHQAY27Eq-XvcKw2h1EoSi4aifAR-eXUVQsAOw18b5VVdsOn7sWUnvHJAsoGlDTsHE7JUdXzjl71OXENrFSSIarYCkFVho4r4AaYNLXzLQkZj2LhEPAiHZILsGZcvFDYSXYWe6ZkAvVgoZHahUhLwSsrhOEwtrxLW8MLkesDQkHOZB1eqdaqNJL5N1hBIHDcSKw","token_type":"Bearer","expires_in":3600,"scope":"user-read-playback-state user-read-currently-playing user-top-read"}
Spotify response status: 200
Spotify song data: {"is_playing":true,"timestamp":1784231841953,"context":{"external_urls":{"spotify":"https://open.spotify.com/playlist/37i9dQZF1F5p3rmiWPIYgZ"},"href":"https://api.spotify.com/v1/playlists/37i9dQZF1F5p...
Token response: {"access_token":"BQBhKF6RyqFYQ0lGRUrFbkVpxXfpo6w_dOxgYB5K7DaQkaoHX8T162fM6TsC8eCOsGW7AOctDsMkeep4cJYqho4ZWF2j5XsTCTZU6rieQ8FegnFVw580ELnhIL3ia_k1fraBi_Rbm66-1BinfjaR7OtgAMxZHAqp5-J6fXJRc1PTIicGB80KfnKGjv2kRIafI3e6FLg57ecvP3KnHiCtYjM8u-rX9LOSWk7R8j4eHIxE4kgIqxJhl_wzmxQI27AXFJvZ9w","token_type":"Bearer","expires_in":3600,"scope":"user-read-playback-state user-read-currently-playing user-top-read"}
Spotify response status: 200
Spotify song data: {"is_playing":true,"timestamp":1784231841953,"context":{"external_urls":{"spotify":"https://open.spotify.com/playlist/37i9dQZF1F5p3rmiWPIYgZ"},"href":"https://api.spotify.com/v1/playlists/37i9dQZF1F5p...
Token response: {"access_token":"BQC6b_68e_hgUg64cmBvECubCz_Vv_jol6bWp-XjYMxl4p3P5MFC2Hds0bmu8tdsnpEzWNGNNYSyyR7AZmsovRyICL8LEhT4DzLiF7yTIEIhTzpc8CdLP4ExC3XY6oQkIGJdZdUmpdeoS4EJm6XlK1Vof4uXrpv_9boDidI8RbsGCsjn0ZQbhNAt0vCVGfZOxSVhuTlRJ6q0PbWaiEDfSaM9-scG6A6eKLRW_nw-zHUTzjEJwTb5jbjFE5Fx994dPpo8TQ","token_type":"Bearer","expires_in":3600,"scope":"user-read-playback-state user-read-currently-playing user-top-read"}
Spotify response status: 200
Spotify song data: {"is_playing":true,"timestamp":1784231841953,"context":{"external_urls":{"spotify":"https://open.spotify.com/playlist/37i9dQZF1F5p3rmiWPIYgZ"},"href":"https://api.spotify.com/v1/playlists/37i9dQZF1F5p...
Token response: {"access_token":"BQAROS-L7WlYLRI60rekxBHl0-YTOuKT0GJkRDiVYKeQAAp_YEDYIIboBUao_nzv3fN4cw6eZFSApiHQvulUbruQrzjjwqAebrijeZRgBdHGxeLr9_R3vNmKbA5HGSxUgbiuj7Ez9Q-rz22toPR1FDi-ipU6XSh6k50jsis12JXRB2DIvJEpX3rKjUtL8Z0mfaOo3crgi96vsT0aHVSU-fYNn5XqmCtU1efU4ViE4pV3MbnYAoVH3t-N5Md99eHs1jw5Jg","token_type":"Bearer","expires_in":3600,"scope":"user-read-playback-state user-read-currently-playing user-top-read"}
Spotify response status: 200
Spotify song data: {"is_playing":true,"timestamp":1784231841953,"context":{"external_urls":{"spotify":"https://open.spotify.com/playlist/37i9dQZF1F5p3rmiWPIYgZ"},"href":"https://api.spotify.com/v1/playlists/37i9dQZF1F5p...
Token response: {"access_token":"BQClT4jD9hd_6fAYN1Qhq-72C--Gw_ul52MFLKDM-7bMbtm2ozxgS0KrD1UhP5rc248o0ABm1R3SFKvRXEBN7U8XqjL6k8XpxzAGDDTdAy6fujGTsZ0mBagtQL4Fu0zEuMofq2dmh82fHLmLDlOIlSWRNPLBUykHs_3aPaReZXUS9BrAFOXJDEnEhbkkHsxtsRnN1cQEmy-QZ3ytXHvhefFVvTr27J84ML8phn4fseLmhE9UaxKGaCP6v-_dhTvcJbygSA","token_type":"Bearer","expires_in":3600,"scope":"user-read-playback-state user-read-currently-playing user-top-read"}
Spotify response status: 200
Spotify song data: {"is_playing":true,"timestamp":1784231841953,"context":{"external_urls":{"spotify":"https://open.spotify.com/playlist/37i9dQZF1F5p3rmiWPIYgZ"},"href":"https://api.spotify.com/v1/playlists/37i9dQZF1F5p...
Token response: {"access_token":"BQCs_s7RmWgenjpXEu5lv4aBOC3devUvOOoXTFY_C0JfPF8aEq-2F7EXzs4uJyVyOfjheeDV7zrs1disutBhns5IBd1uGXr8138UNy0keOyMYeMrz1o59FO2pwXxMWcM5wP44dVZLWK2h2NmkohYkeY_naT1hT-Ra-QFNmWUbVozIMea72-JwntM2HpJWDv34iujGsUjN0ZaMjFSgJlIKJAp13A1Qr1nBCY21T1pqw3bechXzWsgACwoxCrQUzxxwtDGXA","token_type":"Bearer","expires_in":3600,"scope":"user-read-playback-state user-read-currently-playing user-top-read"}
Spotify response status: 200
Spotify song data: {"is_playing":true,"timestamp":1784231841953,"context":{"external_urls":{"spotify":"https://open.spotify.com/playlist/37i9dQZF1F5p3rmiWPIYgZ"},"href":"https://api.spotify.com/v1/playlists/37i9dQZF1F5p...
Token response: {"access_token":"BQCpoMWIQX28J7HCALlbQ_F7YXmifyZWtJIYEPpj22O3gjqL6DXsno6woeR3Hsj25vV0qsaykqApwhtZngVTGNZTDQv99vV0LQvPSANa3wX5OwP-bFPdhF7W80_gApvlWbmzU43XTYUiLIflHMRIL2-xEEsx_Q6C-3zCpajfWMkhoXeQqeDFwDEoexYtCrIWMPiL6-V_CHJZIwACVLhFR3WEesWOQnLeXbSqWHnuXVHSBCa62IIJrETBpIY6sCisX0leNw","token_type":"Bearer","expires_in":3600,"scope":"user-read-playback-state user-read-currently-playing user-top-read"}
Spotify response status: 200
Spotify song data: {"is_playing":true,"timestamp":1784231841953,"context":{"external_urls":{"spotify":"https://open.spotify.com/playlist/37i9dQZF1F5p3rmiWPIYgZ"},"href":"https://api.spotify.com/v1/playlists/37i9dQZF1F5p...
Token response: {"access_token":"BQC6IJSi2f0Vx-yakNOiG6p9jaAYlgK2-H0NmMpuMOsJKmJJlsXYCUw4C3K5AwPZ7Ol_wAH01mtPXjA-DVmw_V5TsNSQe5fuy_ABEhfi5bcA5rZeqFF88vSwuFme-D1e2FnE-30e0dxOtcah5x_cYPwBAHVdZkzWnihXoxGTgnnIKVMa5TD0NEKh84X-Hg1zFHEBO8xyl94Rr4hIrTGHMeK2WRIivJHUk7zPyaaxUMoEeiqSwMZUSJK4vfv9Z3F_KvXTFQ","token_type":"Bearer","expires_in":3600,"scope":"user-read-playback-state user-read-currently-playing user-top-read"}
Spotify response status: 200
Spotify song data: {"is_playing":true,"timestamp":1784231841953,"context":{"external_urls":{"spotify":"https://open.spotify.com/playlist/37i9dQZF1F5p3rmiWPIYgZ"},"href":"https://api.spotify.com/v1/playlists/37i9dQZF1F5p...
Token response: {"access_token":"BQBdBKvQ-CPgq_QS5Jf51IfUzvUuitO6yKU9emq4_Z8sQxR2faxccUw0rY6bb2aLJ0fShY5Pk2VAew0uKGt_UM6yFPbJqWaejmOYOTm4Z16TrjmlEj3ZIjmoP-hmWFSWZvo_7IvlW588WeyXogP7ie7mB7a8xnVGWS6l8rWoa-minnbsBnfUYvkCLlsx20XHLZKiHXjrkXH0PqKIxTlrt043GOTvMrIclQ_a7Dkv7oKj3rwvdYZFDA45fW5bGIhHxlctOA","token_type":"Bearer","expires_in":3600,"scope":"user-read-playback-state user-read-currently-playing user-top-read"}
Spotify response status: 200
Spotify song data: {"is_playing":true,"timestamp":1784231841953,"context":{"external_urls":{"spotify":"https://open.spotify.com/playlist/37i9dQZF1F5p3rmiWPIYgZ"},"href":"https://api.spotify.com/v1/playlists/37i9dQZF1F5p...
Token response: {"access_token":"BQAsrOGceDaWz40GCYPVcU7h1DzXlyHzVmFJ36S-9tlwXx3UCDAw3Gg8vfbhAXAvMdvFbNEho4cH72rvk8q31gzit7qRMNYWCJyWO4e_JkjFjBqU8uuM0FJw_vYwmYKHfByS5sX8g0MCIPpvH3tNnzvJTd7GKZBf4ti375Z8rgG82Rh9tJA7dRNsmoypGTchdq3VpgA0rbEY5K1m2bDBZv0gX9ffQnrYB4vO__3VtK6HTeNDVvV68xFa5MvNf9fZvPY_2A","token_type":"Bearer","expires_in":3600,"scope":"user-read-playback-state user-read-currently-playing user-top-read"}
Spotify response status: 200
Spotify song data: {"is_playing":true,"timestamp":1784231841953,"context":{"external_urls":{"spotify":"https://open.spotify.com/playlist/37i9dQZF1F5p3rmiWPIYgZ"},"href":"https://api.spotify.com/v1/playlists/37i9dQZF1F5p...
Token response: {"access_token":"BQAVHbLALAhib0li9VkwdIDzHA27lubLHbQYtx4U7t7sM81PNALNOCS0MAQcuKwotQqTElJAlAbe9NFiLVrF83OnpspqPYdnPhdnUiMwBIQbTV66xPs2YKNtEOnG62ckTJDBkStYwQcfh7lO4dMxGQbocSEYqg-S3VsomDxmFuLFRZc7eDkyqwWiQtQs9KgPk1a7icwg5otIEK6MoOGVbEA3iwk0H1s8XlmUGA-5tmUcPUXI5lP4O6NMfe-EzuIsSm9cwQ","token_type":"Bearer","expires_in":3600,"scope":"user-read-playback-state user-read-currently-playing user-top-read"}
Spotify response status: 200
Spotify song data: {"is_playing":true,"timestamp":1784231841953,"context":{"external_urls":{"spotify":"https://open.spotify.com/playlist/37i9dQZF1F5p3rmiWPIYgZ"},"href":"https://api.spotify.com/v1/playlists/37i9dQZF1F5p...
Token response: {"access_token":"BQDU_nXZEp7OZOP0fqaaZ4AHmtG6SKHX1GthMQTPXxbwqemtBgrQjrFbjLszxvYc5BSz5L2ot57Ps2Ztakuu6gCpWpUb-N108qR30iRQexMMkm1kkhX1KI2PkU90TJ0zxvZY_OQaxDIrIXGyOTn2kZzwLPB3DbY5EVNICcERBqAsM18HXe2sGCuEgf-cbXZvo3EQZGAAR251EeFYiYhtiU5mIYScTFAJPaQJu8EkYniPAUNX9HHIgp8WX1TN3Ck_fZpRWQ","token_type":"Bearer","expires_in":3600,"scope":"user-read-playback-state user-read-currently-playing user-top-read"}
Spotify response status: 200
Spotify song data: {"is_playing":true,"timestamp":1784231841953,"context":{"external_urls":{"spotify":"https://open.spotify.com/playlist/37i9dQZF1F5p3rmiWPIYgZ"},"href":"https://api.spotify.com/v1/playlists/37i9dQZF1F5p...
Token response: {"access_token":"BQDO470zbFR8F0sztRWSUVOyLdS35hxYsjgI4Ty18S1-8o8Us8wG-UWBPW0Tier3vzTHS108bzjh45iWXexkX1BpRSEvqvNlId7plObJ-FQiEtPHCkxFlNw7X5YBkPTaJh0By_d9ZiFSsOPStB0WL_wHfTVUXxXvAPsVvZ4rCBa2TvlQ2xOmPCLN1EHJyKhalKKiTML_EFlvwiKknUu0DtNcSyOFuv-86yQq8Gnv3VNL74sfiMnblCW-OS7aiv09DlmcgA","token_type":"Bearer","expires_in":3600,"scope":"user-read-playback-state user-read-currently-playing user-top-read"}
Spotify response status: 200
Spotify song data: {"is_playing":true,"timestamp":1784231841953,"context":{"external_urls":{"spotify":"https://open.spotify.com/playlist/37i9dQZF1F5p3rmiWPIYgZ"},"href":"https://api.spotify.com/v1/playlists/37i9dQZF1F5p...
Token response: {"access_token":"BQD8yVh_6j6beO_KMJ5iWZutEQ2WQ4QSkPh4RIhO8JVXKZPK4I_yBUkE-yJpey9DPL0pZZyrWanijdLc8GP6myVoOCT-2kH6w4xMNkyAXprwRzHOnWP-jL-u30GpMk1yF1v42R4p4QOvU-wTaVEMABmFOCTPWHK7j4l4gTXbHqCsc41w1UcN1jYOW8v5fPvch7IAU_Fcw8CxS9WF_RznPQ7zGQuHkmY6U_C6DBySkOEs2jLerdKrZ5aLiOKWvlsRZZnAWQ","token_type":"Bearer","expires_in":3600,"scope":"user-read-playback-state user-read-currently-playing user-top-read"}
Spotify response status: 200
Spotify song data: {"is_playing":true,"timestamp":1784231841953,"context":{"external_urls":{"spotify":"https://open.spotify.com/playlist/37i9dQZF1F5p3rmiWPIYgZ"},"href":"https://api.spotify.com/v1/playlists/37i9dQZF1F5p...
Token response: {"access_token":"BQC46lxYf1L5FxQy0ixcFN5InOmGnuWXXOg1iXZdzdb8RMI_9yZsc6Jgf8IUOQpGVFJ1yh1hzRz8kxXYAhuDaGe3z_ZklMX4T4moj8SnFYDMiAnk-WTO7VOCzuX4iji_yXsPDubj2_0juJVFcKUWpD9Skq8y96N3OlxdYNiC33KZ1rfKY16fVHVD4D2lsordpvinv56h2xhO6qEupegb4rGARELZnxGZOlXLqtCYTppROhQlbt8MfeLZhwYt9Cz4CmyjKA","token_type":"Bearer","expires_in":3600,"scope":"user-read-playback-state user-read-currently-playing user-top-read"}
Spotify response status: 200
Spotify song data: {"is_playing":true,"timestamp":1784231841953,"context":{"external_urls":{"spotify":"https://open.spotify.com/playlist/37i9dQZF1F5p3rmiWPIYgZ"},"href":"https://api.spotify.com/v1/playlists/37i9dQZF1F5p...
Token response: {"access_token":"BQA99CyzCiJOoe1nINWZg5_DmRa6AMPp0_JUrRoCXmdtEXbD7-AMGxZnp8ppglDloGeaQqn8WBNTjVi089Njk2fwTlZh5UQrsLuWQZttx2G1QoLs3to4XjXPoi6Dr0SdHEYfXkQApw5s1iyDOsShM0nFjyZQhyUn8EWjv2DtppnIJYCS1RSN1d_Udb3C_d41k0YccGABdXJs8JUbl5qXsrcpQezq0fZeiAJJqy4YmWj7Pi4_TXronzkzgTakrdhzwNo7-Q","token_type":"Bearer","expires_in":3600,"scope":"user-read-playback-state user-read-currently-playing user-top-read"}
Spotify response status: 200
Spotify song data: {"is_playing":true,"timestamp":1784231841953,"context":{"external_urls":{"spotify":"https://open.spotify.com/playlist/37i9dQZF1F5p3rmiWPIYgZ"},"href":"https://api.spotify.com/v1/playlists/37i9dQZF1F5p...
Token response: {"access_token":"BQAUfwlavF8Avp8_ppxbyvD_FmgH3Y88cdRWTdZFzVjVPyyAF4BFrllOqpug_L_-3aCxelrvo18-xvNTYM5VaToJpNXCfwQx5xZBOh9RpqrPJl7LV3og06ZowZ93oxUlQlrnUyBAlCC9TUDOPLRhCcNPMNZIznSRZ2FriyoueggNBCcatG9UUtgqE08627eDGNYRvMz9BTBa9de5oCWgrtUreiA_GOLyLkOwiJGXzEDjkah4fbJ3k_9fYeAv5xHazJkerA","token_type":"Bearer","expires_in":3600,"scope":"user-read-playback-state user-read-currently-playing user-top-read"}
Spotify response status: 200
Spotify song data: {"is_playing":true,"timestamp":1784231841953,"context":{"external_urls":{"spotify":"https://open.spotify.com/playlist/37i9dQZF1F5p3rmiWPIYgZ"},"href":"https://api.spotify.com/v1/playlists/37i9dQZF1F5p...
Token response: {"access_token":"BQDJdiCPBVKKLABjYI1jap67okscvWQEgot9WMILHl_lZO7kQCcMGsXYWHUwje3D8hwCwbX-Q__zE1r1bxsMHWJT0p7FXc4DBOWGpAJTi4x84cg2j91M-Wk449JFXRLAF-WhRzCu_sxA9nGoHhRGD_-AAR5NxEmhxkeDvZ5qonJ4deTO-MAEVFCT8SmPanWQd6D8dS7FDgHrIqDY-qgKkzoaBfLq84GQLGHrr14Cgx8PYqezy7rbsa9F-cuEjq4W5Z-O6A","token_type":"Bearer","expires_in":3600,"scope":"user-read-playback-state user-read-currently-playing user-top-read"}
Spotify response status: 200
Spotify song data: {"is_playing":true,"timestamp":1784231841953,"context":{"external_urls":{"spotify":"https://open.spotify.com/playlist/37i9dQZF1F5p3rmiWPIYgZ"},"href":"https://api.spotify.com/v1/playlists/37i9dQZF1F5p...
Token response: {"access_token":"BQBf3CNoHx9D6MF8DN230_-3M6BMnI3mmqy-kqYbOWDlWSybqRKOvsj8atVlOXj93_zaQNvl0JF-PD3BAQDTXZDLbM4re4PxEi6qpqLIGI_x9W8gF0RcsRVVIU4Ka1ACTVv42FK8fVi9HPnFtZq3KHFWsWqoOgtKx0yh5AJ44BhvXNOZstrywSJFl7nd02yVPa2_JSyYzHmHtbjLErnifJyPUgvmsvBqnLxpQYvzn-77lPC2iXleexUlLAOqdisbujyZ_Q","token_type":"Bearer","expires_in":3600,"scope":"user-read-playback-state user-read-currently-playing user-top-read"}
Spotify response status: 200
Spotify song data: {"is_playing":true,"timestamp":1784232095863,"context":{"external_urls":{"spotify":"https://open.spotify.com/playlist/37i9dQZF1F5p3rmiWPIYgZ"},"href":"https://api.spotify.com/v1/playlists/37i9dQZF1F5p...
Token response: {"access_token":"BQDeY7F1E9rK4GvLFDbn91CY7RqvhjnzEnKQka6mXMYJd7v5N6c3P-FNhGC71mHgEQgZex1cel28b_3nwRW8QbqG3XLM78vD03-pVILXB1Nx77f7OJdUykD8M7Jrrc1qXnbUOwMcQ4vpCpkFLBVAi7iwht8Ebfmg9IQ_iFnenkgYL9Z8qgst9rMMnNhJk6jwc3bvJVJPES45C5yfAfeIlhAriYtTeO814aFkG9E21nIsWjc7QLpFxlWBNKTE1aMAmSX0vQ","token_type":"Bearer","expires_in":3600,"scope":"user-read-playback-state user-read-currently-playing user-top-read"}
Spotify response status: 200
Spotify song data: {"is_playing":true,"timestamp":1784232095863,"context":{"external_urls":{"spotify":"https://open.spotify.com/playlist/37i9dQZF1F5p3rmiWPIYgZ"},"href":"https://api.spotify.com/v1/playlists/37i9dQZF1F5p...
Token response: {"access_token":"BQCdIxdJgDzRwvPl07ooD3ffhPk-bixN61-FvFvcZxJeLOAUVfkGp1jgmhwv6wnx-ZfnzhFB3PZOtqPH2HLWSd1cHeN3M7UYPggK1y_rI5I6WasUP0l7SvbTXWyGVkAfh7GtcwEnBxttNm-lzKtadx4PaeKGgyyY8ueMo-keucHuPRYG5PCnXyEOfgq-lQsgnFVW-tOIJTChWhlBisw-umLTvXZ5ouu8TuRA4YCuP2MdOEdhWn8_3h2sgpvU4IWJ7J9dcQ","token_type":"Bearer","expires_in":3600,"scope":"user-read-playback-state user-read-currently-playing user-top-read"}
Spotify response status: 200
Spotify song data: {"is_playing":true,"timestamp":1784232095863,"context":{"external_urls":{"spotify":"https://open.spotify.com/playlist/37i9dQZF1F5p3rmiWPIYgZ"},"href":"https://api.spotify.com/v1/playlists/37i9dQZF1F5p...
Token response: {"access_token":"BQAymU5z6_SNF8uKj0z25hOTXF_yvBYmg8S5QwDZdByfAe7wNPaMHsFLNtFSDTO3wDsoyWcgYynWBQI9XtPgwf_YD5pa-txfgiEYFroUlqnkrz95jVKfDw_vGGXk19kT-M8XCQsW95Fc-mND3lDSqSHZMbpDa4GGOsF_vKgTkOIcBak2ZAJZIYKAOst5yZrAXvB9UEn5KO6BaEVniUnTeNtN3e-vASmoGEbbvX_cF2H41uOrbiEcBmQVFrTNW1M0DE1xDw","token_type":"Bearer","expires_in":3600,"scope":"user-read-playback-state user-read-currently-playing user-top-read"}
Spotify response status: 200
Spotify song data: {"is_playing":true,"timestamp":1784232095863,"context":{"external_urls":{"spotify":"https://open.spotify.com/playlist/37i9dQZF1F5p3rmiWPIYgZ"},"href":"https://api.spotify.com/v1/playlists/37i9dQZF1F5p...
Token response: {"access_token":"BQDsCRf2bS9fhzRl3X9rlYenaWO8_IL68Zi6KvVNcC7Sn_TR4GYNzCXFPMVsRWqOyJaIxh-kcEQgKc46dLJu2i-GdvxEwJkQQI-LHcwj7THyDt0EcnofOcoilmw4xQkqWqVafRSXmGmTdUxzv3uOOp28he-7Ff77Jeis0o-rzJU5C4m-B5U-9KGrWFwK33X3BZU_cXZYpzdFwEFBq9mBS9ioxqy3cQwEpPGhpgVwaXbbAfVjbmrrg8AeGmgNtHNuxQWwTw","token_type":"Bearer","expires_in":3600,"scope":"user-read-playback-state user-read-currently-playing user-top-read"}
Spotify response status: 200
Spotify song data: {"is_playing":true,"timestamp":1784232095863,"context":{"external_urls":{"spotify":"https://open.spotify.com/playlist/37i9dQZF1F5p3rmiWPIYgZ"},"href":"https://api.spotify.com/v1/playlists/37i9dQZF1F5p...
Token response: {"access_token":"BQBGK4_o44Q43ZhFDIGQseGrQsJItUPmVsVLTn9KrfhbDYi8jz5CgnMsoVVJYE6EygaBtgTqiCXP7Pn4J7XjhwtqdgQav2JwzwvtLZLCLfGoe0J7FSLRGLNZ4mCChmNfJttE2Q77PJ0E5aLCh0CitI-RjpwOzbGh31GWye3iKgguqggxxDhoH-WG9YtTmtNUMA3rQ4LFldI82PjIsgWqXhXFGZLAC_CGmFlvG0IzXzljCCYE8F3DpN2j5ut_M1i70QsbLw","token_type":"Bearer","expires_in":3600,"scope":"user-read-playback-state user-read-currently-playing user-top-read"}
Spotify response status: 200
Spotify song data: {"is_playing":true,"timestamp":1784232095863,"context":{"external_urls":{"spotify":"https://open.spotify.com/playlist/37i9dQZF1F5p3rmiWPIYgZ"},"href":"https://api.spotify.com/v1/playlists/37i9dQZF1F5p...
Token response: {"access_token":"BQCMSOFj26fJ2_amZNSpryf5qD_7XuwhVWbEgTSp99UWOLrlXDTAV9lrb9USQ1miEk4Dc9T4182117P2pn4FFjZqWmMogku1Ol6E7xxA8s3x_l40p3AHUTORIPMp-rqMza6ikm9xjQZaRplv0IYUHPh_DPU0J5etvcdOOzrGLGThk55AeUZ0HrLNGd-k9hH4HiFirQROcd7dx3AFk_XY9gp4v8vINXjzhmL_YstMBj0HHacf77f-91_7hy0LJTHYWfnPpQ","token_type":"Bearer","expires_in":3600,"scope":"user-read-playback-state user-read-currently-playing user-top-read"}
Spotify response status: 200
Spotify song data: {"is_playing":true,"timestamp":1784232095863,"context":{"external_urls":{"spotify":"https://open.spotify.com/playlist/37i9dQZF1F5p3rmiWPIYgZ"},"href":"https://api.spotify.com/v1/playlists/37i9dQZF1F5p...
Token response: {"access_token":"BQCCsY4gm0youJBDM3GCB8zTG0Rgndbp-bF8tfZB9GPCMz1cRRNDlDj5cMOw7bp1zGifu6KjzoaEDqFAGKShzFv-PvIGQVvWoPeFxoQVuNPNH4RxMm--tNsklOS2r_r119aAouu0fLtSnDGneeugDtAzeB8abaDlIILtSeatdVYgRn2Cx_AwXR4BeGdof_I5ST4pxpHaoqfHoGMWaFsOt1wJ9pv_Nf1lwxuK5THe4pz7hfBoq-lEm-gS5yELL8gh6jcucw","token_type":"Bearer","expires_in":3600,"scope":"user-read-playback-state user-read-currently-playing user-top-read"}
Spotify response status: 200
Spotify song data: {"is_playing":true,"timestamp":1784232095863,"context":{"external_urls":{"spotify":"https://open.spotify.com/playlist/37i9dQZF1F5p3rmiWPIYgZ"},"href":"https://api.spotify.com/v1/playlists/37i9dQZF1F5p...
Token response: {"access_token":"BQCpuJBdsZkQW3sHIokDpX2H6hgtjJGozVr0bjooyQqxeuH4xmvbwDK9WYDokztpV7UjRAqpeN0TTlRnurdVVeqCO1rzQQoJee5prIb7QEI9OundNdMChVlKAYpG2F8XZ3q7TMqMPzq19L_RDZo1m8rw1fOJTPNePSHH2S7hTmxDHug3BQTLr7fdjMY9yU4vowJ6mwl6EWb2T56gHNDjkqd1NOTmjFQaBHU88x7KCkzTw7ilX8SJZgVva3G93dPcW2lp0w","token_type":"Bearer","expires_in":3600,"scope":"user-read-playback-state user-read-currently-playing user-top-read"}
Spotify response status: 200
Spotify song data: {"is_playing":true,"timestamp":1784232095863,"context":{"external_urls":{"spotify":"https://open.spotify.com/playlist/37i9dQZF1F5p3rmiWPIYgZ"},"href":"https://api.spotify.com/v1/playlists/37i9dQZF1F5p...
Token response: {"access_token":"BQDk7lz_ddBLUTLD0SoaiKoyqOvG2apzButVW2BGpFKKy9zdDZVt6S7VqwLjp2qycOledDXSHEofuQA6fR2Q2qb7fX7W2Cq0B-GyVTAVAdzxkvpHgsaMeM4reD770_GLN9RR0MCRJ-58StluZdzsJ9BV9LXLI4gH8lFdulN8l7VvVxwhwtosEFebPlzvwDUEZXxMqvAQItIHYER65COihV5FfwwjfxH0aWqfs5vKW_GAbvYphVLoRXxv7p7cMws87jeXyQ","token_type":"Bearer","expires_in":3600,"scope":"user-read-playback-state user-read-currently-playing user-top-read"}
Spotify response status: 200
Spotify song data: {"is_playing":true,"timestamp":1784232095863,"context":{"external_urls":{"spotify":"https://open.spotify.com/playlist/37i9dQZF1F5p3rmiWPIYgZ"},"href":"https://api.spotify.com/v1/playlists/37i9dQZF1F5p...
Error fetching Spotify now playing: TypeError: fetch failed
Token response: {"access_token":"BQDVcKsC8jPC5D339ANCcTllf1VJhpoqZGNNZfKC4KTwrtG_5HY_wgtq4JPqP2c917Krr9XoGG6s7rY6hu4_b0SickVe-sEAwj2-6ZIm-rtrcfGd_XNyt2nc1sYOwWFOkbjmqrL5ItiPRMhyjWNySuZ2SGFKR677R-V0EWlQdSM0f5CONCNEKp02OWmu70oRQ9ESQ8gNzMkChD_v-IlnFnOF2E0XUgEWbfO4EpA6-3k9FOsgGrZuiu-q_8RszYe_4jBP4g","token_type":"Bearer","expires_in":3600,"scope":"user-read-playback-state user-read-currently-playing user-top-read"}
Spotify response status: 200
Spotify song data: {"is_playing":true,"timestamp":1784232095863,"context":{"external_urls":{"spotify":"https://open.spotify.com/playlist/37i9dQZF1F5p3rmiWPIYgZ"},"href":"https://api.spotify.com/v1/playlists/37i9dQZF1F5p...
Token response: {"access_token":"BQBN550UOWcuU7Qjj7aQXXCLr-kB0IVY_qPqQn1ti-xxyQn1rkt33L2ZVGJ7tS1n_wctTG35rAfadke809VgNDY9YLhEehC--ZSd8w1MhM9KA0s8kCMepfllA3_zMVLjZWudxX4_pO_l_GAh3jO_XFTbuvGOoTMDGBx28BlIJXkjz392NImi-4jXEX2Rj8b9dDSIj52psmh97OG5X2RhQwROIVvoPfzFtOIoWfvX-bTieB0ohRy4ikxm8bsTINK0IjKd_Q","token_type":"Bearer","expires_in":3600,"scope":"user-read-playback-state user-read-currently-playing user-top-read"}
Spotify response status: 200
Spotify song data: {"is_playing":true,"timestamp":1784232095863,"context":{"external_urls":{"spotify":"https://open.spotify.com/playlist/37i9dQZF1F5p3rmiWPIYgZ"},"href":"https://api.spotify.com/v1/playlists/37i9dQZF1F5p...
Token response: {"access_token":"BQDZvh8M-rOL17O8fsyKFo8aNzyMP6TwQgY4iWpMBJDu7tsBD6wncvIJV39OO8HvUiY-LJV6hG0_mVCIC4uTMv3BCSLl2-6ZXHAynu1x7pMul6bVLHcOUviVNr7wCmSR9f-KJWpNW71PD4_sLpitz0UzDo887Vlac9LiiiGwBBq9AkOrk0x65E0LCpgc1lXY4epujPqk1NkSG6HcvbQqWaKXGdsb1lLXaaaCBsqOlSCJq2xxX3VvvW_RW84cLiFDJhFvfg","token_type":"Bearer","expires_in":3600,"scope":"user-read-playback-state user-read-currently-playing user-top-read"}
Spotify response status: 200
Spotify song data: {"is_playing":true,"timestamp":1784232095863,"context":{"external_urls":{"spotify":"https://open.spotify.com/playlist/37i9dQZF1F5p3rmiWPIYgZ"},"href":"https://api.spotify.com/v1/playlists/37i9dQZF1F5p...
Token response: {"access_token":"BQAlE-cIu_EGQieUNrMwNbaE5Zi-2158kYMQe59QpfMyiD8KM_1Zldoo05FB2Veq293C9clc43l_-XLZQH0zDQmH9bmbQuiMiBKNbw6Pw09UYvcb4NEaJEB2dkTapx3y4f-gyapbd7pLVURZOZs_wHxFj7cMrLcG4oi8ObjsnaFsL9UgleAB84npH2y2z8eHhuZM9Q69zyzIGMPcMxQBFH0cgidusWVx6u5OtCdjGujgYFLMHzjJm6O4sycJm0F2YyI4jQ","token_type":"Bearer","expires_in":3600,"scope":"user-read-playback-state user-read-currently-playing user-top-read"}
Spotify response status: 200
Spotify song data: {"is_playing":true,"timestamp":1784232095863,"context":{"external_urls":{"spotify":"https://open.spotify.com/playlist/37i9dQZF1F5p3rmiWPIYgZ"},"href":"https://api.spotify.com/v1/playlists/37i9dQZF1F5p...
Token response: {"access_token":"BQBrUffchZXMcCLzVY37bfxu_2AtndZAieBmvHXeiLZa6l9qt_KFkWIJYjzglfHU-v3LP-Ro9MzgxH1_JNXju_E3cZhvpZzJcUjVp-u5fzkjmFxwMaXK60Rvnce9xMdbxnDfe-XBtLCcEFJlw2yIvs0Agk7_G3KvC0bQ07i1jtNAZq4xO4LK8Zw0MLbQOJIg4Udud3parFOfr4y6y23i-bGdDbSZjCVdNBln_7NuClL1ipTBlBDW8VfnzdsTIpSs8sDqtQ","token_type":"Bearer","expires_in":3600,"scope":"user-read-playback-state user-read-currently-playing user-top-read"}
Spotify response status: 200
Spotify song data: {"is_playing":true,"timestamp":1784232095863,"context":{"external_urls":{"spotify":"https://open.spotify.com/playlist/37i9dQZF1F5p3rmiWPIYgZ"},"href":"https://api.spotify.com/v1/playlists/37i9dQZF1F5p...
Token response: {"access_token":"BQBYyI7YlOcTsbGt1pP0QI7cvnn7uf1r6ghuzeYlSurVeXNHnFnHHfPY7_g0zjrcbDMTaZug19F4x_bPN-vSa0a5Ol_dbuYisUELjiCvpUUf-C8Gpx_e0POhwNfWLPnVZ_midMZogYsEvzyY0EnDr0nv7jXx1ijJqVcc05raDOnkbkOTXyvA9GWh8mhq6dY7AHDfVbfskNPp9y2Dybws72CBPzTCM5jMTfH6q5tMVbG3lmF72xp57C_7P_1F-GaSnY5sGA","token_type":"Bearer","expires_in":3600,"scope":"user-read-playback-state user-read-currently-playing user-top-read"}
Spotify response status: 200
Spotify song data: {"is_playing":true,"timestamp":1784232095863,"context":{"external_urls":{"spotify":"https://open.spotify.com/playlist/37i9dQZF1F5p3rmiWPIYgZ"},"href":"https://api.spotify.com/v1/playlists/37i9dQZF1F5p...
Token response: {"access_token":"BQAwgaPvjPMZAM5uw1xrdnqu1Ylv1yDLuFx2nYXABU0RRxLXflsQHdFRr7uqJMuSm8N58ZGPPK-SkrCk1OC9oJryUaBTjvI-Ih3wX2ogthQvYoHnukjKH-wXxUct1tjCuifoXRrbS1z2zaJkTrJDJqf1RGNIcziDkuqL7gUrf31ry5EqGEDkqsmeYy2vXsxMxFkznlmtsxibkTSnBIYPj-heppQqlcRUhOfqNzWiarMhyQBa2glNVjBqF1BAQUCRzLnh5w","token_type":"Bearer","expires_in":3600,"scope":"user-read-playback-state user-read-currently-playing user-top-read"}
Spotify response status: 200
Spotify song data: {"is_playing":true,"timestamp":1784232095863,"context":{"external_urls":{"spotify":"https://open.spotify.com/playlist/37i9dQZF1F5p3rmiWPIYgZ"},"href":"https://api.spotify.com/v1/playlists/37i9dQZF1F5p...
Token response: {"access_token":"BQCXa_bBkA_FPdWT6ckU5db4_VmMhrz_Fi_YJKsUENxHm6cjKKhjzHkKkypkjHGYgTrVSdorYbud3sK69kW8Bbz9nxm-npcud9S0hxPEHkhShv7q6T4Qje3aDWrklUWwESpa5lkNXuDzhvU-_lgMTmkQLzyFDtk9bK7RS2_M5yM4kfTgGB9dItnetqxCXmkWYtOmckPEqcKkR0yaqgqv2ImMi7nxxbs22GI6r12q7oxswwxqevOnjNThb_4Wjn81tuNzdQ","token_type":"Bearer","expires_in":3600,"scope":"user-read-playback-state user-read-currently-playing user-top-read"}
Spotify response status: 200
Spotify song data: {"is_playing":true,"timestamp":1784232095863,"context":{"external_urls":{"spotify":"https://open.spotify.com/playlist/37i9dQZF1F5p3rmiWPIYgZ"},"href":"https://api.spotify.com/v1/playlists/37i9dQZF1F5p...
Token response: {"access_token":"BQDxHKVHH7CdC1UZFHp2a92X-zJNODUQ_msobxySAqewiAni_-xCqD2AdS0DwjN8f3ubZ5md0hTrqxAIa7Na5YvbjTEOsCkd0BqTUf5NLm-38FhbkAUED5cpN9hJszTz87lg4qkmkshywKgPK76BOKZpgHK_5WJGfcz7u_E_0bSCxznDxO9ZcFh7_vUQbEYio1W3iyp3esPz3Nwkh4RQn7RuKLFIOkwbo506kjFfcz2KCjQX50JLi7k2gkQiZCvwCxlcRw","token_type":"Bearer","expires_in":3600,"scope":"user-read-playback-state user-read-currently-playing user-top-read"}
Spotify response status: 200
Spotify song data: {"is_playing":true,"timestamp":1784232095863,"context":{"external_urls":{"spotify":"https://open.spotify.com/playlist/37i9dQZF1F5p3rmiWPIYgZ"},"href":"https://api.spotify.com/v1/playlists/37i9dQZF1F5p...
Token response: {"access_token":"BQBb59nhu7MoeVomFFgVo6SrHPfmwgux48yLJjyRVOEE0ZC_bkEsNsUK-pgJILVq5GJW1j7gFLRSBPIOcK--_DXjdr52d_coe-ZYm5WlSRmXansFozs2-ecWKBczAnyg6YSo-7g1Na2A7Mby5NK0vk0_1X7wNDHGK0q7giC-duXEMhPuQaZ5vit8cwCdid0RWz7gstnTtatXDYxy8PygSv6JiOubGorwkd2bjMKy6P1uadU_J5IWhoiUSylD4IE_gA4Rjw","token_type":"Bearer","expires_in":3600,"scope":"user-read-playback-state user-read-currently-playing user-top-read"}
Spotify response status: 200
Spotify song data: {"is_playing":true,"timestamp":1784232095863,"context":{"external_urls":{"spotify":"https://open.spotify.com/playlist/37i9dQZF1F5p3rmiWPIYgZ"},"href":"https://api.spotify.com/v1/playlists/37i9dQZF1F5p...
Token response: {"access_token":"BQArKdMo1UF9S08acvWrgHgYFjF2gfZm_LbQkJIPNG7v-fGbSO3eG6egfLukDuQs8pBfSUrdUYQOL-JmJEWhIOpw53XVzvUuufMgUME2Vfz-ZXGFJ97AzUWDJod1LqE6Yu7BxT92bGx-cHyslh22Nx2T-jHm0e-WrAEBor0dS9fFrvB0ZbShkx-hCQ2TipNUen1fv9Qw6b1FZMBcjwFEdIwKR0jInUkidFjOLF2bEAmBPKdX9eejTIEUC0at6qaozL3EAA","token_type":"Bearer","expires_in":3600,"scope":"user-read-playback-state user-read-currently-playing user-top-read"}
Spotify response status: 200
Spotify song data: {"is_playing":true,"timestamp":1784232095863,"context":{"external_urls":{"spotify":"https://open.spotify.com/playlist/37i9dQZF1F5p3rmiWPIYgZ"},"href":"https://api.spotify.com/v1/playlists/37i9dQZF1F5p...
Token response: {"access_token":"BQCajfFEgkj21b_DJWp5THkz_xvSuPrgwBOowezaIG92medzrQfvSxISm-p1_veIWiui-tuuJ98jonXwJtZcuwZhiERSxypANGzKY4TsqETalp-7im0LcStvnb1q8JuJYln3od4vLBYIeZ3EWCp2bj01VkJjIcmFH6J7S5kCqXLEvfQZCpa9G4KvsBs_7-bd8L6Zfju3zGhd93I3MpVzVNteRFvXR5C8mwFOr7jdAbmrJoNkzxiwfYLRSJxGKIP8OhpsDQ","token_type":"Bearer","expires_in":3600,"scope":"user-read-playback-state user-read-currently-playing user-top-read"}
Spotify response status: 200
Spotify song data: {"is_playing":true,"timestamp":1784232095863,"context":{"external_urls":{"spotify":"https://open.spotify.com/playlist/37i9dQZF1F5p3rmiWPIYgZ"},"href":"https://api.spotify.com/v1/playlists/37i9dQZF1F5p...
Token response: {"access_token":"BQATQIQ9a3gAD0osYeYG5VhgnuLrXGEBTXV1OooVTwRgZXn8NmE6xOANoTQqUgUZ-fLydDxpj8dq80DnuisOkxTjjkcseZ4vkOD5rvieZ7dYajDvCtTItxgenvTLPSoULRA2GqwC0NElMQGkb7ueS7VKTF5O1Mv9InmrQ-EcXBo9BGzBum6xK0sLAvaV0S-JajL4X9ZY56lV2KKZSjCrB38i2_jQawxrctSfFruigYxH0XQWmVZaFL2TCbMmzU-L2h4EmA","token_type":"Bearer","expires_in":3600,"scope":"user-read-playback-state user-read-currently-playing user-top-read"}
Spotify response status: 200
Spotify song data: {"is_playing":true,"timestamp":1784232095863,"context":{"external_urls":{"spotify":"https://open.spotify.com/playlist/37i9dQZF1F5p3rmiWPIYgZ"},"href":"https://api.spotify.com/v1/playlists/37i9dQZF1F5p...
Token response: {"access_token":"BQBMWWqHjmMkmKW16XL8eWY6rDnumHrdFncoxgesjqdJOVbwZ0kki25rzOxHuxLZpokmISBfnoCvmrdsFmCjltfr43So5TQtoq4CsJ7TozuH-3TgV1Z_nKoiZL85x5CSHUIuklF7UErI0oAXohxRiNyaZtKHKUoFkaXp8BiPciG5R1W2tXOBSeZkM1BtISV0Atu3yyHmj8N90slcj2Jcn1Hs2mEepnqPU9STI5gckJ5zxPPoaIAYF37KoO-_dUJwn7JV8w","token_type":"Bearer","expires_in":3600,"scope":"user-read-playback-state user-read-currently-playing user-top-read"}
Spotify response status: 200
Spotify song data: {"is_playing":true,"timestamp":1784232095863,"context":{"external_urls":{"spotify":"https://open.spotify.com/playlist/37i9dQZF1F5p3rmiWPIYgZ"},"href":"https://api.spotify.com/v1/playlists/37i9dQZF1F5p...
Token response: {"access_token":"BQDwx8_ola_7MKWJTDr6OS7KI4Hj4TIe-5QeBEW6Eq5sHJ-9qlJsq1wXC5-4JcwLBKv96FZ-9OMW9baiQuxhTXWu3V1hk-qEobe0zhCKp8divtXobQXUL2pvyxze07MfbvmO9bu5s_Jz2m3o00hkGBKQtUGEy0bcRvkKOF-gWSmvLd7sg5IXl3fMIce_nIQVYCZJRwgUJ9xqczy8GkuSoTy1ebWmhYDczPbbh_uPs_iLGlw3LGZ7uR7cGe-CaMCJwsfHnQ","token_type":"Bearer","expires_in":3600,"scope":"user-read-playback-state user-read-currently-playing user-top-read"}
Spotify response status: 200
Spotify song data: {"is_playing":true,"timestamp":1784232095863,"context":{"external_urls":{"spotify":"https://open.spotify.com/playlist/37i9dQZF1F5p3rmiWPIYgZ"},"href":"https://api.spotify.com/v1/playlists/37i9dQZF1F5p...
Token response: {"access_token":"BQCD7gRggLVl7xJqE8dFD3Tfnrv67Y08NC5LsxqOEIe9ySqjb0Yp0b35z67fjA5stqgJfgsvtRqDe6_coGYjBUvc2FyRNZEh7r1qK8n8U5FIi_zIygGLHHB0mIVNFd8GNBqb3n-0oclKSfD3KTcc86m2Wn0hVskOfyahxnciFIzZKFZ1xqOpxEqWqePOsBzkjO0TCc_xE9aF96p8CzxxEk0tBn7W2LIbrZiaW6K8Y4rF5RiueKJKDBgb9-5GzaGsu19TMQ","token_type":"Bearer","expires_in":3600,"scope":"user-read-playback-state user-read-currently-playing user-top-read"}
Spotify response status: 200
Spotify song data: {"is_playing":true,"timestamp":1784232098796,"context":{"external_urls":{"spotify":"https://open.spotify.com/playlist/37i9dQZF1F5p3rmiWPIYgZ"},"href":"https://api.spotify.com/v1/playlists/37i9dQZF1F5p...
Token response: {"access_token":"BQCYgCAfgDME_Vliz1eBej4sZpPo5_y3xVWQ-uzNbfjg_nfIR_spZtEkAaIT3ycoXXZBbv-0m7JockNKUk9aW5kPm1xceFPVt1aMpcZdcu0b9vdzd1y8YFFGwYE9IBP4EY4G1sjAFGLamVif5BO-sTg3aGKFIFlj3ke8O7XvTcYAJWVWlChXsVWDDvF-MjVQHFA9opvrT5V-Lfglxm8Y-woXWxxGH0Il9ND4Zf0uZKxnJT6TKhNdvPYi0Hbs3yQdYVBQDQ","token_type":"Bearer","expires_in":3600,"scope":"user-read-playback-state user-read-currently-playing user-top-read"}
Spotify response status: 200
Spotify song data: {"is_playing":true,"timestamp":1784232098796,"context":{"external_urls":{"spotify":"https://open.spotify.com/playlist/37i9dQZF1F5p3rmiWPIYgZ"},"href":"https://api.spotify.com/v1/playlists/37i9dQZF1F5p...
Token response: {"access_token":"BQB4tZ66f0Zbhk0j5V1uETyi80TlkA1P-UNnEWHesdZfQlrKMCOl6JnHIhLBKg03wyo2A7YYal5GNu5PAKEgOW8KEZ07xv-O_hep6FvtQ2-BNeg_XQHKunjKA3PNcFA6CD4iBeiFrKNP-DXb-GQ0ZivC1HBosqHuCUy00wbazyYyd5O7VghlSMQQ_ljmqeHJPSxIhW1bgSqtkuVhQyhQ4NQ2MTLZ6nj95IS01q60bW8iv1Wa8RcWqU5q-Lwe_2aUdMxG-Q","token_type":"Bearer","expires_in":3600,"scope":"user-read-playback-state user-read-currently-playing user-top-read"}
Spotify response status: 200
Spotify song data: {"is_playing":true,"timestamp":1784232098796,"context":{"external_urls":{"spotify":"https://open.spotify.com/playlist/37i9dQZF1F5p3rmiWPIYgZ"},"href":"https://api.spotify.com/v1/playlists/37i9dQZF1F5p...
Token response: {"access_token":"BQBcqDqjNkbT8VV5o9IvSviYJ56xm4DJSBWxm-mRNkv2e-Kn3CE99i1HU17pKOt3Gb3842IiAXBfE-gpXHNFVzWV5QgvDhwNOTRw5KSNU7hLd2xovzYt2n7fd0jx8g8Zhnjfrj5Irt3p7pbhDBAej-E2qkl_CvvsPuXy57LtZNPInGDRe7H5Oi3MV0u2B0GaYMsWBobzK1M8i5-IzhV5gVXCjrFKCj8N_Jsmx2ixG54-YySO-bAtEmYIwjw_bfa4apiG2w","token_type":"Bearer","expires_in":3600,"scope":"user-read-playback-state user-read-currently-playing user-top-read"}
Spotify response status: 200
Spotify song data: {"is_playing":true,"timestamp":1784232098796,"context":{"external_urls":{"spotify":"https://open.spotify.com/playlist/37i9dQZF1F5p3rmiWPIYgZ"},"href":"https://api.spotify.com/v1/playlists/37i9dQZF1F5p...
Token response: {"access_token":"BQAiM69Ah-_ue5K4U5UKO37bRBtb-gv5G24ANiyBLynZs-9FB6FSR9L1Fk1ShwLYHVsiLrGSiyySeDEocKdz4YJ1oMg0d098SNp1mwvFSh0G9samDAJp0P_ab4mOTGDkzfwUlCT_MsfhkRfvvsjjPBRG51F2YeuD9AUze94y5WaiA37s-9fySpV2vJfYCvVsIVBKvoS17tJrjaw4NSTXafjuHffcaTkM64HvPuOKSfRPer1eMEPMTiefQewk2mf18X8oPw","token_type":"Bearer","expires_in":3600,"scope":"user-read-playback-state user-read-currently-playing user-top-read"}
Spotify response status: 200
Spotify song data: {"is_playing":true,"timestamp":1784232098796,"context":{"external_urls":{"spotify":"https://open.spotify.com/playlist/37i9dQZF1F5p3rmiWPIYgZ"},"href":"https://api.spotify.com/v1/playlists/37i9dQZF1F5p...
Token response: {"access_token":"BQDxdV1sUwPpmXgjl69J_bcp11mvGH1B4eScYJ6aKdLdHrcQkrfg0vezbi5UaGoL-9jeGiryp5aE2-jB1dOFNrYO1NnWQJt3d41rLlzfcDnnqLYJ5XxvuGtqUhjSCl6e1omAtz_DTNa0PZdMfd8qdBgeV9RGao5NGFTMMimCF2_vdO1zh7ea-wQ8bwYh3Gt8lphEwdWeO4TSMY1lGzUp3063WhM9r0SocregiRTb3uUu0VGe3qjtTyE_NGntP_lib2X8zQ","token_type":"Bearer","expires_in":3600,"scope":"user-read-playback-state user-read-currently-playing user-top-read"}
Spotify response status: 200
Spotify song data: {"is_playing":true,"timestamp":1784232098796,"context":{"external_urls":{"spotify":"https://open.spotify.com/playlist/37i9dQZF1F5p3rmiWPIYgZ"},"href":"https://api.spotify.com/v1/playlists/37i9dQZF1F5p...
Token response: {"access_token":"BQCEeGkL22y16mK04n7_2hZWxhNiAC39GXghhO47MUDvhvmOT7_7P3Y1bS5mvmjGSA1i7z-ZaFQPVAIjLz2M_9LsAKK_8eGCCNSs4lQ3QT22KvJjnXnG6b1k18oSFy0nNW0zsm1Wjo_fCTV8DymlKOyeVWv79yH6U0N6Rc3nX89GTw40xvGMgxjCLZlIc7ethuP02gBKIDnEyyzwUbB_IMX0rwQaqsVDzKATl1EbO51pQMIyHPS1VioP7SzRd7etXgKOHQ","token_type":"Bearer","expires_in":3600,"scope":"user-read-playback-state user-read-currently-playing user-top-read"}
Spotify response status: 200
Spotify song data: {"is_playing":true,"timestamp":1784232098796,"context":{"external_urls":{"spotify":"https://open.spotify.com/playlist/37i9dQZF1F5p3rmiWPIYgZ"},"href":"https://api.spotify.com/v1/playlists/37i9dQZF1F5p...
Token response: {"access_token":"BQDoKMkW61xDJ1NHhmW0HKiMq0TdmBkCJ53cwoSMFG8MlC4KcG0JGQSeAUrnm-1R-I8x8eTH3Nzca1eJXDm0bBikwQNBzoHM6BtgXum1TKBaOqjugOaQkhvHi3w8aGfVqhXDZxboqWo0eElB_fHz_jpx3BjaYb3foww78M4VkB4AFdy5ZppuOSzvleuPhXiWqeTanRmOmSi0TnGTubVL7GdgPgBW0xwMbIEzMubZiGhs6B7W-nmRwozCI1xtUTGzmijSug","token_type":"Bearer","expires_in":3600,"scope":"user-read-playback-state user-read-currently-playing user-top-read"}
Spotify response status: 200
Spotify song data: {"is_playing":true,"timestamp":1784232098796,"context":{"external_urls":{"spotify":"https://open.spotify.com/playlist/37i9dQZF1F5p3rmiWPIYgZ"},"href":"https://api.spotify.com/v1/playlists/37i9dQZF1F5p...
Token response: {"access_token":"BQCxkkYVBEgAqrBX3t8KLWk1EXTNdamBt7kEYIVqCroLabknvh0YKewXzZF7MEVaWmg3u2KNsLa_R3lSS7oW6Nqc47Vg5FWanzCXWNM-OveNYGwzwmZBUVjUTpIVglF1cUi_6PA32aeOLOnzTlwx_PH47tipgwMTpxI4k0WanyKgm6yEwWfovgFNnsiAMkSbMuH5MyV-nqcR0dInd-XtLRL_TFaV0x4u5faNIcdWyuxhTmeIz00TwMEq6Z5UsSvRUPfRcw","token_type":"Bearer","expires_in":3600,"scope":"user-read-playback-state user-read-currently-playing user-top-read"}
Spotify response status: 200
Spotify song data: {"is_playing":true,"timestamp":1784232098796,"context":{"external_urls":{"spotify":"https://open.spotify.com/playlist/37i9dQZF1F5p3rmiWPIYgZ"},"href":"https://api.spotify.com/v1/playlists/37i9dQZF1F5p...
Token response: {"access_token":"BQBbj8be0tw4SEKqemUvXeFcNyl7qFvQiDqK1EvSfWctc4VpfBVU7HN2439Z8RNFejTVBLQ7-3hXTM_ES4f34wNzhOdsKMAtioViDmjJJnf_l9Smmq45G7dnNNmwJ9nfERD3doST07pD5QuXKl7-lrm7LYxSg2qtgeZbu6GPes9nMCPWibzgS649Eo9I4GVGIDLK9kvaFEd_U0nDYfE9FCM0lA7XDHZLGcxnoPl1XGpYmSDH_X3zXG0rEuBbGZtUF5KdIw","token_type":"Bearer","expires_in":3600,"scope":"user-read-playback-state user-read-currently-playing user-top-read"}
Spotify response status: 200
Spotify song data: {"is_playing":true,"timestamp":1784232098796,"context":{"external_urls":{"spotify":"https://open.spotify.com/playlist/37i9dQZF1F5p3rmiWPIYgZ"},"href":"https://api.spotify.com/v1/playlists/37i9dQZF1F5p...
Token response: {"access_token":"BQBd0RkD6MJ2fVxoNRIsXkGNUoOTBIy8xYj6c_SOY-MfOrOJFrREPORb7vCC3cAXEwPSbVivQiE00YFIU6vbdVIWCeLEvlI_dOl4Z43G-3mxQfzsA5cwzB5Xp3HtDgVgjT-Bxe76WnBqHEdenIPlM_wBrusWA5oS3HMbtxDcfpJ1QBBZcoGyTTj1usNySAfLTCZ-qRb58gZ0eT1-P6YBt81_dOMpbt1QqbQHeZmEgEEB1jjTWriNlYbr5KJZ-9Cc3z8D_g","token_type":"Bearer","expires_in":3600,"scope":"user-read-playback-state user-read-currently-playing user-top-read"}
Spotify response status: 200
Spotify song data: {"is_playing":true,"timestamp":1784232098796,"context":{"external_urls":{"spotify":"https://open.spotify.com/playlist/37i9dQZF1F5p3rmiWPIYgZ"},"href":"https://api.spotify.com/v1/playlists/37i9dQZF1F5p...
Token response: {"access_token":"BQDpchiIA_7yYjwYTkT5UIEg6BEFl_RLUQh4fp-QQHD7uigQn6whyBadMdqgeinrxfXMNQRz9-Hp8nUTlSj6VOK3VxOrWX3R2i3OszQe3cllA9CgBFZ1Pf3P2_xl0wA3fkyQiEe2avA6jxEmcyqEvg8TFqB7P8sQagzkh6Dwoq2_J274Y2k-M1Xg_EUVNGb7zqppnI4lQ3greuaSw7DWOjEGPuQ6MEC7HF2rA5eGgQRh3Y7RxiL3ELUS7AtsIlUoJdA8Tw","token_type":"Bearer","expires_in":3600,"scope":"user-read-playback-state user-read-currently-playing user-top-read"}
Spotify response status: 200
Spotify song data: {"is_playing":true,"timestamp":1784232098796,"context":{"external_urls":{"spotify":"https://open.spotify.com/playlist/37i9dQZF1F5p3rmiWPIYgZ"},"href":"https://api.spotify.com/v1/playlists/37i9dQZF1F5p...
Token response: {"access_token":"BQBQZ2hAyEp4RcjJ1dY-D00GgqnJYcyre7L1LfeJVCApBr8ZP-K71aGW25T3jw9wc1b0ECmN_cy70WWX6MqLbauzWrxJ3T-r2yBSXaTtA8nvkLov8DBjCl5JPlnm5dZRN_msXITL-xdho1e_XhX5cfQR8pXySknC1h7YcpmKJX7hCnYRvnU0bO5udPueDQjXIB39Av67bqavxt8iz9W1DHrrD1x8pTASxFr_xrOfJcCrNj8C_QNbURcdylVgXEYm-djOIw","token_type":"Bearer","expires_in":3600,"scope":"user-read-playback-state user-read-currently-playing user-top-read"}
Spotify response status: 200
Spotify song data: {"is_playing":true,"timestamp":1784232098796,"context":{"external_urls":{"spotify":"https://open.spotify.com/playlist/37i9dQZF1F5p3rmiWPIYgZ"},"href":"https://api.spotify.com/v1/playlists/37i9dQZF1F5p...
Token response: {"access_token":"BQBEO8swVRn9gdgOiZxT0Cp3F0ddkCoWgwI0ET2Bm7WDL_uN0ZAuBDDZidry7QMbYh-t3KpVGPCtzhdJho2MMTgb0qzYgaX9agNM3SecWHWzEGUkVsOzCO4WTdYCl6-dx0DMoWmhCsvYf5rMVXIWG6Jwrl-02gkaDCtrXTL3Mt4hZ2yu-2Z3932B8ZJ1vlENgzwdu39LSV1XrBG8EfWsRKqoVxCZCU7szcMqGe-kKJ56ich4YSqDiU-zHBPPOmfR5cxHtw","token_type":"Bearer","expires_in":3600,"scope":"user-read-playback-state user-read-currently-playing user-top-read"}
Spotify response status: 200
Spotify song data: {"is_playing":true,"timestamp":1784232098796,"context":{"external_urls":{"spotify":"https://open.spotify.com/playlist/37i9dQZF1F5p3rmiWPIYgZ"},"href":"https://api.spotify.com/v1/playlists/37i9dQZF1F5p...
Token response: {"access_token":"BQAIX6kEYKqJh1ptpgHwcj_u9vjy0OLEK_RzRnuVdKocCGQcaaCVyzOuDw4s3s7lYYIHWI1Oth3P4t5TDhWLGGK1eIp57ycmicXgmy9F59qrZMS78quhp2aL13_tbI_b0PLw7f4dfaFJsjlmazwaRYUKGRhG5IFakfX-QBqgRMp44RaSOO20musPKmj0qVCz6pyvSjdND6I0xSVNERLZKAQ5BFeMU7NW3pkHvu64OeP7N7CfbmwEbRogLSXAcayoEfzXQQ","token_type":"Bearer","expires_in":3600,"scope":"user-read-playback-state user-read-currently-playing user-top-read"}
Spotify response status: 200
Spotify song data: {"is_playing":true,"timestamp":1784232098796,"context":{"external_urls":{"spotify":"https://open.spotify.com/playlist/37i9dQZF1F5p3rmiWPIYgZ"},"href":"https://api.spotify.com/v1/playlists/37i9dQZF1F5p...
Token response: {"access_token":"BQBnzlA7L59hH84Vgsdt8-8luM5XaYxx7yF1zg8igdAzcPux8a6gZJAnBhLNJuSIo86NIJuHa9V_yfBv2Twivc4SG8L4GRdItyorvr9h8mZyFe_Z_Vb2SHa3PVh76oCn9Yru-EI7Ope9q4Zd36xmqLWT64gevbvJJdpDz8Uj5bdUD2biHz6I73Nja_rDm6T_2yWNla5kDnPETlRvbpA7xBAAT7nIP6V1I7XVf5gNEsV6t8WtWaOd1aOHKWPVkVMWd0qzpA","token_type":"Bearer","expires_in":3600,"scope":"user-read-playback-state user-read-currently-playing user-top-read"}
Spotify response status: 200
Spotify song data: {"is_playing":true,"timestamp":1784232098796,"context":{"external_urls":{"spotify":"https://open.spotify.com/playlist/37i9dQZF1F5p3rmiWPIYgZ"},"href":"https://api.spotify.com/v1/playlists/37i9dQZF1F5p...
Token response: {"access_token":"BQDDMLTLx_Sj97M6TJp2aN5WzZf6o52NUwGPQilzZnZ4s-R6CQHPJs9jafaU-3jJIwErqfya69FzSIZWiS_OYiATzveD9ljhQzEmPOTGq4QUFQSz6Cq963QhWiLpnGA-kJ2ajdKza_o9NLDR9xeuWj-VUxMKxqNwxNS6ujZQkwGqUWEZb9xPWywPH2ZcjS9NHUk9_HN2knfJE1ovVzbhVN_O6PKVrMcIiwanMAUGbnqMya0K4fx8tBf91COKGukP0dri2A","token_type":"Bearer","expires_in":3600,"scope":"user-read-playback-state user-read-currently-playing user-top-read"}
Spotify response status: 200
Spotify song data: {"is_playing":true,"timestamp":1784232098796,"context":{"external_urls":{"spotify":"https://open.spotify.com/playlist/37i9dQZF1F5p3rmiWPIYgZ"},"href":"https://api.spotify.com/v1/playlists/37i9dQZF1F5p...
Token response: {"access_token":"BQCsHOq4lD56EwNH-QzQjW-pnpICdx9lYsu2RJnDICjjrMvGSrku_-KNj4wNzc4LxO7CmN_IM28ctDXGZvBkYmGjkUwMQP9UdtSgXckZkQN8kvIWwSizoGaaeIvn-8XFT8FN07GUbbViLuF9sA-xwPQH31YoA7sFBfoNaRqWY7u481qTABy_ljESzpDfN-JvQWzkF3tOFQYKPC6V9AGWCPHUJJp5kIlTiBGtWkphH6XQrmlWlHn6VnBNGg6uRVmsfEBpsg","token_type":"Bearer","expires_in":3600,"scope":"user-read-playback-state user-read-currently-playing user-top-read"}
Spotify response status: 200
Spotify song data: {"is_playing":true,"timestamp":1784232098796,"context":{"external_urls":{"spotify":"https://open.spotify.com/playlist/37i9dQZF1F5p3rmiWPIYgZ"},"href":"https://api.spotify.com/v1/playlists/37i9dQZF1F5p...
Token response: {"access_token":"BQCq6zit6qTWjfGGFuv9MEhJV2dVyZEP2CxURhSdMXLceVBELaG-SGaez6BxLqik0hqhJ0K_i3LeuJsqEC5CPG9K01pkELHIrtKxQpM3DczIJJtyTD2b0h5Uo2fnnA_n-F7s5epOv2kCg7tTzH5p7ubZ3_NsOG4HRElpifGjuup7GaIdy1gV2KsPv0F0fsjH-DzIX7PK9ZmMntoDXw60c64DE9bNVTpXKxH01No0uY5gXiYnjWSnaSozg-4UIttDsM_0Og","token_type":"Bearer","expires_in":3600,"scope":"user-read-playback-state user-read-currently-playing user-top-read"}
Spotify response status: 200
Spotify song data: {"is_playing":true,"timestamp":1784232098796,"context":{"external_urls":{"spotify":"https://open.spotify.com/playlist/37i9dQZF1F5p3rmiWPIYgZ"},"href":"https://api.spotify.com/v1/playlists/37i9dQZF1F5p...
Token response: {"access_token":"BQCjvpWwfa2v6QUVfVVQqAS3c9jocNtzOjR0kKzYJ9Rr-2WHDAtN9JQwWvSHG6GPQ5jNrH9fXJMQBCEIDIvtjkJ9cTOlpLoUs9VGY_4txkc8sOxTrp6fXJI-FYlCJr5NgHyk-RhRkimaLVmFUVescDSVLcz4LCo9LCuHp-qpMw1cEwBDsHRRQI69wtfLMYxFNpE_LFouIZNxrUTE2yirhr--678qLsL3fUSJMzStIwOhpxIOflHJ726NFuqYnQZmcDrEtQ","token_type":"Bearer","expires_in":3600,"scope":"user-read-playback-state user-read-currently-playing user-top-read"}
Spotify response status: 200
Spotify song data: {"is_playing":true,"timestamp":1784232098796,"context":{"external_urls":{"spotify":"https://open.spotify.com/playlist/37i9dQZF1F5p3rmiWPIYgZ"},"href":"https://api.spotify.com/v1/playlists/37i9dQZF1F5p...
Token response: {"access_token":"BQCgZqCiaPF9xh7DlJDdY0TCHHbR5zmuPsFFvAsq0Tyjd3OWTm_EuODO2slcMXFD-uXX8sYpnyZF4Ey2oeAOYBElnEVBbJfdODPfobwfc1am3mvbvjr01CMtnFRHR8xcZDhgsiR5ynPj-mQwhubmwQfw4MPctja7oNOPcSR2glR4PEqyfEUQL1SeEzclupbSj9WFGHkNSZjY1gp2rr-M5otI2_FJlDL0QSf0sl0FlW9qm7fuZh5stp71tHxKZQftt_7Qew","token_type":"Bearer","expires_in":3600,"scope":"user-read-playback-state user-read-currently-playing user-top-read"}
Spotify response status: 200
Spotify song data: {"is_playing":true,"timestamp":1784232098796,"context":{"external_urls":{"spotify":"https://open.spotify.com/playlist/37i9dQZF1F5p3rmiWPIYgZ"},"href":"https://api.spotify.com/v1/playlists/37i9dQZF1F5p...
Token response: {"access_token":"BQA6ZEsasvLUdOp3I1BZ_LMKv-rJd2I4RLAbwylb7_4CZyd9PGTjK6VQWH0VMFDTYz7rsQ6BOOqXhfgbRx_N9ERDN4V0zIfT2-9_Bija3ISwiX2ptDMjIynedBtvodi8NVPdBtP9FJvRWU3GlX98b-jrRWztRnReCdv6shDDLyM3YDqhbOCx5u1vohh_SV_NJgFe8wBhY6F6kgU2-qwyrUeb48MQpqMqO6PKhcauISeVv5qZJaubigYeq107UNuhfcHeVg","token_type":"Bearer","expires_in":3600,"scope":"user-read-playback-state user-read-currently-playing user-top-read"}
Spotify response status: 200
Spotify song data: {"is_playing":true,"timestamp":1784232098796,"context":{"external_urls":{"spotify":"https://open.spotify.com/playlist/37i9dQZF1F5p3rmiWPIYgZ"},"href":"https://api.spotify.com/v1/playlists/37i9dQZF1F5p...
Token response: {"access_token":"BQDq9TcssFNHBbmcOt-dnvZzDlsdpkNAwjn4ItXIZ1mQo3NeRyWKOZeLatqzLvoPJsBf1x8nQytJhoa6g3xBPEU8CN-jHHhR7nmkbgCLoFgfVj5RBzGmc-ElRYcjpNBoNTLrLtSRJ3yUjsk-PvcFX_a7mzEOh-xGfRZLdiScRws_a3eWgHTNyQkduSB5uNgxmdnviGBR-5T0j8swyx91ydP_9AMUCj0e5LjfsJ0Le4Bg0v1B35VzybTELuQ7N9B0AUnZtA","token_type":"Bearer","expires_in":3600,"scope":"user-read-playback-state user-read-currently-playing user-top-read"}
Spotify response status: 200
Spotify song data: {"is_playing":true,"timestamp":1784232098796,"context":{"external_urls":{"spotify":"https://open.spotify.com/playlist/37i9dQZF1F5p3rmiWPIYgZ"},"href":"https://api.spotify.com/v1/playlists/37i9dQZF1F5p...
Token response: {"access_token":"BQDqQyU9myGpaedwe-vn0cUQYYqONDkbpHeovAaSGfHgGyfi6SsGkWkSiu0dImO7K-rhe3CpJCiGvyrwIu9CxaCcJwsxxZr1Ozy0z71nQ6SRzG2iwrTDD7OE0rMefewbwS4GRkJ4FoYYi5RC2hD97nvxkUYIOk58jM7-4nD44CHDyCUo47sBuXN5FL88ZLnYYi31zGb1SIHkJK1HvODi36Gc0WStfVdNU2wnS4HIsgC7QYihMazEwZMzADuubot3WHjvDA","token_type":"Bearer","expires_in":3600,"scope":"user-read-playback-state user-read-currently-playing user-top-read"}
Spotify response status: 200
Spotify song data: {"is_playing":true,"timestamp":1784232098796,"context":{"external_urls":{"spotify":"https://open.spotify.com/playlist/37i9dQZF1F5p3rmiWPIYgZ"},"href":"https://api.spotify.com/v1/playlists/37i9dQZF1F5p...
Token response: {"access_token":"BQA3J7sguL4QNsWshMotfND77cHsPawlFtOaokqv1dYV4Un0zGO2GY-EBPnTr5ZSdeklA-nfkdVpIz6QCpe52j4wq5BBSLH9HQFORkleVIeUFdLkWMKHeUG30yNHCYKdl7DnnVUfA-98vKV-03Mss2wclhwPmRR8-kk1UKAS4nBzkLvOR0PdMWf0VlksOJ8m8XYm1ZVUuphkALG2SkzzzH7nmqrroKPRUpWDU_iVj_DLAwCSKHGAWFvOI6oYviHiExc3hQ","token_type":"Bearer","expires_in":3600,"scope":"user-read-playback-state user-read-currently-playing user-top-read"}
Spotify response status: 200
Spotify song data: {"is_playing":true,"timestamp":1784232098796,"context":{"external_urls":{"spotify":"https://open.spotify.com/playlist/37i9dQZF1F5p3rmiWPIYgZ"},"href":"https://api.spotify.com/v1/playlists/37i9dQZF1F5p...
Token response: {"access_token":"BQCR1IqKNVh1Mb9s5vYyqCmggM8dwwgfMSelYdrKshAT8xm9buHY1A-aXslZxJC-ewQbB_iqwG956yQ7CGFDYqRrx1UEKY7paSpMhdqVfyHt-IcG0LjIFR9-b8PvfHxSZsneSBJcfWDG6STYz86nre1h12ncGNmTh21SPFylPgYK0MFR3YqlGRmjc-KfHcZMrlQ5N16jh4Bc88gUZ3uHCI64iUUc6o061RXCZBJ27d193tsdS2XrX-hRNdioYo9Kh2fSYw","token_type":"Bearer","expires_in":3600,"scope":"user-read-playback-state user-read-currently-playing user-top-read"}
Spotify response status: 200
Spotify song data: {"is_playing":true,"timestamp":1784232098796,"context":{"external_urls":{"spotify":"https://open.spotify.com/playlist/37i9dQZF1F5p3rmiWPIYgZ"},"href":"https://api.spotify.com/v1/playlists/37i9dQZF1F5p...
Token response: {"access_token":"BQC-hzuLU0KPMlHZ34VmWSNxLdtCS6DnLawluwvOGezmwSGTALqZUaQ62AyIih-lld66_hQWQj6ghrA4hQ4TtaKkuYbgiHjGYV3A0GstSsA023XK_e8zyVZeZbary4J7h1sZP5pWLUDCpj-nTDkpqaUHhWjVI-bNHAYSNKPhbSssKCZrRU_HVqsy1C41GB_1PjzbrBfPwOKus-d1rkN3SEaKm_XAGmftstKbCHM1go8DW9mNdr18FjRMJTiKSVs0Aaw3-g","token_type":"Bearer","expires_in":3600,"scope":"user-read-playback-state user-read-currently-playing user-top-read"}
Spotify response status: 200
Spotify song data: {"is_playing":true,"timestamp":1784232098796,"context":{"external_urls":{"spotify":"https://open.spotify.com/playlist/37i9dQZF1F5p3rmiWPIYgZ"},"href":"https://api.spotify.com/v1/playlists/37i9dQZF1F5p...
Token response: {"access_token":"BQD9dUgZ4IykAacRxK1iJW2Mq-i-5Dm1CYPvXeQYhwpOLq5nSaOthj9X7W9iU3wCLZIubUkp6uXFMEQncsrSUuiga7wMEr9SXOaFAMcvQzi5Xde71kG637PyXpsvDdN9ayTAehBqsRTHaqSE4PAXU0A76krtmU8SiVMRhS9_N-Wspom-oG2XKS9aF0VJt8i47r6NUSQypzdZu9_BQ83gHf23jbsokzmSlFcFGhVuvi-dG_EG1tpr4Otp1HESh-1vZO9P1A","token_type":"Bearer","expires_in":3600,"scope":"user-read-playback-state user-read-currently-playing user-top-read"}
Spotify response status: 200
Spotify song data: {"is_playing":true,"timestamp":1784232098796,"context":{"external_urls":{"spotify":"https://open.spotify.com/playlist/37i9dQZF1F5p3rmiWPIYgZ"},"href":"https://api.spotify.com/v1/playlists/37i9dQZF1F5p...
Token response: {"access_token":"BQAnlFKMSn69ALJOAuETbtCAKTJq4sG8mYhT0x-y5ebuLSFBEGZgqkYkSIBNb29ASpm8hmJAZ__TadfGzM10Cx1Liqz5FGjk1Z-7FNiIbYyvq-avhLXAE2qOaJ9jNehN9t8y3ORKqpQnGF-kjhl5bkvk1gZJxv067FpauI8BD1FaRONQbuFlnsrKjXxwAyo9iTYZ9bc5BKzIAeqUtNegXKacABepHO4o8tNUL8N1c9kWJ2K78GdCtkejXeq6bfAENN3pug","token_type":"Bearer","expires_in":3600,"scope":"user-read-playback-state user-read-currently-playing user-top-read"}
Spotify response status: 200
Spotify song data: {"is_playing":true,"timestamp":1784232098796,"context":{"external_urls":{"spotify":"https://open.spotify.com/playlist/37i9dQZF1F5p3rmiWPIYgZ"},"href":"https://api.spotify.com/v1/playlists/37i9dQZF1F5p...
Token response: {"access_token":"BQBBmvsSC3H6MIaKVhxeiIDPThYgVAppwMSyJKQ21gN3QRARuFTBAOMYsa-3R_W2xUAjykFig-7Jj82PwME1DC2lDAGZOrbawDOWYxDDhyPyI9aGLKV1Yfq7AoYa0zCF3PhHCQYlIrOD7Wq4rwRr7iJ08Rx3yZz5e9ObF5BZcGJSLqBTkvDURXyupmYofQqSKswY6KbrjH4eKA2z74codJC8QZ9TwnIVxpAi2rU2FWSFNALlbRHQc6FaDGfpNAdobQv7zA","token_type":"Bearer","expires_in":3600,"scope":"user-read-playback-state user-read-currently-playing user-top-read"}
Spotify response status: 200
Spotify song data: {"is_playing":true,"timestamp":1784232098796,"context":{"external_urls":{"spotify":"https://open.spotify.com/playlist/37i9dQZF1F5p3rmiWPIYgZ"},"href":"https://api.spotify.com/v1/playlists/37i9dQZF1F5p...
Token response: {"access_token":"BQCQs2IcQHMUNEpnwxHL7pBviYtTimd5EwjZMXQHK51MEHO254JXkjEM0ADk9iQrNobtphZFtqgXUQwXjBrqpGalJsdLJUJQyzn6x9AWiyqpuFQdGT6dcDkQKJi7KQQbB28N8NWf99x1GQiA016TZWZNa46gIw7DYQfFvriWmv27wCZvs9gdywIIYmg3yziyDOJ-r5vJd3eoahktzt3v500MO9hy4Dbghjr9PjFQ77AFmDwKxXQJxB9N2HMXN1-9hHdbcg","token_type":"Bearer","expires_in":3600,"scope":"user-read-playback-state user-read-currently-playing user-top-read"}
Spotify response status: 200
Spotify song data: {"is_playing":true,"timestamp":1784232098796,"context":{"external_urls":{"spotify":"https://open.spotify.com/playlist/37i9dQZF1F5p3rmiWPIYgZ"},"href":"https://api.spotify.com/v1/playlists/37i9dQZF1F5p...
Token response: {"access_token":"BQBxIqJzJqWsRP3q0Iwwe8sngJ2yUMW7r25z6qQbze0lnn61feBlfYtJmgYBlJW2MtcYO09GNEq2QJcihHJLq0BtCxwnGEtEQnvejLrSDQF1cSFLSj_3FIlrN2Uz-A1xxUQ6MGWJDYi5axn7yywvTEmRmxM8supsOI3iw6QN9nDvPrOIMA6Z02MT4RWwoKVhonwVGHWdu02h2sve1gWLN70vzcJCSzTwLswGViaU2Rq4ZnIHOuJOkaR5yxoBH2DMMTOfdw","token_type":"Bearer","expires_in":3600,"scope":"user-read-playback-state user-read-currently-playing user-top-read"}
Spotify response status: 200
Spotify song data: {"is_playing":true,"timestamp":1784232098796,"context":{"external_urls":{"spotify":"https://open.spotify.com/playlist/37i9dQZF1F5p3rmiWPIYgZ"},"href":"https://api.spotify.com/v1/playlists/37i9dQZF1F5p...
Token response: {"access_token":"BQB-setdoh4SN22MRH-Dg5bg0RwHAKjSrHhyETJrkLtNhc8NrrhUZvUVyPsKY8IiU9Ag2bmoXR1CeIiDeo_VxwH1dg9XcA40uyc9mCKGVLc79fO05VcAK0CYPsmSz4iolDiY53kjLedAtNsqGex8QEyIVbW4meOTR4ssj5IoG3zLJs31SRcHv6hPVa-J9PCDk9SA3mecX2Z2LIactJvSnnzXAcZ98OMIfEdrW9SaoZTbzyI5hdC50YCaa7RUh5TJTDjIEA","token_type":"Bearer","expires_in":3600,"scope":"user-read-playback-state user-read-currently-playing user-top-read"}
Spotify response status: 200
Spotify song data: {"is_playing":true,"timestamp":1784232098796,"context":{"external_urls":{"spotify":"https://open.spotify.com/playlist/37i9dQZF1F5p3rmiWPIYgZ"},"href":"https://api.spotify.com/v1/playlists/37i9dQZF1F5p...
Token response: {"access_token":"BQDrkBDCuFnvgFRopP-kAVdiZOykYmDpYxa6hadNFGnDUBNfzNgFmHh_Bi8JZxKGVYphigz1-LS_TtOgnCIU8VA-L5i6LyAzIRu8yXMFU7XNUls-k71DB8aIVbntHxEcaenV-UbmbLu_kCWj7d6MHQan8jLpqYgzb3hhAR916EyS_5zFrNbZlXEbSmPjchiYcdFb_BCAbhgRS2mmsDEb2dqXDUsS6nRHXGNfwl6aUyGNI1ZM5Bvg3Mqc5ySnBH7VbYmMtQ","token_type":"Bearer","expires_in":3600,"scope":"user-read-playback-state user-read-currently-playing user-top-read"}
Spotify response status: 200
Spotify song data: {"is_playing":true,"timestamp":1784232098796,"context":{"external_urls":{"spotify":"https://open.spotify.com/playlist/37i9dQZF1F5p3rmiWPIYgZ"},"href":"https://api.spotify.com/v1/playlists/37i9dQZF1F5p...
Token response: {"access_token":"BQBf3rTK9s_uHFpUJItpznDWsdnx08gNOis_VoP7KXWbHg2J_86xPStgcr80jroPk106xcSnOeGdbyrW-33koGzdcx0rVEL9VAyEpwqiK7Owe9pjKOC_1jVPaeKi0BvexF6Yin5GjokERU67vk4eMjdx30CiWR-xjxS5bTRRbwjAJTdmfXY8NGqNzIfklsAUFJLdXLp7WCuaKKn5BCChFR2gVw1CDlkiGAkDEXEgy6d2TngfnMNaOgOk-ZjvmnrH95n11Q","token_type":"Bearer","expires_in":3600,"scope":"user-read-playback-state user-read-currently-playing user-top-read"}
Spotify response status: 200
Spotify song data: {"is_playing":true,"timestamp":1784232098796,"context":{"external_urls":{"spotify":"https://open.spotify.com/playlist/37i9dQZF1F5p3rmiWPIYgZ"},"href":"https://api.spotify.com/v1/playlists/37i9dQZF1F5p...
Token response: {"access_token":"BQC5vc3NQteERGdPOQrbWGSgigbGvMY3NBiWA8po6ZT-ZXReRASPkBtLkUneajaCoYDl0OE4i3mJsT7vtzkVSm5AvjHh535714KgIq8YsqY40NGfKZi18hzRCpAgaeoITPbN5ee62fdoiH9VZxbZzDQEjXtqhiuaBLhKLCFHQkI0Mqj_5X-gvuXePuyB8RGEqv6bio575JYRMWNn1_aX6FihYucOo9xV6NrzcVQbd7f4uwfFeMryX8Dd-G6h9Az0ifB2rQ","token_type":"Bearer","expires_in":3600,"scope":"user-read-playback-state user-read-currently-playing user-top-read"}
Spotify response status: 200
Spotify song data: {"is_playing":true,"timestamp":1784232098796,"context":{"external_urls":{"spotify":"https://open.spotify.com/playlist/37i9dQZF1F5p3rmiWPIYgZ"},"href":"https://api.spotify.com/v1/playlists/37i9dQZF1F5p...
Token response: {"access_token":"BQCuBiNMpav-CVGBDYIePLTVEE5YzgaTuwabkVJmGqJ0BJQ_mRo8LUfajinzymkfLttw41R1oGfmACeWuo6fhgaj14Dcs3JghBSuMqLnHl9EhVmdo57zbHixjug4VIPtSLJxk9PAXV8CpmtCKNUUT9eHdTgz5K5re_T8MuDqJ0K3wlh9jmonlAbQwWCY3M4TeR5RNftsItDT7-xYWN0Y5k0CRfgVU4vPvR8bl-Am1vT5G7OOEjt-eIW9HIwPDcViaeGARw","token_type":"Bearer","expires_in":3600,"scope":"user-read-playback-state user-read-currently-playing user-top-read"}
Spotify response status: 200
Spotify song data: {"is_playing":true,"timestamp":1784232098796,"context":{"external_urls":{"spotify":"https://open.spotify.com/playlist/37i9dQZF1F5p3rmiWPIYgZ"},"href":"https://api.spotify.com/v1/playlists/37i9dQZF1F5p...
Token response: {"access_token":"BQCxtDA2qhvz3lMVCaXzyimzDjkmial9APB9M4OJ0A2-kMWt2cNyst6Ldw-FQWrxWUFrXsrjS_5EhpCOC9GPI63Dw0t34t2TvNwef7NRXyPDAPh82bOfBSXTFmwHW_K6cppL742-Y0SGJeBItEfoRw7GpTvE1p0fQhFRkzv0QkkP5DsfUpqE1C7fY3k8UnyLgZZFz3uSoZHBhqIKiiIOypPQfOCVLl1GSUSZ05w-hplyA_q0Rmoiv4lVUEKEkCGykNhQkg","token_type":"Bearer","expires_in":3600,"scope":"user-read-playback-state user-read-currently-playing user-top-read"}
Spotify response status: 200
Spotify song data: {"is_playing":true,"timestamp":1784232098796,"context":{"external_urls":{"spotify":"https://open.spotify.com/playlist/37i9dQZF1F5p3rmiWPIYgZ"},"href":"https://api.spotify.com/v1/playlists/37i9dQZF1F5p...
Token response: {"access_token":"BQAj034LblkJrh89SOKgo5oPYyUVwyr8p6ESOSNIa3ALY0kn1w-3Rw_Cn2EH0Io5E4-JlDboYwsxLde8vLM1ntOnsWWOOvT9NtMQl_ZsybK9BXXcSwyJ2PfCd6IToLH_asIG-2PbMmBaUHLhb-JWLgirCOH55YFPlMpKp79QWUF5BFwdDr0gai4Jet-VtrHKeuje6xKPxjqpEWTDnutA6t8GqIgtl1h_UEWmgYmFG9y_6Hj4P9eYPsxAYCZ-ic7SX_ymgg","token_type":"Bearer","expires_in":3600,"scope":"user-read-playback-state user-read-currently-playing user-top-read"}
Spotify response status: 200
Spotify song data: {"is_playing":true,"timestamp":1784232098796,"context":{"external_urls":{"spotify":"https://open.spotify.com/playlist/37i9dQZF1F5p3rmiWPIYgZ"},"href":"https://api.spotify.com/v1/playlists/37i9dQZF1F5p...
Token response: {"access_token":"BQAoYALIluAVSMTdrCmBywffLp3D6LNoyKOO19aEyngIEk1pP8QuwxLXo0Fq6nxTfPByHsxMvURYhRQqRZHuGGbmC3PrLKNyCkm67NmXls6Ak61x-67ZBWi4L7-C0pQcyDFXyB-1xsMUAwgFRmf7njMGCW9UxduO4vtaan3Alhu7pnUD9NALLhEvHT0Z3BuMPoYMg8vQhYAEDiihUc_jIZkzG9SahVZfcfBoG1zpS4pP78W3yyBwAyKu1Q80IbZ7EpTXgQ","token_type":"Bearer","expires_in":3600,"scope":"user-read-playback-state user-read-currently-playing user-top-read"}
Spotify response status: 200
Spotify song data: {"is_playing":true,"timestamp":1784232098796,"context":{"external_urls":{"spotify":"https://open.spotify.com/playlist/37i9dQZF1F5p3rmiWPIYgZ"},"href":"https://api.spotify.com/v1/playlists/37i9dQZF1F5p...
Token response: {"access_token":"BQDpRwMZG-HfkQ3oNvTqGZbWuXfRE1zDtulCuzowvQJ6FLMNTHK_zsx8Q5Rs533yOKt0mP08l8lDeVCCQfCnblQsFRKm9aJbvrg5jLMXp1RoqQTrRpB__u_zdb93RiiCF2cDOI135dz3v7vrd3K7HiH6Y4G-bMlBxKUmZb7sfwff4-Hwos4GD7wmRz4q5d1eiwmE1eVV8EnXpEhWur3TS19FgKhFlhwEQzfzlaAJkGq_ePDErRKkbxOueskH4fGLGvpSKQ","token_type":"Bearer","expires_in":3600,"scope":"user-read-playback-state user-read-currently-playing user-top-read"}
Spotify response status: 200
Spotify song data: {"is_playing":true,"timestamp":1784232098796,"context":{"external_urls":{"spotify":"https://open.spotify.com/playlist/37i9dQZF1F5p3rmiWPIYgZ"},"href":"https://api.spotify.com/v1/playlists/37i9dQZF1F5p...
Token response: {"access_token":"BQD-ZYkRNn6jfvdE6XfQ4gMhRKxL032VX6egHPi-pXBGCqwuXLZvVeIbE3ufUvAcLoheF9-q45liafXgcoiuFlW-SyeiSBlfv6kW_gUj6F0Rdi3cNh6vu8BmNwhVHTKQ7TuxMKVEkCUpfhH1_ZjD-h78rHreo-Biurfw1u0bn4vsqEmt-6ROmPrhPBfZZw3ZpCUtOoMo67gRdC9MB6HzPYXzKyo5oDGGvwdJJVQxeYve3NUOrDFQUctUq1De3zkEb6s2Tg","token_type":"Bearer","expires_in":3600,"scope":"user-read-playback-state user-read-currently-playing user-top-read"}
Spotify response status: 200
Spotify song data: {"is_playing":true,"timestamp":1784232098796,"context":{"external_urls":{"spotify":"https://open.spotify.com/playlist/37i9dQZF1F5p3rmiWPIYgZ"},"href":"https://api.spotify.com/v1/playlists/37i9dQZF1F5p...
Token response: {"access_token":"BQCK1rjYEH9NkOT_g813rH5ZMU198yunmfNuxpCMPcFG_gUvyeXe-l2rfC25kay9QAm7Ge2O8_v50hwfKdw02pTrXfxcY6WXmlgfeLqOyXyrXO5SSv2gKF9Lt3BrTo8S61p-6WdlJ7iuG7UjRut0n0XHLmMu2-y0GoffEkdi1GTxfEWpROx8pgO36FQnUGkTGW7Y9Qu_g72uCB93--wFtJFl_Fen5sGHueCVWTdFYxRr3xsQwn7jPZr4b5KkL6bMKvl51Q","token_type":"Bearer","expires_in":3600,"scope":"user-read-playback-state user-read-currently-playing user-top-read"}
Spotify response status: 200
Spotify song data: {"is_playing":true,"timestamp":1784232098796,"context":{"external_urls":{"spotify":"https://open.spotify.com/playlist/37i9dQZF1F5p3rmiWPIYgZ"},"href":"https://api.spotify.com/v1/playlists/37i9dQZF1F5p...
Token response: {"access_token":"BQDdDz3VfyE0vP-kCsMbZI6jUywZocbzjaT6dHw4UgUoM_d8yBJ3b2eEPgsU08n-68DbL4Bq6SFMQYlgZaSS14Quvo5KpH69nJGjTFL3RhL1Cvw1_O3w9at3EDTfi-oTfMlocf8e26GiiEmWD6CehTGl7VWztA70ovxUlEBXQrvCXLFwYeTcmBvFjY6MGdWUO-qaX2V8oC4wGkWFg-ViSLK8i9V1EGd3Sizaypg7lwNZewBbmnyK2XnYD_2DWtmtOlSpFA","token_type":"Bearer","expires_in":3600,"scope":"user-read-playback-state user-read-currently-playing user-top-read"}
Spotify response status: 200
Spotify song data: {"is_playing":true,"timestamp":1784232098796,"context":{"external_urls":{"spotify":"https://open.spotify.com/playlist/37i9dQZF1F5p3rmiWPIYgZ"},"href":"https://api.spotify.com/v1/playlists/37i9dQZF1F5p...
Token response: {"access_token":"BQDc9vU3jFuszKI63-9Cv0fiQK_hz8inxr5aTbPINj9BnRFdFcXcAY6Ug1uiaZoQ8y5Vhjj8lJrG5rJRU8E-f45YmoQa5-tHezBU7-PN_olLh6C6FkJmXDs1rAHml21hSqxq03N3Q5kFq3hIM6enVJXyFs6mrzj9WTwJq5F_XXw-jnFCAA2ybNF6O7VvsVawDQ5piirn_okiRL7FeCxGG-Y2Uww0Hs7bBmyJ55uIQOpDuDyuBRvnoLBP2F6pnCLRd8DkWA","token_type":"Bearer","expires_in":3600,"scope":"user-read-playback-state user-read-currently-playing user-top-read"}
Spotify response status: 200
Spotify song data: {"is_playing":true,"timestamp":1784232098796,"context":{"external_urls":{"spotify":"https://open.spotify.com/playlist/37i9dQZF1F5p3rmiWPIYgZ"},"href":"https://api.spotify.com/v1/playlists/37i9dQZF1F5p...
Token response: {"access_token":"BQDA6tUElFc3CEhP6lbbWIz00UHJyhFZLe4Uq1CI-WU8k2wgVjzy4NBfu9HZLTlICK2A06IdLEH1uno9OT1OlN9LvmBIKa9_JX-fORiFpyQ8u__mjDJ11j3p6JMwLZlw3iuGcxBxBPNJguZwR2rCPFfistgrVItKAgR-F35V-R2V3me2zZY1-lkkOmJoNjFmR3x1eHE26IpoKYbevKBUDqMILN8hCVeVQcni-wqXn5pIFhI1tXHjcDsvKJ7VMoAhkQjQig","token_type":"Bearer","expires_in":3600,"scope":"user-read-playback-state user-read-currently-playing user-top-read"}
Spotify response status: 200
Spotify song data: {"is_playing":true,"timestamp":1784232098796,"context":{"external_urls":{"spotify":"https://open.spotify.com/playlist/37i9dQZF1F5p3rmiWPIYgZ"},"href":"https://api.spotify.com/v1/playlists/37i9dQZF1F5p...
Token response: {"access_token":"BQAihE74Lkz_iX4k17-7qHuaXwDL9ZxMCXCkRde30UpldNVbyW_tdM7OaMzrNHyQYhPcOzY9qDFHh1WB95ROfo0CYdqNAhBD4jOuuWPcQ_cRgQywX_13qSh78ecxqeXtLVhI4HNJ-jlMaq9yZk067jxyRDXQaekqd7fhVgdGrOT70cIK5pSGbH81cVF37A8xTL4ZwpLGv0SAyLxgqwjKa6cEh5hS7G8DmnlFNlt-0du9kPpaJ6UCvAt_rxS7GChO--uBkw","token_type":"Bearer","expires_in":3600,"scope":"user-read-playback-state user-read-currently-playing user-top-read"}
Spotify response status: 200
Spotify song data: {"is_playing":true,"timestamp":1784232098796,"context":{"external_urls":{"spotify":"https://open.spotify.com/playlist/37i9dQZF1F5p3rmiWPIYgZ"},"href":"https://api.spotify.com/v1/playlists/37i9dQZF1F5p...
Token response: {"access_token":"BQCJ0Uy0gBh49oRGov2_MFp02LXpiMc3cfFLbtw4_V5-QpPs9A6nOTIdNZJUEG8-0Aut_YUYJzajqfmOGG44oed2hBPQNzBfQmEEKkMx666F0elBHvFv53eKd6ANEHhNzo_w19sqFxsJAkhR4u431M5fK_1fYuGNNsI_r_zwKOywywBzmgyh_eF610TkrkrWQQ5k6HLxYc2kgRcXfexRvj9eEqss-CrI3Z1nd0Q9pcVL4yCT8_DGg9CDL-B43ajVBKzhVw","token_type":"Bearer","expires_in":3600,"scope":"user-read-playback-state user-read-currently-playing user-top-read"}
Spotify response status: 200
Spotify song data: {"is_playing":true,"timestamp":1784232098796,"context":{"external_urls":{"spotify":"https://open.spotify.com/playlist/37i9dQZF1F5p3rmiWPIYgZ"},"href":"https://api.spotify.com/v1/playlists/37i9dQZF1F5p...
Token response: {"access_token":"BQBgo9_lo6mS-JDhLz8AcSAEO939dIAWD8qGYFUVcGd-Zshjy49nC2qO7XiWQNxXyvEHejSDxHPqBhFT9i7VDneiY4DlCksdyyPpbZuSr3aT6KNN7rieo7tM_K3o3rcKDVkLDBWw7ca93U0kuKChDvksntbhoBSHCXucPH1PWlxSqM1aUU_dYkJ2E25HjLBCi7i8fufNbwj8MvI7L4tGeJ9RElIvOkBlbnrl6lsXGhJ4b8kUKDQ1oeyMJRhGUlAhCsbrNw","token_type":"Bearer","expires_in":3600,"scope":"user-read-playback-state user-read-currently-playing user-top-read"}
Spotify response status: 200
Spotify song data: {"is_playing":true,"timestamp":1784232098796,"context":{"external_urls":{"spotify":"https://open.spotify.com/playlist/37i9dQZF1F5p3rmiWPIYgZ"},"href":"https://api.spotify.com/v1/playlists/37i9dQZF1F5p...
Token response: {"access_token":"BQCRHXO1jKGbUtC7JU3ib1H_rCYQ3uEddh0nJThW6W9natvKPJEdmLUw4YEfYAv7zzi0w1oQOuZQIioLBycTRMJdldlqNBR5VQuNhzA1b6xy4X7rInbW2nsdjZSjnGdrn50BASti3a1clOFqYLxcGLL7rOxVzMA9m1YJ47Q8hyDPBw9O9QEzx32n4CcR75l6kNSQksbnZauDHmA8CnJl-zElNBIJEIyZnRhk_2MlgGi13mBlI_uwx9WJz4MLN9o3YAGGSw","token_type":"Bearer","expires_in":3600,"scope":"user-read-playback-state user-read-currently-playing user-top-read"}
Spotify response status: 200
Spotify song data: {"is_playing":true,"timestamp":1784232098796,"context":{"external_urls":{"spotify":"https://open.spotify.com/playlist/37i9dQZF1F5p3rmiWPIYgZ"},"href":"https://api.spotify.com/v1/playlists/37i9dQZF1F5p...
Token response: {"access_token":"BQC9lR5LaBNYEPostYt9XU4asNkBNAF4fKjbwLjaIGNRnyu2L1KgeBLJPJZiG-QJQ_U0T4_R7XEOiJcLtc47QlNNZKBq5l1AoGoVp50xVPUwxoe1PRAy3VeyHFViZAYrbW3Y31D-nwYeFfN5L5qYYqs_UBBwru5z0P4B-PS_AkmI5R4wtXpcxWQKwN5gnkXTvS__xnoWXIa4k8buKlkLkaORJ3xVWmzx3CN5wAY7wvbwGDVcgAHeolEcN933I1atXayiQA","token_type":"Bearer","expires_in":3600,"scope":"user-read-playback-state user-read-currently-playing user-top-read"}
Spotify response status: 200
Spotify song data: {"is_playing":true,"timestamp":1784232098796,"context":{"external_urls":{"spotify":"https://open.spotify.com/playlist/37i9dQZF1F5p3rmiWPIYgZ"},"href":"https://api.spotify.com/v1/playlists/37i9dQZF1F5p...
Token response: {"access_token":"BQBnnbqDNxKJloitL1AzJKjO_fVRpS8zjaqXRLjWxrj0XRcOKGUV18FAmkcBZV0LTPJoxDUOwjKblZl9IxyqQsLiTDgNG1AFp2VtLeYRJ4XDwRVITi6JKPzibemdCUkb2E7hw-9TWGmpnNhXGNlyVUeNwPMA_TPeZmTQ2qHWqpfXIkqCsLtKyi_fIfObMfDwONF-Qpwi21AEuxNFM_buLQLSBuIVCbZ8qIRnOisbEyj0a3OiUlmblqLmaj0ZiSzNYRDmnw","token_type":"Bearer","expires_in":3600,"scope":"user-read-playback-state user-read-currently-playing user-top-read"}
Spotify response status: 200
Spotify song data: {"is_playing":true,"timestamp":1784232098796,"context":{"external_urls":{"spotify":"https://open.spotify.com/playlist/37i9dQZF1F5p3rmiWPIYgZ"},"href":"https://api.spotify.com/v1/playlists/37i9dQZF1F5p...
Token response: {"access_token":"BQB_bSItNARNCGBVWQS2OJiOBde5SFc6vxyi5_BBfqNou6qui0wFl3TTz_VfXaDFNXPqNcMhs-4L5AguRWFPZQ7p1is11mV1Mqb0xOSnLNztSLWM0FzxqxezEl7Jj8MSy812o2_B1FMixgRIcCR5q4Y5x3GO3C6LMVq7Z1bkFl4Oe8jB7k3g9pHT7M_6oO3JOL5ZtD8oVp0Dn_HAXZfOepP9goNcDnCan6rCpEBV4MJO_ViF1qNsu7xVGwB4r-4V1seVwA","token_type":"Bearer","expires_in":3600,"scope":"user-read-playback-state user-read-currently-playing user-top-read"}
Spotify response status: 200
Spotify song data: {"is_playing":true,"timestamp":1784232098796,"context":{"external_urls":{"spotify":"https://open.spotify.com/playlist/37i9dQZF1F5p3rmiWPIYgZ"},"href":"https://api.spotify.com/v1/playlists/37i9dQZF1F5p...
Token response: {"access_token":"BQAxpH7tkmAM1mTyL94TTgQdFGm9skNMpv2tHakqNKKXDVHv1JvumUiBs9TGo6Sr1vm1naSLRx63wVOOW2WgXVT2lZq2Xi8qoKbjnt_kKk7Hu1Ezq6CSZOE7hO3rmzH1CC_2EZ-JqRYrSGFSYd9SnwDGk7TZV0GBeFsXCpH9M95tGJ9NQuSKHVyKP7p84arx7KzB7B3MwTJhKiBR6IkPAmXohQJFmQYOhvVqu_AYE6bRqb9gLMAkc9p3-lMmG5lBTuLGAw","token_type":"Bearer","expires_in":3600,"scope":"user-read-playback-state user-read-currently-playing user-top-read"}
Spotify response status: 200
Spotify song data: {"is_playing":true,"timestamp":1784232098796,"context":{"external_urls":{"spotify":"https://open.spotify.com/playlist/37i9dQZF1F5p3rmiWPIYgZ"},"href":"https://api.spotify.com/v1/playlists/37i9dQZF1F5p...
Token response: {"access_token":"BQDY718yGedUN_6eiDS96xGoZxBfY21cxntARLGMuVR6fKL2GxP4mwPdo5bbj6kJxzqYKXmQmd_n47MKWQMHNzprPQvs9J4F8aczOWBddUpL_IswCqeV6GtIW5PAjL4ZxrhRnMfEltQFU5TU1BhIv22euhcGoz3-9tYM5YH2bw8wsaKewcDvvKEVDdye7y9vXcItYFzoYRe5SwMeIP4104p6F4Q5La0McSKdOU5puquG5kTSRfyDb2AXtVoztOECr5wldA","token_type":"Bearer","expires_in":3600,"scope":"user-read-playback-state user-read-currently-playing user-top-read"}
Spotify response status: 200
Spotify song data: {"is_playing":true,"timestamp":1784232098796,"context":{"external_urls":{"spotify":"https://open.spotify.com/playlist/37i9dQZF1F5p3rmiWPIYgZ"},"href":"https://api.spotify.com/v1/playlists/37i9dQZF1F5p...
Token response: {"access_token":"BQDgrWjXI1H1gyVS7uqWtYpgwmjnrcOR5n2Ewtbx_WT1Ox22dTAO9fJGp5r10L9D-fr4_wxLSYEflErYv1eklONGFvE1kFkJAxRXtO166z7ixDag1IhAI3uzRgQlZbE9fL2bO_75Zjw-CUT52AxWvxyKy9iF_tQ2VRogoGBaPyh8Yo6tGn3bQzlSM_C8y8xdjGXmPNp2qG71ifaTB-aS5Om2ql6DMeTqhxaju_vXQsGocaHjaqJ0OXb8_7zT9lwdvWm3Yw","token_type":"Bearer","expires_in":3600,"scope":"user-read-playback-state user-read-currently-playing user-top-read"}
Spotify response status: 200
Spotify song data: {"is_playing":true,"timestamp":1784232366276,"context":{"external_urls":{"spotify":"https://open.spotify.com/playlist/37i9dQZF1F5p3rmiWPIYgZ"},"href":"https://api.spotify.com/v1/playlists/37i9dQZF1F5p...
Token response: {"access_token":"BQArTrZwImdFndg96jlxYwkAwMkYEVHKmfYBigZGy3Dv0W9ECKaietov7BM-cKr4BplhCGfwfoM5fx0txSOFu92aSfUc1uUfIzVTjOhayBwDdaR7iaQDdb641CVHEQO-8H1byw_GdB1xrXMZR9M1SAszZ4a1ItbHApee9iYveVP7NG9ZDi5Im7AJiUO7lT22lUK2Q7-yXCX1q_BZZvw9Ftm_uNsTcf8mTkkVtC8EOTganG3bVxRtua6jCj2DO4DP3M92NA","token_type":"Bearer","expires_in":3600,"scope":"user-read-playback-state user-read-currently-playing user-top-read"}
Spotify response status: 200
Spotify song data: {"is_playing":true,"timestamp":1784232366276,"context":{"external_urls":{"spotify":"https://open.spotify.com/playlist/37i9dQZF1F5p3rmiWPIYgZ"},"href":"https://api.spotify.com/v1/playlists/37i9dQZF1F5p...
Token response: {"access_token":"BQBuXsULp2SMawHWUXw4qm0NQrD_E0H6wnZDh8rXleDHPBKMXeb4sukQy9c4Yh1D6vl8KSxIA1DK6fTZS8VkA1u6wXpygBA_Gdsd8KdesmRvqG8eop3qE2CEAtG8R28tVdJpjHoNJcsU54pshsmjLLvDIpOPO06MYGzHnmPgRCJ5f5zI6F99z_RqHl8IpneIOg50sZfx9NTWu9PHF6LIACUYs5LAfaINLZckBN-jj54ZOq0tTAHrZEK8gdxqFW2RZ2UP5w","token_type":"Bearer","expires_in":3600,"scope":"user-read-playback-state user-read-currently-playing user-top-read"}
Spotify response status: 200
Spotify song data: {"is_playing":true,"timestamp":1784232366276,"context":{"external_urls":{"spotify":"https://open.spotify.com/playlist/37i9dQZF1F5p3rmiWPIYgZ"},"href":"https://api.spotify.com/v1/playlists/37i9dQZF1F5p...
Token response: {"access_token":"BQDaBcEmomVDavEahIwjcYR4N5z5xnbUROtwZHJILPNBbJhCRUsVfu6uRUVDdZgnIZe1ySNgWAHqnMr4TNBwtQLTEEI1m2rlIf8QOPUiTFyApt8xa9Amq7A-nRQNe1ArAAdd0NouFirZQfmaAzRGYTubUodY4UKsh8hxZqeTw75OjxsFsrE9YpQfDXdnbUJhD8U5jxsOq-iVWqjBd_te-jyuosvjBbLrnqN3bjEMBjKpIZyIuC8nc3w9mjXPbLmnWqhXSQ","token_type":"Bearer","expires_in":3600,"scope":"user-read-playback-state user-read-currently-playing user-top-read"}
Spotify response status: 200
Spotify song data: {"is_playing":true,"timestamp":1784232366276,"context":{"external_urls":{"spotify":"https://open.spotify.com/playlist/37i9dQZF1F5p3rmiWPIYgZ"},"href":"https://api.spotify.com/v1/playlists/37i9dQZF1F5p...
Token response: {"access_token":"BQCLA1XJOGzv5zxLSQPDOrDfR80xu7Qh5ywzRyKo0JRC0akT72YwoUtJvd3EiDt-LmrTQNjv6m-28OVm4_ZWOILKBb6R7youU31hwnf4g8eijALhRfXpYnkseIuJalO0HHkwjXxgwbyufUBp2QZKzTFnXSyV-jdx2zrHRluLBOvsS9j-2vHnWnhC8wTy8MHFtFaBHRtny5DEAheY2Z1uCLAcjpc0JlIYxrZjHpOr2hQQiyWWS5oum4abPJ6LmqeRbDDhqA","token_type":"Bearer","expires_in":3600,"scope":"user-read-playback-state user-read-currently-playing user-top-read"}
Spotify response status: 200
Spotify song data: {"is_playing":true,"timestamp":1784232366276,"context":{"external_urls":{"spotify":"https://open.spotify.com/playlist/37i9dQZF1F5p3rmiWPIYgZ"},"href":"https://api.spotify.com/v1/playlists/37i9dQZF1F5p...
Token response: {"access_token":"BQBrwpbbMgiaY3FoPL6lwnVTr17auflIfndbmEBSQ0CRafINOpPYeNASDk4DgnlD8an2fpgf5dfq7Ngx7j9Wg8QUXs23PORJf6MlnvbiNcEh7nhOY8Ei6bRgrelmTWO0bAdlBKT4UlG5JJZz3NtkRpAhBFJWCITQ4B4xSFGVnWTpDMGvqGYp6XZWRxTpPuNVWWK2W9Uojm7DxiXEIbAa6wgdjeMhKznoXvH8-ySHRBJMSmxYhqkhdj5V_NIioKVydTV9rQ","token_type":"Bearer","expires_in":3600,"scope":"user-read-playback-state user-read-currently-playing user-top-read"}
Spotify response status: 200
Spotify song data: {"is_playing":true,"timestamp":1784232366276,"context":{"external_urls":{"spotify":"https://open.spotify.com/playlist/37i9dQZF1F5p3rmiWPIYgZ"},"href":"https://api.spotify.com/v1/playlists/37i9dQZF1F5p...
Token response: {"access_token":"BQDqRXVrs8oBA6AK2POwXjqsjQ-z2huuopI4h2ky7y51jMt-ECYFUphk-YtODj21F8CLI8MtM8JX9AhJ1QVANDrz_AomWDPO1e_NMFzlFiiwnbMQrY_FHsl5FnMDVRNCHy09xtWzH-qZvmHUyIBzbMDKSnBB0ozpzVYAvLhrOYk6RkzXJedZkDbj_H8pOtnM1uHkoe2tmQaScb0Mtpbj39kD-9FCmCt0c-ZDA0oWaHoDifjx-2guMGA-DM_8NFLd3_nAcg","token_type":"Bearer","expires_in":3600,"scope":"user-read-playback-state user-read-currently-playing user-top-read"}
Spotify response status: 200
Spotify song data: {"is_playing":true,"timestamp":1784232366276,"context":{"external_urls":{"spotify":"https://open.spotify.com/playlist/37i9dQZF1F5p3rmiWPIYgZ"},"href":"https://api.spotify.com/v1/playlists/37i9dQZF1F5p...
Token response: {"access_token":"BQCEoOsL5iKOMEbENjGpO5N-G5ZrV3KsedXvVkN-jyQBre5o8tBsIHGIgx0oWCjVb256wx8-LqEZLFx5Qsfz4rzGxw4IYctrXP2qiBoRUIq26HnLwgqHCtOKfdjgHt_B8CrMDrdQrkLOFyT5ib4RT3I6RESANPLxTjAUyxRDol3wTmgiPzIXom2wg7wnbbBbZdwm58Ve1jx_SNDKLGjshJ-6VrsxuZKWovEIIy024cet1Tx4cdVJZTqJcCH0xb-sh5eOdw","token_type":"Bearer","expires_in":3600,"scope":"user-read-playback-state user-read-currently-playing user-top-read"}
Spotify response status: 200
Spotify song data: {"is_playing":true,"timestamp":1784232366276,"context":{"external_urls":{"spotify":"https://open.spotify.com/playlist/37i9dQZF1F5p3rmiWPIYgZ"},"href":"https://api.spotify.com/v1/playlists/37i9dQZF1F5p...
Token response: {"access_token":"BQCF8SqJmSAdScoPd1UeCT83WKbWVk9UR7Gv16xYZqafl1AYdMs4mcZmfJ7iJexVEBiAHv4pTJjEYuxnNqAUutfPmK3K60ONi1alSNPyWI1I0R4-KSW4lYZQym5FOMyXjZ8r3BDkiOwdlpGG3-McFXl4r7lW-LzHhN_74wOyI229nyzfhe9TgBGr44y5QXpRr6GAqj0H53jksrenpF32VKOmKl2mwD3cxUg7wzQ_pC-i0LHDeqK-llFTLkNcin2dkmBD4A","token_type":"Bearer","expires_in":3600,"scope":"user-read-playback-state user-read-currently-playing user-top-read"}
Spotify response status: 200
Spotify song data: {"is_playing":true,"timestamp":1784232366276,"context":{"external_urls":{"spotify":"https://open.spotify.com/playlist/37i9dQZF1F5p3rmiWPIYgZ"},"href":"https://api.spotify.com/v1/playlists/37i9dQZF1F5p...
Token response: {"access_token":"BQD1x-e8qIUokWyptic3OemP6aCho-oEAT3y72Z6cUxMA0S2myor5sqR3yQoXDeQoFntRKVJ0-qYPX4aI13SHKDzmVAFq1fhPyQJnc8h1Qb-N6wPNcc0nor0WyUYh5DbyV8TeMPPFgXYiLARMpOWWMb5xI5dwJF0914nFhN_IMGMFUvJoW6FaN0Y9wQByNlZ59qQ1c_v4MwA66jwfCGx7psBP7k6aDf36A2qqJC9shDyzLy2O8dkPmKaO9APwIPSdEo-zA","token_type":"Bearer","expires_in":3600,"scope":"user-read-playback-state user-read-currently-playing user-top-read"}
Spotify response status: 200
Spotify song data: {"is_playing":true,"timestamp":1784232366276,"context":{"external_urls":{"spotify":"https://open.spotify.com/playlist/37i9dQZF1F5p3rmiWPIYgZ"},"href":"https://api.spotify.com/v1/playlists/37i9dQZF1F5p...
Token response: {"access_token":"BQAKtN_QuSTP3ZnqbTndMYsb2krDjtiiQ0UFYUhy_WdUyX_q0Xtrmbj7fGeSFCVaH7VwC5KyGNAOUt7vcIelYH7GHP0JRMRow5UlPGWOzlMrq8Rsv0zXJkhcngwrh62IZI_a7ReaUQbhotTL7HPAjKY-Kf6WIVVLmUvJOnkrWAdP-FpdmmtEz_3d61603qSsowGR87ULoIRZop7P_0rfuhQRqOIsI1Ax3sRR-bfy7T-FJ195ObzRBtSx8LWRDNHaQNg3NQ","token_type":"Bearer","expires_in":3600,"scope":"user-read-playback-state user-read-currently-playing user-top-read"}
Spotify response status: 200
Spotify song data: {"is_playing":true,"timestamp":1784232366276,"context":{"external_urls":{"spotify":"https://open.spotify.com/playlist/37i9dQZF1F5p3rmiWPIYgZ"},"href":"https://api.spotify.com/v1/playlists/37i9dQZF1F5p...
Token response: {"access_token":"BQDxBi1NtstVu-8026WukUOf8Ep2zrodYtsQDM9i7HeEpxg_5Q8DOah8EJ_W2IYdA4Z_3DYT4y0TaqGK43Nx99s8pHRaUyXZiqxNAZ1AL0F7j0ztjm5R8lUJk_ONEMg1IJkN8uQZs2Ol3mEX7Trx_FwptaHVUYXkvUoXuqSZ9xot1x49sWEu7giZiSGOzZwXqDFBBNcVz_ef_JdouinJ-cDcTIIF3Ol3oT4pzSq17Ng-xciJu9OrK1a21KH657UnpDwLgg","token_type":"Bearer","expires_in":3600,"scope":"user-read-playback-state user-read-currently-playing user-top-read"}
Spotify response status: 200
Spotify song data: {"is_playing":true,"timestamp":1784232366276,"context":{"external_urls":{"spotify":"https://open.spotify.com/playlist/37i9dQZF1F5p3rmiWPIYgZ"},"href":"https://api.spotify.com/v1/playlists/37i9dQZF1F5p...
Token response: {"access_token":"BQDoXv2Z-6kjSAOegggLiFp6Y5GrT5I13uHnm3_KYtR5rXXR-dxT8_mfg_5hcdKNpg78xsxHzkvacgL6Vx862aDDj1cgXWhC6Etr3iJegCRRKYlp85SOUE93TS3CvkLTH42oL4UD5VJfHCJ6kWnfKPIG1JYp9u80wFzuBROw0CaGmHhCqJDpAyfiorX3wV9fOfJgyrkH63VGy808vCN_EclwXOcJoQFEeyPsENs4-13eRTN1TpbhiMv2iLMyLqklfNPmgQ","token_type":"Bearer","expires_in":3600,"scope":"user-read-playback-state user-read-currently-playing user-top-read"}
Token response: {"access_token":"BQD2LuhjneepvnetZ0mIIycrg_L0Wt2Hu7f_6zHFzaX9bW9gEDRtb9QdrbZD2iRyJKGlUohQlGN_0b6GVwhghBkpXwPYlRMTQZNpRBvix9LVp6W7owqNOhNwEBziPjG09PZZsDVRbVb9WLmU5Pqmxkr8yfGdb9onwLLI-7I91Toz8D8Kh609_YNfB7dzYVfGH14xwq5vsirSxrQl14rhmsXneoXLdnqSVas0LdMRz5tAfBWVMOyXzSy5GOr3i2b060EvqA","token_type":"Bearer","expires_in":3600,"scope":"user-read-playback-state user-read-currently-playing user-top-read"}
Spotify response status: 200
Spotify song data: {"is_playing":true,"timestamp":1784232366276,"context":{"external_urls":{"spotify":"https://open.spotify.com/playlist/37i9dQZF1F5p3rmiWPIYgZ"},"href":"https://api.spotify.com/v1/playlists/37i9dQZF1F5p...
Spotify response status: 200
Spotify song data: {"is_playing":true,"timestamp":1784232366276,"context":{"external_urls":{"spotify":"https://open.spotify.com/playlist/37i9dQZF1F5p3rmiWPIYgZ"},"href":"https://api.spotify.com/v1/playlists/37i9dQZF1F5p...
Token response: {"access_token":"BQBAD38n7DPLXqJe-1xUZDAmr49qNH8MoD3xOhNPi61CWbxl7FnhZUDfxXisINxN-o55lNvIqSWpNfBb0n1NQMW6Yol2bf_E6GD6pn7ikoOFfIg05k6Ij1EC6PWh5NRHuyPNDnUX--CgZbE6Ty0W4G8_swQXw_kmPFAFD-VmOernvuEaPcVehsqHY945Me-117kTDgGAJTfQ347-rjUEFdYKoHt0rMTDwhKOpEUaxZdD2UUTYlAEy1f9v0zK27yWGweSQA","token_type":"Bearer","expires_in":3600,"scope":"user-read-playback-state user-read-currently-playing user-top-read"}
Token response: {"access_token":"BQDV0PScUDt6pZmQbjQJ4Au3DiNI-kppUdJ9uW1ooKLMvjW-0dDUb3uk4xTglU4Q_z3cfVU8HJZ2rRUwLeeHv1hOyiiDTc4HLTMo8BOdkUeQFBiDgdpqSsdUIjxN0kIfGlXzhHWnLpHPt7cKHNEvkCZgevFIwJmZT-Y_keniHIfW6LCZP69cQwot96zEC4qw-B13-16sNCQ44ZAVmYE00iEWY7DMsvHPvhr3uwduzyzJvP3rlU0qOgPGPKtgpbNgYcmHZQ","token_type":"Bearer","expires_in":3600,"scope":"user-read-playback-state user-read-currently-playing user-top-read"}
Spotify response status: 200
Spotify song data: {"is_playing":true,"timestamp":1784232366276,"context":{"external_urls":{"spotify":"https://open.spotify.com/playlist/37i9dQZF1F5p3rmiWPIYgZ"},"href":"https://api.spotify.com/v1/playlists/37i9dQZF1F5p...
Spotify response status: 200
Spotify song data: {"is_playing":true,"timestamp":1784232366276,"context":{"external_urls":{"spotify":"https://open.spotify.com/playlist/37i9dQZF1F5p3rmiWPIYgZ"},"href":"https://api.spotify.com/v1/playlists/37i9dQZF1F5p...
Token response: {"access_token":"BQCD_fx7x9MvgYLLl3Hsh3yC5cJSWyD1Etx159VLLLwvRZxSY4zeCTV8_TgGeINTDq6nlPme59Si4osGiD0xj4rpPuImwIk55t0nK5slN7CXSQ1WEm5K4Yf3CPkiKtPAZ1qY5JdCt9RqTtmg_70cQ29hwb9ip0yqYIYuyKcycBx8VlI3cR_i_EkVX4GAyiYe__xhSiMZig81O9WRDe-8hJLAKKvcCWu3847e5Z1p72IAKyFwne_O98g0F152IyqdWwbMow","token_type":"Bearer","expires_in":3600,"scope":"user-read-playback-state user-read-currently-playing user-top-read"}
Spotify response status: 200
Spotify song data: {"is_playing":true,"timestamp":1784232366276,"context":{"external_urls":{"spotify":"https://open.spotify.com/playlist/37i9dQZF1F5p3rmiWPIYgZ"},"href":"https://api.spotify.com/v1/playlists/37i9dQZF1F5p...
Token response: {"access_token":"BQAOeuPQNAMNXEE2kP_i3R9J-UoFnU5TinbLJrJ0E9u9oyvvUQIB1pFc2v2yqYh9swXmKQXFGDU519bdZUiycNhEXycEnHcueVQshIobUvvzwaq8wAb6ff2YNNyYS25kM35mzPynb0KUqAS1w-o6RUme2V8C0Vv_F5N8NXv04iG6ubwi4IFGe9zMxdTbV35hHyFC7SbwzHnfoS8XJifBGcyHUYx25U59bUt5ZSeA_dlqogyqLSKmikCDOdS9jdhmfV2Cmg","token_type":"Bearer","expires_in":3600,"scope":"user-read-playback-state user-read-currently-playing user-top-read"}
Spotify response status: 200
Spotify song data: {"is_playing":true,"timestamp":1784232366276,"context":{"external_urls":{"spotify":"https://open.spotify.com/playlist/37i9dQZF1F5p3rmiWPIYgZ"},"href":"https://api.spotify.com/v1/playlists/37i9dQZF1F5p...
Token response: {"access_token":"BQCC3JlyukZ3732CLIHANXFATUKH_qATTZGMjpXVJYYVdU4RzObvOBLCGWd-osXzNvgZaUpSMKtXWjSkj0u3GK8xRISoM4aOOUh9g6gwYxuBaj9ph3Ois2tIPJYqT23xiitCEXGKZ6tWBpxN0Uk3hcmHJLj7L-G7EScRcHi2YAv2VkclSgtRQ__ZozuMc8J_evkPFnpqwjtEJVIOWnF0Q9aWjAbS1RXinBOoVRwAp_ZzBG4XEh4RyPowGHEtul_4yEn5xQ","token_type":"Bearer","expires_in":3600,"scope":"user-read-playback-state user-read-currently-playing user-top-read"}
Spotify response status: 200
Spotify song data: {"is_playing":true,"timestamp":1784232366276,"context":{"external_urls":{"spotify":"https://open.spotify.com/playlist/37i9dQZF1F5p3rmiWPIYgZ"},"href":"https://api.spotify.com/v1/playlists/37i9dQZF1F5p...
Token response: {"access_token":"BQAZVVbv-TKi3X30GWdFeEKzaokY3oiBAyraOKsX6ZY6clpTspTQaEQdTgfKI4DHGwmRyRLuy53PDSaV5WmZ70TXWDdkLGO_P667KTNsYmukLdtOKv8PIio74jHPkx-sLFHM3JtR6OQa7hSlCJtUqRSN8bv6ZEPJBwAzrDq5uC-wJNr9K6SUigJ8MvMHqrHD3lS5nuL613xP3Ol-RnZtbNcqNGT9Dp9Yhximxj_xFHG6dHJwzfTclWVwnsc0rT3bQ2ncvg","token_type":"Bearer","expires_in":3600,"scope":"user-read-playback-state user-read-currently-playing user-top-read"}
Spotify response status: 200
Spotify song data: {"is_playing":true,"timestamp":1784232366276,"context":{"external_urls":{"spotify":"https://open.spotify.com/playlist/37i9dQZF1F5p3rmiWPIYgZ"},"href":"https://api.spotify.com/v1/playlists/37i9dQZF1F5p...
Token response: {"access_token":"BQDMAWvvcZ6aWx8HT7U5PFp0GwFzsp3nbBQvW61t5THuYKbRGNZLP_4E92d7z5aXCDbuh3FnYMWKCmXatMYLEB1ex4cjVyVKpbZ2mQMl4OwrJ_Mv5argc4I7ZaESFmf3-nB7-SJrjs2hiCni5lq6TFY0GGFj2YyYYHZZAZHi0cH0KoD-DKvv5HjLsZPqJ8cHn1Kb2ijEAaYdf2zq2OP6GU9VgzdDmU1RjYmjOza8kREvr-NbjHmFSVP1UvKpgVFpGf_10g","token_type":"Bearer","expires_in":3600,"scope":"user-read-playback-state user-read-currently-playing user-top-read"}
Spotify response status: 200
Spotify song data: {"is_playing":true,"timestamp":1784232366276,"context":{"external_urls":{"spotify":"https://open.spotify.com/playlist/37i9dQZF1F5p3rmiWPIYgZ"},"href":"https://api.spotify.com/v1/playlists/37i9dQZF1F5p...
Token response: {"access_token":"BQA9onF-2CxAuw4bdaA_mde1SrcamPOkfQ3tliS2__YtFb2mefHcZZZ9Z7RoTOIdju9KV4N_KY-qNNGewIbPWHsmzshAtOJsf1YBxrLqZlputBKMfBrKNe2NAial2UNMz_F2c-OqfLaH7vMvi_H1tv2ScbWg_XghnleCQINDMTF0tK_GyHOWIx3sLjg7P13CS87EKpYCdPCOMdw0WDykjf_ESLq7ri8544wA40bJVtrfIvQl2W_sIzn2R45y_1pGhL3F4A","token_type":"Bearer","expires_in":3600,"scope":"user-read-playback-state user-read-currently-playing user-top-read"}
Spotify response status: 200
Spotify song data: {"is_playing":true,"timestamp":1784232366276,"context":{"external_urls":{"spotify":"https://open.spotify.com/playlist/37i9dQZF1F5p3rmiWPIYgZ"},"href":"https://api.spotify.com/v1/playlists/37i9dQZF1F5p...
Token response: {"access_token":"BQBuu90TEr5E9MvTKjpyc-PnPRCRyok4IeuTg6PDH99I9ei0vwoKQMHtgGkC8oNRHS3ZxFekcygnIy4RgvLKJ_G5HkBnBkXiCPdBxaJFX1VAIVwbW-mPGhBP6fPXTEJ4qrR7tNtmG9lWKUTB9nQqvZNRUfp-8EbeIG9QOdmFHgh6KlN1U7E8H9cjMmrVyripEpE-FlMsWr8YFgcx2VXmdxe5Z47wZQQoKg8BNgXbS4SlCEYHOpc57Fu2LikQ5DZ9UDHTZg","token_type":"Bearer","expires_in":3600,"scope":"user-read-playback-state user-read-currently-playing user-top-read"}
Spotify response status: 200
Spotify song data: {"is_playing":true,"timestamp":1784232366276,"context":{"external_urls":{"spotify":"https://open.spotify.com/playlist/37i9dQZF1F5p3rmiWPIYgZ"},"href":"https://api.spotify.com/v1/playlists/37i9dQZF1F5p...
Token response: {"access_token":"BQA63dsJ2KCNFCYJ_LBq0orOz9cerMTgsSc5UMHTMCorMEb6oMxD1PBDYYLHeJHpC1Wft-G4RDAx91n-Ofuh-95rBNllwp-NZ-x2cnsgkBQ3E-eOT1Rbezul8F8mYOK9ojeWIsZWQdAC0gWn0tyBT7inN--ToiJ1U7Y9AtVQl6eltrQeBnBGQSaKdIKTRxfLOuzyEL3DdShadcNL6hLkBYAekcwNB9FQQiR58G49gX9x4TGEPzA6W09EHH2Av3R5q8tEcQ","token_type":"Bearer","expires_in":3600,"scope":"user-read-playback-state user-read-currently-playing user-top-read"}
Spotify response status: 200
Spotify song data: {"is_playing":true,"timestamp":1784232366276,"context":{"external_urls":{"spotify":"https://open.spotify.com/playlist/37i9dQZF1F5p3rmiWPIYgZ"},"href":"https://api.spotify.com/v1/playlists/37i9dQZF1F5p...
Token response: {"access_token":"BQCZ1Llt1jjtf6ulYcgtVuuelQhnn2Xz15rRgTpKNWIxOk4V-D1MVjlpaL8vmBBIkMM_1to9RMsAMP-PooAeglJnnfEy7ziGxg175MqcfLfy6qBLfBDuyKEzqm7brcBJwvmv0nra6a8MA1AmszLd0Oy_CqHbEGHM5UY9FhUzshfnGMvoHA7Goi6UZrTerWiwvbCVfq1Ya9K5B4g6JKpbWOwsYRpNSbYuXj0jApDCZJsowPfoObIXYGc4r7GqgPACeGBb_g","token_type":"Bearer","expires_in":3600,"scope":"user-read-playback-state user-read-currently-playing user-top-read"}
Spotify response status: 200
Spotify song data: {"is_playing":true,"timestamp":1784232366276,"context":{"external_urls":{"spotify":"https://open.spotify.com/playlist/37i9dQZF1F5p3rmiWPIYgZ"},"href":"https://api.spotify.com/v1/playlists/37i9dQZF1F5p...
Token response: {"access_token":"BQBaLCs-HVBtItS8ZvKHv1har2vjKZa9tezKeBDC2dod72dDtMU6XsmNvKmfcSfnJsfZuEXA-_plkrp_n_FOaXY6OVX2XBaV_9YhykC76ZxJvTlhl5HWCkOIQ_vEOu27w-oBKdQ6dja3KfNkmG4f2-QexGXsmQE_QrWTV45sh6ypFktgSUAz7t1P8ATfDgr2HHJQoGQi0l9IiutFTz_MFMRvLIj8IFWvlX1imDZKxhGPOVpCj9V4aDgoEXpRGkeDd0iE3w","token_type":"Bearer","expires_in":3600,"scope":"user-read-playback-state user-read-currently-playing user-top-read"}
Spotify response status: 200
Spotify song data: {"is_playing":true,"timestamp":1784232366276,"context":{"external_urls":{"spotify":"https://open.spotify.com/playlist/37i9dQZF1F5p3rmiWPIYgZ"},"href":"https://api.spotify.com/v1/playlists/37i9dQZF1F5p...
Token response: {"access_token":"BQDw0RlkrpoYjJYG8mR0dZnz5ZA_zAUKcYHkSBwVD8JclqdaLWAQh7YblvFNqLgLY78vtg9ivtaIL0vpIoX6q3Qj8Ire8CIVVCGm3_AE6I_zWt_ceZQpVVwq3V5k7uNOBrLv9c3ZiLgGTGOtmhMbSVlmiN_8wBawqioS7DBxhVvSwvhriDs4HNqvnkpz25pFtYCAaJG3HPPxv-Y5aSsbCiCg3tbiPUVmcxrCESl3S6TctrM4RcDpkBRSoUPvJMUVDAwgyQ","token_type":"Bearer","expires_in":3600,"scope":"user-read-playback-state user-read-currently-playing user-top-read"}
Spotify response status: 200
Spotify song data: {"is_playing":true,"timestamp":1784232366276,"context":{"external_urls":{"spotify":"https://open.spotify.com/playlist/37i9dQZF1F5p3rmiWPIYgZ"},"href":"https://api.spotify.com/v1/playlists/37i9dQZF1F5p...
Token response: {"access_token":"BQAAljaQYZB46wYw7r1ock7AnSbMX-a_ftA6Bx_RSuSfOdAXE0Mi7ZBDaQyLTSYlhH7n1xqLBc_EvGF1q_mQL5pYh0ZJ9I6vDbP9C3y14cPOXFX-7IpLUmx2gN6pJHZx__WPyoxFm_wOhp3FBSsjIMbIfFqqSjgts2DL20-mlXE-ECXOVH_bB0YUVddp8B4oDvBFHGGCyhBo-ozz3gs4ZUMH87vcvn8Lzq5QfcsfVTxrBRqLechSVp0S8Y_YtI5rwKI9jg","token_type":"Bearer","expires_in":3600,"scope":"user-read-playback-state user-read-currently-playing user-top-read"}
Spotify response status: 200
Spotify song data: {"is_playing":true,"timestamp":1784232366276,"context":{"external_urls":{"spotify":"https://open.spotify.com/playlist/37i9dQZF1F5p3rmiWPIYgZ"},"href":"https://api.spotify.com/v1/playlists/37i9dQZF1F5p...
Token response: {"access_token":"BQCZtQbAdJcotsvS2vw4mu1hv6DUCNaYB5ocBwKPHnioS_bco2_W19puXXmjvDoIO7KGr1f8vZrCF1tqaJUGh-7c23-Yw9rVNsD1K1ztpg5mGmBeNgcRz1m_JO0R-HlxvohW7UKtzCgXGWTpuc4dped3fnqajAC7B43NykVJfZZqm_t3Hw2KIRj5rmZWETjY4Mbok8BKQJp7x1zwDpMA0uV3K3zya863fDsTmeYpG4CQLVCn6JfzU5ks2foCW9VLshzfXA","token_type":"Bearer","expires_in":3600,"scope":"user-read-playback-state user-read-currently-playing user-top-read"}
Spotify response status: 200
Spotify song data: {"is_playing":true,"timestamp":1784232366276,"context":{"external_urls":{"spotify":"https://open.spotify.com/playlist/37i9dQZF1F5p3rmiWPIYgZ"},"href":"https://api.spotify.com/v1/playlists/37i9dQZF1F5p...
Token response: {"access_token":"BQAyJlLYwgMVEo2_zTSvBGC4j_22DcCEHPiWHkrusoQ7fk6UbTDIio7c-msEz-Qa68NOhsJk9SQ3iMR9t9PYZ-HbctZt1Lm1KGr_nGtZNorJPmvhuPSgJbIDUNxJTRNEbx7NZcwmQzCoekhylAghmuq5e0x8lE2YFKeVDRheTSHmnsoMg9qssBmCIViFSK-CiovwNDlJiv1fD_FfxpGn1e-_blxIa_mCSaYicJaQj0CBHAvfqHAAoognL0lpvWBXMezWyg","token_type":"Bearer","expires_in":3600,"scope":"user-read-playback-state user-read-currently-playing user-top-read"}
Spotify response status: 200
Spotify song data: {"is_playing":true,"timestamp":1784232366276,"context":{"external_urls":{"spotify":"https://open.spotify.com/playlist/37i9dQZF1F5p3rmiWPIYgZ"},"href":"https://api.spotify.com/v1/playlists/37i9dQZF1F5p...
Token response: {"access_token":"BQCF_k7hjWiUD0ts9MsFPTv9lkTdPRq5TetNczXPKvc5jXvZS5DuiOaNv6wqqzwNWiKy5yFzaB-V8VcAigxKFXquOIypXDTuYnnb_QHVWWEPt_rfJMeGESPBY9GtAhwKrry4DbphP0UqsOGenD_2aVrpw0zQECeGJ3CaNW5gRz9kQAjr4wfK2ocFd8AEQRSww_Iv7Ibu7_H87GMi7OpMVoZ5WTeuifkHi2d0NuZfbluqLjYZOxAMBgNyaGCeF2jlhQgDSA","token_type":"Bearer","expires_in":3600,"scope":"user-read-playback-state user-read-currently-playing user-top-read"}
Spotify response status: 200
Spotify song data: {"is_playing":true,"timestamp":1784232366276,"context":{"external_urls":{"spotify":"https://open.spotify.com/playlist/37i9dQZF1F5p3rmiWPIYgZ"},"href":"https://api.spotify.com/v1/playlists/37i9dQZF1F5p...
Token response: {"access_token":"BQAYfaumyTZ5z78qDVWWx9YBQzjLkCBkKLe6KEyORVf-2WhJtlwKTMyTDw6y65lPO_9cVTOYMRAo5-4wU8FRpwypEGiaT-CfHX3qOPetSTIDE_WucHjzIT3gJb3HSGXYmDe-vCwwA4_0mwfhcmge33pCSUOGkusancCiR0vx6gycVuSeacI2eTQAo_ByadVUcs_2_Un2RGuSGQkcm7h3g8SFonbN8x7VAqW4KOEwA0OHR_G8-4_usELw1YDj-WrKWgi5IA","token_type":"Bearer","expires_in":3600,"scope":"user-read-playback-state user-read-currently-playing user-top-read"}
Spotify response status: 200
Spotify song data: {"is_playing":true,"timestamp":1784232366276,"context":{"external_urls":{"spotify":"https://open.spotify.com/playlist/37i9dQZF1F5p3rmiWPIYgZ"},"href":"https://api.spotify.com/v1/playlists/37i9dQZF1F5p...
Token response: {"access_token":"BQDSHUlEQDxqz371zS3aRfJsvwSdqt5iKnFrvIRthv_rNwfIrwQMyY3FmKZaM1sPTHG1C1qw7855PuGihHKlFga3cGRt88Mh2q6NcPSKOhAZRMSZXNnaj1hnHPt4Ql-tS94_07Fb131qjjav12Hdk9qTFFHkyLafjXYu78BQtG9wTvTj1FoQzzWgvZ_x06xlqMX1aeEr1_h8RZ1JN1orxvyy-doZVW0JTojnZ_VakJA9NWcOWuCYF9XHmRC_MSoCo2wzlw","token_type":"Bearer","expires_in":3600,"scope":"user-read-playback-state user-read-currently-playing user-top-read"}
Spotify response status: 200
Spotify song data: {"is_playing":true,"timestamp":1784232366276,"context":{"external_urls":{"spotify":"https://open.spotify.com/playlist/37i9dQZF1F5p3rmiWPIYgZ"},"href":"https://api.spotify.com/v1/playlists/37i9dQZF1F5p...
Token response: {"access_token":"BQB0NTGal2zFkJo0hhAHvBDntf4wx2_o8BF7j33pOV1XKxjFNPtkevVLBcCOT3ylv-bSHRgemne8An8I3W5iB7fii-nHhpvrebXylxANL_QoKSbkTHxQsgSDCgNqDgfOqwU2CCkOfwVVNlu6DG5QUVCcQue8bSQJMpFvRhPnUsxjbew3tuMVO24BKygiJnKMriC4RIOOtBMQfJTRSIr8SmdwEsQ9wNN6IKy2uxSGf46FmT7NjbnwHjrxSiHy6Lv3X8ka_A","token_type":"Bearer","expires_in":3600,"scope":"user-read-playback-state user-read-currently-playing user-top-read"}
Spotify response status: 200
Spotify song data: {"is_playing":true,"timestamp":1784232366276,"context":{"external_urls":{"spotify":"https://open.spotify.com/playlist/37i9dQZF1F5p3rmiWPIYgZ"},"href":"https://api.spotify.com/v1/playlists/37i9dQZF1F5p...
Token response: {"access_token":"BQCNPv1wUfB8kNEFgTMHljJ5oOgzNYgU9KnrbkPV4hPR26goVu5MVI7AodW7djcKpTlTtGUX7_6OLVgHN0ESAMEcC1r-V3psI6ocwbkVVWgR1trbpCerF_40749p1WZP1hIaQMGU6gFjyAUEWkEDqYXMWxysCcbNKYbEz_xIEAH1i2tAzr6LBGM9bnbaMxGWbDeVewprpNlgFv2rfbvYW7gGo7Ls83qN5LWqYzrKPi6gq-H-KOI4WO9r91EIgpW0wyepbg","token_type":"Bearer","expires_in":3600,"scope":"user-read-playback-state user-read-currently-playing user-top-read"}
Spotify response status: 200
Spotify song data: {"is_playing":true,"timestamp":1784232366276,"context":{"external_urls":{"spotify":"https://open.spotify.com/playlist/37i9dQZF1F5p3rmiWPIYgZ"},"href":"https://api.spotify.com/v1/playlists/37i9dQZF1F5p...
Token response: {"access_token":"BQDdBbvIgLl75l3reg0ABsEbwbA7G2oDErZkZVVZuZmFG2navNcxxUYvxR2-aI924QGcLt6iJxDOs-siigc2SyR_pieYrkIv4D8BGv6yC6SzQvUdYOCW7DeThRblQHoJJgVM-NReaLoQJ0gWFHgEonDv0kFTmg_iclk1l4wn8sb8OWikZwJZi92pJZv8AI_G0RiHw9AElQHQryzaqt37LMFqwfHoEwxj4CtkADKEjTVq1AoNP9c9heXSkTvEUjF3dIn_Bg","token_type":"Bearer","expires_in":3600,"scope":"user-read-playback-state user-read-currently-playing user-top-read"}
Spotify response status: 200
Spotify song data: {"is_playing":true,"timestamp":1784232366276,"context":{"external_urls":{"spotify":"https://open.spotify.com/playlist/37i9dQZF1F5p3rmiWPIYgZ"},"href":"https://api.spotify.com/v1/playlists/37i9dQZF1F5p...
Token response: {"access_token":"BQA5GIPcpipFVoeLOyK9mqIHFqsjXyqlOiT7wGcVTaS4fQ35pTppUvDRjQU3raNE2s69qlNbHzBAj0IiZcqeLLM1BAQfmq0pJVa-Ppxlt7chw81Z3cfMHJbABTb4urRxR_aBjzOhE1EJLMssX8YgXc_LSpEttqvcr78SKPtjV-KTYL69kJ_TB51FEG0E7xRoMrlchkvG0P0ENCC2j8Q3KTFMXxK_WAAzMi2nsBjCYPPnaNMZ4MycQZw2cqhjy2z1FfdF7g","token_type":"Bearer","expires_in":3600,"scope":"user-read-playback-state user-read-currently-playing user-top-read"}
Spotify response status: 200
Spotify song data: {"is_playing":true,"timestamp":1784232366276,"context":{"external_urls":{"spotify":"https://open.spotify.com/playlist/37i9dQZF1F5p3rmiWPIYgZ"},"href":"https://api.spotify.com/v1/playlists/37i9dQZF1F5p...
Token response: {"access_token":"BQDIVfYI6jH0VUe2lru02u2WpYwVYnNpFSFvHeB1JQxmfd9EICeUECXWsoOvL1N5bLY-Yb5UDrAUIe0S2y7E4m0rtqDJUeEagy-r24l0bqCua-ivoUdFnR471syCpvBTdmdrUHuVl0qk_WMiFpKW_lDl66kzWuucLi8WlFiyqdIfe7tTEyVFqXYFAjkOYqsH-s9t2MAM1QbZz0bHQAw3A2YTFSI6__mtGCfaVvJhMdOkRhKGWD_498gUiuFYL0rHMCJN3w","token_type":"Bearer","expires_in":3600,"scope":"user-read-playback-state user-read-currently-playing user-top-read"}
Spotify response status: 200
Spotify song data: {"is_playing":true,"timestamp":1784232366276,"context":{"external_urls":{"spotify":"https://open.spotify.com/playlist/37i9dQZF1F5p3rmiWPIYgZ"},"href":"https://api.spotify.com/v1/playlists/37i9dQZF1F5p...
Token response: {"access_token":"BQAyejlsnnMt0Ip6XBWCdMejU4RHh_PRGIMg5X5ABw4KLzHQxArbZ0ojq822K4wUtS4CLvMlKvUwlPL9ofqLxuWyQD--T7euxpPL0KRHwP4oPED2hX_RHiQNJgbYe4q8gmd8g4U0tIb56MMeJnROddBgh8LTkPyMvAy5KMMyKdImoafVIUsJ-wf-yESF-zEoW437gf3cAlTKkRjVobPr51qWIazEIbuRhwZEobEX3AdIKveDtUITMjcKA-x3Yaq5YOrqJw","token_type":"Bearer","expires_in":3600,"scope":"user-read-playback-state user-read-currently-playing user-top-read"}
Spotify response status: 200
Spotify song data: {"is_playing":true,"timestamp":1784232366276,"context":{"external_urls":{"spotify":"https://open.spotify.com/playlist/37i9dQZF1F5p3rmiWPIYgZ"},"href":"https://api.spotify.com/v1/playlists/37i9dQZF1F5p...
Token response: {"access_token":"BQBinN0tcWdwdupl7vnW_t4v9y635xRMi4_YYCdI8uMKnX2gzlziUPE6Hn-dN-Q7yIobibN30iX--eFB6E2iNRLlPpJfPU_LWhDQdYadHA8aYHHkUhR3zAhAhQ1-p7Ts5FX8F7KjxYHu77W21J_dNq_qi0_bxBSrIt3RMXLWg1gyb1coC4cuGX735Py4m_QRX3b2S2pX4I7wFwttge1Yx2o8DiGGm3nGKs0J9RwS-vgYjFJoB-_psl-Zw_AbLxo0piY9eg","token_type":"Bearer","expires_in":3600,"scope":"user-read-playback-state user-read-currently-playing user-top-read"}
Spotify response status: 200
Spotify song data: {"is_playing":true,"timestamp":1784232366276,"context":{"external_urls":{"spotify":"https://open.spotify.com/playlist/37i9dQZF1F5p3rmiWPIYgZ"},"href":"https://api.spotify.com/v1/playlists/37i9dQZF1F5p...
Token response: {"access_token":"BQBjoZ0JriyMwcLu5hCf1TkjIs_vhafS5s9eIVJ_mFZMatlxmPDirPOWzkCLBDQzNhPvLz_gAxA4lfpAR67MlHMOK_ZjRRFWZ5v8esskoK1_wuPDZGTQIBPWDnnM4Vnps583axWhHEv-GsTNM8ydlI1i12ZfybGF04iCE3IqeDZ1-bX3w3Lu-HMxsRpKnNIBNAiE85sGoTqKWI5bF93FMLB2mXqvOS0_HfM-FaSwKyeJEIzBl-YD96RA9mMwQJA-t2Qm6A","token_type":"Bearer","expires_in":3600,"scope":"user-read-playback-state user-read-currently-playing user-top-read"}
Spotify response status: 200
Spotify song data: {"is_playing":true,"timestamp":1784232366276,"context":{"external_urls":{"spotify":"https://open.spotify.com/playlist/37i9dQZF1F5p3rmiWPIYgZ"},"href":"https://api.spotify.com/v1/playlists/37i9dQZF1F5p...
Token response: {"access_token":"BQCbZJbKDMtyKrbkeMSTbfHbZjkeWxdbfqnW3M7izaxoWgFnkYCW_jUt7JVtN7jHNt5_LiWkJlNqjZ-o80SgMni0K__4jaBcu10W5tFmHs4VDzJSo9rvT78EVWjH-2k_ZsGjs481SR63iY5hRAjclRwcUYIIqsewd3opo2tgCwKbTz3pnNjh1dyXAa5BUTvNKnM6yehDn8qRqDPCM6pNeSBs6r2f4UWFPI3KomR0JxpMvBXXFcuT8PWegkdC3C0abrU_ag","token_type":"Bearer","expires_in":3600,"scope":"user-read-playback-state user-read-currently-playing user-top-read"}
Spotify response status: 200
Spotify song data: {"is_playing":true,"timestamp":1784232366276,"context":{"external_urls":{"spotify":"https://open.spotify.com/playlist/37i9dQZF1F5p3rmiWPIYgZ"},"href":"https://api.spotify.com/v1/playlists/37i9dQZF1F5p...
Token response: {"access_token":"BQB1lq9yYocGXU6M_o-XaI76mYd282TiucbYdBJe57zplvLPs4bWPurcooK7lTaZ5LeNlc6rULsFmpMboSXgaoXMvYh72JI4OhZNJ6XuuwveCfPkEGr73sf4BP0xcVDXtXASjQ9RY-n4j84Is8kw6QCR4tTo5onRRuq5JjnT7GRwBW-SYIr3ckOZN2ulIooxl8loOOdG6DlscbCf6F8ImYmsMKNZq-YbHy63UANxSTk0mZ-TXfF7m616gvrU_RzykJDWBg","token_type":"Bearer","expires_in":3600,"scope":"user-read-playback-state user-read-currently-playing user-top-read"}
Spotify response status: 200
Spotify song data: {"is_playing":true,"timestamp":1784232366276,"context":{"external_urls":{"spotify":"https://open.spotify.com/playlist/37i9dQZF1F5p3rmiWPIYgZ"},"href":"https://api.spotify.com/v1/playlists/37i9dQZF1F5p...
Token response: {"access_token":"BQDjh_SnwDR9DpLx-3XTeloIm6ZOrx1zFMZjPGYeHAZpjDiBVTB3Z2d3S0PWOu2GX0zMBNXZFC4zXT5cgjenmrsT2z3u3tzD_r1on3u-UWxZfc-TGRKhaW4d1KO7qwac2pahJoI_lGgFMGw1uYizgMqJ0t7tI2nfIBo2ivIbyeH-D7SRNGqatxr3J5bwjuQ22StifA4YcVsgPlvPI41S_Kf81LLOxbIAKsJ3sqJx81aTCusW2a1E3wH3Ba8p_-8HXN6O2g","token_type":"Bearer","expires_in":3600,"scope":"user-read-playback-state user-read-currently-playing user-top-read"}
Spotify response status: 200
Spotify song data: {"is_playing":true,"timestamp":1784232366276,"context":{"external_urls":{"spotify":"https://open.spotify.com/playlist/37i9dQZF1F5p3rmiWPIYgZ"},"href":"https://api.spotify.com/v1/playlists/37i9dQZF1F5p...
Token response: {"access_token":"BQDlVxbhicTtd_CjYo4pxMEj7cXAOwOS1AF3A2lnpXQQyfG9MbZ3WpFhgIVwFYHzaNN_ot1tCdU0NMXaFQLw6w4Dkf6RVTB8eIVVWxEeU4C4a9yMs7gQKO31hLbql8MXtuppOfy1kosZCK5-r45ePnfBBTxY6QNeZp601JVpjewzIGa2lWxeJVcGzwui3eQoTelmw3VRU5ujgYrZfFocovGexHYA_RqEP6WfKiB68REC9BRN8mesuVbt89lR4IpkoDudvg","token_type":"Bearer","expires_in":3600,"scope":"user-read-playback-state user-read-currently-playing user-top-read"}
Spotify response status: 200
Spotify song data: {"is_playing":true,"timestamp":1784232366276,"context":{"external_urls":{"spotify":"https://open.spotify.com/playlist/37i9dQZF1F5p3rmiWPIYgZ"},"href":"https://api.spotify.com/v1/playlists/37i9dQZF1F5p...
Token response: {"access_token":"BQB7hdbtdt-knasGZoaVHVq_vlpNZNZyETZRIitcyBhULPD6H0efSErMKa3XMbPiRmpykRwYSMoqJ6GW7FMjL9c4KfZVQ9AwARHtjx1F9k5vsixkAudi0pNMq49j6xr29KO_xWCJOWuJ1CXqQ8ZwesS7Fb3jXmdkFco6e9XJarsp4wdPMGfQ8UPhVvJsyw4cg01Phld69vlgcTZjCN6F0unHk0dfwGXUAtkt8baJYJawtDqQrWwyIk4WIz5IxFxXa1Ju9g","token_type":"Bearer","expires_in":3600,"scope":"user-read-playback-state user-read-currently-playing user-top-read"}
Spotify response status: 200
Spotify song data: {"is_playing":true,"timestamp":1784232366276,"context":{"external_urls":{"spotify":"https://open.spotify.com/playlist/37i9dQZF1F5p3rmiWPIYgZ"},"href":"https://api.spotify.com/v1/playlists/37i9dQZF1F5p...
Token response: {"access_token":"BQBnzWTDkNAB0ryOUyeqSHk275sJU8u-ymT4xiaBBe0IKrSM38v9AprEjpkALfyYi_i3W4jPybzA2I4C9R9qH-NhoUy-D8erSSiko8k2d_KTw6TOvyj63Be54CaWVzp4a-gfjuh5DMteoV1lGxXe2oUghd5Ah-1Qf5J72IOOVLDmjx5FnUuLj-v8ZPKFs44i9Fs3yjvgKaPAY4kBPdJk0th_hcFsnjb1VMuUOhmHHbjgsn7M9ZjGg6o0pIR8IBee-_wMNA","token_type":"Bearer","expires_in":3600,"scope":"user-read-playback-state user-read-currently-playing user-top-read"}
Spotify response status: 200
Spotify song data: {"is_playing":true,"timestamp":1784232369331,"context":{"external_urls":{"spotify":"https://open.spotify.com/playlist/37i9dQZF1F5p3rmiWPIYgZ"},"href":"https://api.spotify.com/v1/playlists/37i9dQZF1F5p...
Token response: {"access_token":"BQCHCDngjA8EiDJP4q8-Gw3FglMwuizcf84rqOsxDWlA4zDZ6wa1fVs8hQhcbNCosYi5wCaXA5VL2355C8e8UNOkRuQR_MIxdgm4JCL1_ABysY6oQ57QG2arPyWl23p6bQWneniJ40rSAZCYfHO0dzQtFazPnaLjSlyuZjelcHci7ly0CkMr6YsxxbEp8bDNl9DMGfyCo7CECrEb9MuUauYaqjlFOT6RuR9lGweoidhIYGVqMwp4jSlITAheK9IQ23vWEQ","token_type":"Bearer","expires_in":3600,"scope":"user-read-playback-state user-read-currently-playing user-top-read"}
Spotify response status: 200
Spotify song data: {"is_playing":true,"timestamp":1784232369331,"context":{"external_urls":{"spotify":"https://open.spotify.com/playlist/37i9dQZF1F5p3rmiWPIYgZ"},"href":"https://api.spotify.com/v1/playlists/37i9dQZF1F5p...
Token response: {"access_token":"BQDTuddkZM9rwH8YsTvLLXSeWjaU-pDzLhwy_0vwVQdoZqB8rvKvz4a29lflkCkBdJyPcHvIVrSYeuT4RmiUItAWmoE-_C6g-RvNoDWnJsXEytJGv5vfCxQZwkOjQWUMmvXM9O8jPZKDbSWQZBVNhhV5OhA6WbmH6eusQgyBz4x8xwUORPj8kE5ZmNSDXE7u_OJ9tWLoMy9KiOGQGk38m8OjGnDcEp1lNUX6H328If_ooenT2Bwh119w6PdeFspd7KZ3YA","token_type":"Bearer","expires_in":3600,"scope":"user-read-playback-state user-read-currently-playing user-top-read"}
Spotify response status: 200
Spotify song data: {"is_playing":true,"timestamp":1784232369331,"context":{"external_urls":{"spotify":"https://open.spotify.com/playlist/37i9dQZF1F5p3rmiWPIYgZ"},"href":"https://api.spotify.com/v1/playlists/37i9dQZF1F5p...
Token response: {"access_token":"BQDbXgPRjss-1TGxx95KC1AQjpTHFAoiWRh7DBWgvXSocjFoAiIdJFVwJ7aHTGU8RxBqUojw9cvIhJhGaM97tIPt8bAuRXdL8ad0RqI_0oXd_h30B3DhIOtOHHSd6VK4WBmOg9-gXjGGhwB_QrfxwBQ4bazDOyXZJ4W2X0y5qt_LX8nubxv9CQa_Xdk9EdmhMZuXgYe4BXmkqKOuqgCcTukKaos95fXUJF1FFUyhUVYFTtqLeQ0npnxgpA3u6j6IgMxgCA","token_type":"Bearer","expires_in":3600,"scope":"user-read-playback-state user-read-currently-playing user-top-read"}
Spotify response status: 200
Spotify song data: {"is_playing":true,"timestamp":1784232369331,"context":{"external_urls":{"spotify":"https://open.spotify.com/playlist/37i9dQZF1F5p3rmiWPIYgZ"},"href":"https://api.spotify.com/v1/playlists/37i9dQZF1F5p...
Token response: {"access_token":"BQDsyDmo0WsexxeucZaH8DEq8KRGzxMmSuHW5vj76GjEndefUJ1ENfAi0jDOp5qkcPnaZN23YTgXZ-DGJ6KCFW8_4UuX2s1RURhSzFwRa_udORYjriDXyYVvBkUl9N9N05d1-kunNEcnm8q1zyXJ9_ug4GNvFI33akIhvDnxon19Kpc5aeKj79w7Gy4PrxNzBvtmDSoAEXv_Wk61JJSps_zt8MkWqGjvn_nfLzkr6nWzwns0ROBLT3BCf5JrYkRf2mpt7g","token_type":"Bearer","expires_in":3600,"scope":"user-read-playback-state user-read-currently-playing user-top-read"}
Spotify response status: 200
Spotify song data: {"is_playing":true,"timestamp":1784232369331,"context":{"external_urls":{"spotify":"https://open.spotify.com/playlist/37i9dQZF1F5p3rmiWPIYgZ"},"href":"https://api.spotify.com/v1/playlists/37i9dQZF1F5p...
Token response: {"access_token":"BQBFBHe3iu7co2Ew6F4uspE_faX_y89kQhZYBzJlzcdSKx4Zn-HQIJuyyu0UtLeK2K6HTxsIxaf0x6CNbd1varCxEsCHQL-kigfZTadEqp_I3x_d3kag_wsOEeX7UY_yQqRTbbV8uzZU3m-Rh7A8LSCy8uuF46p5bRMitvPwYAsyMOjViFgGQYfbMYJ4P162-WRI8c9UKk7yNqnhnhf8YiEBHeNvtbvrTrSdaF4yYVQ5lEGcyki4L5xa28Fs91328fcICw","token_type":"Bearer","expires_in":3600,"scope":"user-read-playback-state user-read-currently-playing user-top-read"}
Spotify response status: 200
Spotify song data: {"is_playing":true,"timestamp":1784232369331,"context":{"external_urls":{"spotify":"https://open.spotify.com/playlist/37i9dQZF1F5p3rmiWPIYgZ"},"href":"https://api.spotify.com/v1/playlists/37i9dQZF1F5p...
Token response: {"access_token":"BQA-xrW7JpDDeTWU4g8_tqnVepkOOspqLVsch4IIBskJFVkdaco4bF6Do33oRwE3gjaQP288KBLvtl_w61meGTIRUFH1Yp6GWJAEWkyn9OmGPJ41aAkcnP2SaYfb0KkFknDMEyIWN-TkTieBfb09uFa3vER60hreUOpqx3viZvlvtUxz8VGhvNj2cMTJ7DlfZD4kWpxvOMqeBkjL2m1_1qTtrx4u8UTMCZcWDGsWZl45sge6wqEdxqfeBC2BZPH64MLZ0A","token_type":"Bearer","expires_in":3600,"scope":"user-read-playback-state user-read-currently-playing user-top-read"}
Spotify response status: 200
Spotify song data: {"is_playing":true,"timestamp":1784232369331,"context":{"external_urls":{"spotify":"https://open.spotify.com/playlist/37i9dQZF1F5p3rmiWPIYgZ"},"href":"https://api.spotify.com/v1/playlists/37i9dQZF1F5p...
Token response: {"access_token":"BQA7KU-NJmGeJ_0DcnhfHs3u18VnacZzps3sfW7czbfYiu9wk_0QYBFz1fYV5VCcfxSndjuM8ti2BvYM1C_zTf2Fwt4j1zg3pjerHFGi0XTYHeY1xwE8t-WTQuD_UQ-yOFWn4dAxTQuSwaaGEOHlgbvemeCIGLxZ26Cnpd6mu_KjFnZETg2Mbl_Cd1V1eqod2qCwt15gHhW8JT2t-pTvaDaiGCaPr5ebUZ22VoLKVCdhYpAZxzVx5Fi6mT5_lQVm4N8XCQ","token_type":"Bearer","expires_in":3600,"scope":"user-read-playback-state user-read-currently-playing user-top-read"}
Spotify response status: 200
Spotify song data: {"is_playing":true,"timestamp":1784232369331,"context":{"external_urls":{"spotify":"https://open.spotify.com/playlist/37i9dQZF1F5p3rmiWPIYgZ"},"href":"https://api.spotify.com/v1/playlists/37i9dQZF1F5p...
Token response: {"access_token":"BQBu5KPPYDfiwlmVcrDny8REeL7e2v6egRWhEttD4I_p5_ePj62w_GAV7mMuloxjIyvDPRHz1Y95gujA1FMSQkuILkTiMVhZn1m_pyrmsGwEHNOBXeFIPcWFTeD7yYzbjL_3H9gH_VFN604kA1pcfFoWV3NEDi8ycMleamGH5cFjGhSsHJnNd_15Gnim9BSL5cnWEW-gH_PL25ebJcqCKRXOhqx_hmHEXReV8lpIf0mnAbFu_pH7lRfZYTMGl0YMA-e5zg","token_type":"Bearer","expires_in":3600,"scope":"user-read-playback-state user-read-currently-playing user-top-read"}
Spotify response status: 200
Spotify song data: {"is_playing":true,"timestamp":1784232369331,"context":{"external_urls":{"spotify":"https://open.spotify.com/playlist/37i9dQZF1F5p3rmiWPIYgZ"},"href":"https://api.spotify.com/v1/playlists/37i9dQZF1F5p...
Token response: {"access_token":"BQD2KMGy9X3C7llRcvHgdiqY3OqcnpKjujgte-nBWRMuSWrJShfwIK9Dwz3jTX185bv5hHA43U1kWTU1lJQMPl12FOYmoUpZ1Y63xC-j9UrAMJT5hvZYKwyJV0sRfBVZKNQEDFVcKorlI681MoA34QRCQuo4J9W7-kr59SziA6q-e1U66fwKe9RTpCMnoSTt-iL0ve-GQh35rA_McpYTvHWpdqffldY_OIDPjzPoQ5labx1VHQVgM3Njfwsk4vlQnDaD9Q","token_type":"Bearer","expires_in":3600,"scope":"user-read-playback-state user-read-currently-playing user-top-read"}
Spotify response status: 200
Spotify song data: {"is_playing":true,"timestamp":1784232369331,"context":{"external_urls":{"spotify":"https://open.spotify.com/playlist/37i9dQZF1F5p3rmiWPIYgZ"},"href":"https://api.spotify.com/v1/playlists/37i9dQZF1F5p...
Token response: {"access_token":"BQD92fufKV3K5GGK_I5YdmkgKsWZBs22yJ4uPO4dLAw_QPzBsiJPQ5U29zvC0mryiQPu8gqLFEbnYJ8lB6LFjfEkMLW0-ikmPk7uFYe5F5aHwJpmnVmPNAaTEs3-JfF_xDEuphgNZf_uotZ97kb9rdxdF3E6K52c6N0U9Mzqm3tcDvRCptLx-l3G0a0f4wOh6T8sNRLCV901xg8KTgiw_E49Y_A0tStbgIq0O5fnqWQdM1oIjxQgiEHbFkr9WmGrDaYYYQ","token_type":"Bearer","expires_in":3600,"scope":"user-read-playback-state user-read-currently-playing user-top-read"}
Spotify response status: 200
Spotify song data: {"is_playing":true,"timestamp":1784232369331,"context":{"external_urls":{"spotify":"https://open.spotify.com/playlist/37i9dQZF1F5p3rmiWPIYgZ"},"href":"https://api.spotify.com/v1/playlists/37i9dQZF1F5p...
Token response: {"access_token":"BQCkuHiWFN1f904jS5keNN122UeUX-KWXq1ux2WqXmzJl9CALvcFYmbsZJS5EUk82w1ghxJNEmLXrlWcF4ITqIZAPFTN6N7pprR6DY5yn-HbyndMN6EAbeWdp0JPP2WqNDDZv-Y4_zJWJz3_pqSvSn8j1sMFLBPn2iMz5C4PgedfpoDFX9ReagwQoBp2CRmdCKu2eZXRwZriXe7YtAmTdNwGWdMF8YRS2CRIym5IDKZX4fytzTL8l8_lzUkLcoO4GN0nUg","token_type":"Bearer","expires_in":3600,"scope":"user-read-playback-state user-read-currently-playing user-top-read"}
Spotify response status: 200
Spotify song data: {"is_playing":true,"timestamp":1784232369331,"context":{"external_urls":{"spotify":"https://open.spotify.com/playlist/37i9dQZF1F5p3rmiWPIYgZ"},"href":"https://api.spotify.com/v1/playlists/37i9dQZF1F5p...
Token response: {"access_token":"BQB1PUOpAJt1YM3MlAOZ7Q8Vb_nnKlXVo0Z6_NMbwo2ktKWuvt1MtOZVClx3CwiYE_9YyUjK08Ofp_bd8U12WerlBBuwu6GR2S17EeEi8flxc7RxlTIASl5FvDkK95c6mDutw5p4zW1CuCJJmsGhGn7RI8gxQXPW98qMJeB4Py6CQK-KNAvVNbbhsNHyf4iA5uk-Uut4aZf4i3jv2JacWLr6cQ1mT_NTwJuEgbRAJ3XG4H3zGoepSoWgrGmwBNY3Jf2spw","token_type":"Bearer","expires_in":3600,"scope":"user-read-playback-state user-read-currently-playing user-top-read"}
Spotify response status: 200
Spotify song data: {"is_playing":true,"timestamp":1784232369331,"context":{"external_urls":{"spotify":"https://open.spotify.com/playlist/37i9dQZF1F5p3rmiWPIYgZ"},"href":"https://api.spotify.com/v1/playlists/37i9dQZF1F5p...
Token response: {"access_token":"BQBw_w-m263GLvbmbUxDzjG5P3E4Ga_mMJ-oZhc-XbxP9y32D5fyV9bnESAxSkjjX28T_KhZBhsJBegRCz4i9qhTPFCzi2LsuqyDUGpC1-we0GLxUffSzZMYMHA0LhDsFbTNF6nCnTuto_4KJYMrhV9pVGAbrbS4ujeC1nm8zV_OnmLiVm9K7qvLbGwuji1ECP-nkz1OzKQ27AeSwdz5VhfKlgz1rQxCo-3kKAZ9o7B0CFrnPIdWiyu9Nh9mYyylkP-e0A","token_type":"Bearer","expires_in":3600,"scope":"user-read-playback-state user-read-currently-playing user-top-read"}
Spotify response status: 200
Spotify song data: {"is_playing":true,"timestamp":1784232369331,"context":{"external_urls":{"spotify":"https://open.spotify.com/playlist/37i9dQZF1F5p3rmiWPIYgZ"},"href":"https://api.spotify.com/v1/playlists/37i9dQZF1F5p...
Token response: {"access_token":"BQBrKfO7NTd084AFd7VuAhf3K2173Wn13Lqv1_2-S1Sy3jkJLmAN8Z88PgmV1ZUbleCAhMIZlk2j2Kul7xv8ddsWEiYO5TdpcIZl3WWyvUGWqsjY5Sn3BcHsYcK1c5ulV_-xh2fzAi1gHaOo407LKGCojvCnOOkcwByhEVVonz_oYjm5BGFU45d3yjhvsDcGqoav4wt3mq_f9VROEmhxZzFIYmcivJ-i5XP19SD8wtgJ2r27yFo1XrQEPyDtFOu9pHnkTA","token_type":"Bearer","expires_in":3600,"scope":"user-read-playback-state user-read-currently-playing user-top-read"}
Spotify response status: 200
Spotify song data: {"is_playing":true,"timestamp":1784232369331,"context":{"external_urls":{"spotify":"https://open.spotify.com/playlist/37i9dQZF1F5p3rmiWPIYgZ"},"href":"https://api.spotify.com/v1/playlists/37i9dQZF1F5p...
Token response: {"access_token":"BQDwSBYGE1gqJR0tr7Y4dcZOrYmU7eFzt7MUAtSBp4uWXQKRRpUK69iiFTda1EAb6PlY4yvjdf6Z2aVntPl6xuoe3Q6QBEGBq7s4WX7qYjZYn6UQkUwlv4mkFAk8X7ynw8MXscO8vIS9M2oRpB3DXTb04e46IBoBGm6N0pk3TSJQf-gKuYOXQuXpIXPioCc11cbF9XvrAypk9SAOGe1qOnvlCWR-NtD_AvFTFeIuy8QP6SBz36lqjgNcyl2uGVP2Y3HtIg","token_type":"Bearer","expires_in":3600,"scope":"user-read-playback-state user-read-currently-playing user-top-read"}
Spotify response status: 200
Spotify song data: {"is_playing":true,"timestamp":1784232369331,"context":{"external_urls":{"spotify":"https://open.spotify.com/playlist/37i9dQZF1F5p3rmiWPIYgZ"},"href":"https://api.spotify.com/v1/playlists/37i9dQZF1F5p...
Token response: {"access_token":"BQBHF3j-0KBR3SLQ0SnOXfWsHXUnRLHV7vpbny_sB1mW-GpDe0Wa-vGUPEo9jL27RYPYC-KISfb98rBgJ02UKi3-aydIc0rZCdqyV3LuDgVUjfb0HAeMknEAESA9sO-TpTxDQrjIVG69tOgZrvJqUGbgTO7XiN49JxJErxacCoi_gt0MxWKmF8P7pduegcNkrkJcW6J7DBfJ1jxroIiquP7jfGCByT7Z_m1D8xgpXuraGPT7TwXEpoKDCFPi7iBEU4kG4Q","token_type":"Bearer","expires_in":3600,"scope":"user-read-playback-state user-read-currently-playing user-top-read"}
Spotify response status: 200
Spotify song data: {"is_playing":true,"timestamp":1784232369331,"context":{"external_urls":{"spotify":"https://open.spotify.com/playlist/37i9dQZF1F5p3rmiWPIYgZ"},"href":"https://api.spotify.com/v1/playlists/37i9dQZF1F5p...
Token response: {"access_token":"BQC0N088n3UfB1JBZn3tvQmcCUDLo8vNeVCOOS8yt1P6ebZZv47i7dWH92oWgExdD0XzoK16oOXb2EP62pzQQRd9jtVroMa3M68rA-ZWqQ6-h11tQ7qADj0H5KCv4JhBgFyzT4PRLp-AtDaYZoDAvjkNqLd9SSvlzswzmLYiz7Snf3PzFAdxiI9d6W0K5KkE6k7VB_tEn2TKmy9Xh7ps4lJEbw8FKpVx3CuP2EUgKWrB9cJFP7id_K9D-qB61c6cm70VUw","token_type":"Bearer","expires_in":3600,"scope":"user-read-playback-state user-read-currently-playing user-top-read"}
Spotify response status: 200
Spotify song data: {"is_playing":true,"timestamp":1784232369331,"context":{"external_urls":{"spotify":"https://open.spotify.com/playlist/37i9dQZF1F5p3rmiWPIYgZ"},"href":"https://api.spotify.com/v1/playlists/37i9dQZF1F5p...
Token response: {"access_token":"BQCpTzSn-LNs4kvVM9lacMeTS_yfBc5jSdWVO2KRVuFgqjuOFaQWD6yaotnuzGPLxL0ywcy7x66FyAXdjkWisOLk8Zsz12BqToHkOuzKE889yRa29pJV3MUePJhdH_4UQe5F-rz0Lr7gwxtfBvqst5_FIZDtLPQ-C7mPNQr4-CLlygxzKukaQjR5_y2EZVjO-dS2OyQpdC5ToHdt1Az7f7K_fRJNrCbXFzN63fGUNB_987-RyvqTWXb2H5yeyPZDehoxrQ","token_type":"Bearer","expires_in":3600,"scope":"user-read-playback-state user-read-currently-playing user-top-read"}
Spotify response status: 200
Spotify song data: {"is_playing":true,"timestamp":1784232369331,"context":{"external_urls":{"spotify":"https://open.spotify.com/playlist/37i9dQZF1F5p3rmiWPIYgZ"},"href":"https://api.spotify.com/v1/playlists/37i9dQZF1F5p...
Token response: {"access_token":"BQDqc7OpKb_LiPZ1ygQlsedNH-FclWzgbu40v060zsByC1BKfCsdqLFSyj4Xvl7aaC34Lj-k7FdTgqTHoch9BCUjv2UgPMnu-oBjQWaDK-fWOsogEx_19RPhB-bAzZjN1vrVYltF4AZ-8uuydQrRVvC1Pm5mT-cqMLo5hKk00t5iBuJ1pdneEEtbAMwFS2T8_W3arztO6MgwooEBPGcwdYPer10ndrYZn6DOC8LSem_D8BC-mrfKbN1AIeVmgwIXGWyCxw","token_type":"Bearer","expires_in":3600,"scope":"user-read-playback-state user-read-currently-playing user-top-read"}
Spotify response status: 200
Spotify song data: {"is_playing":true,"timestamp":1784232369331,"context":{"external_urls":{"spotify":"https://open.spotify.com/playlist/37i9dQZF1F5p3rmiWPIYgZ"},"href":"https://api.spotify.com/v1/playlists/37i9dQZF1F5p...
Token response: {"access_token":"BQCBbvitgq3Qr-0OtHEsbfubIMKlLiVn8EmSuwjIwnD8g15BX_cqftUAEPhXkCj1Eqq1plbEWQg_pLDvmequzZ7xQYr4QOiHUeQfBSbvYtRFAlof2D_GM3RczP1YSDmTqeZMf235u_J2br5H-TRZ33PMavXX4M2xayRTc_r_jWa0FjJDmWWHh4b_SjmrFShVn62HyQKBDUjEeufNMIBhXvZKzEnRbQAAjOs0R5FiRxqEj6-LDQ0mApSZsYnxiwPYbq6DMg","token_type":"Bearer","expires_in":3600,"scope":"user-read-playback-state user-read-currently-playing user-top-read"}
Spotify response status: 200
Spotify song data: {"is_playing":true,"timestamp":1784232369331,"context":{"external_urls":{"spotify":"https://open.spotify.com/playlist/37i9dQZF1F5p3rmiWPIYgZ"},"href":"https://api.spotify.com/v1/playlists/37i9dQZF1F5p...
Token response: {"access_token":"BQBH4SjQunqlQVFP0idIWRnUctlauv-SmIOiuP8APeVgdu29MNX9bz3Cofl0AgxaOSKzOuRDmXEechRg5eTgIKdhhSLsc5-tM6pbsK_XyqkDo67tCmGXe7bPo8my2m2WPxCk3Ewk0JRXLKrn0DZoM6EzgzqUtDDYC4NL8KbUUb5OKEoP3aqAqL7Lk6DMaUe4jYK9koDNaE3A-pHJzTsqQ1BZOuf9_Q2n8bpNozk6Yy5jLkPZn4O6rMl_Q_ZHzmibuHqTHg","token_type":"Bearer","expires_in":3600,"scope":"user-read-playback-state user-read-currently-playing user-top-read"}
Spotify response status: 200
Spotify song data: {"is_playing":true,"timestamp":1784232369331,"context":{"external_urls":{"spotify":"https://open.spotify.com/playlist/37i9dQZF1F5p3rmiWPIYgZ"},"href":"https://api.spotify.com/v1/playlists/37i9dQZF1F5p...
Token response: {"access_token":"BQCzIEN1smeqYgtnP5KVRDPQCJX0ugCw1pWT0M28IvuVkqMvlucQ56vv3RlVFa6sfYGjPwArzTPOVL8Pm31sVMQ7Us3kVSbLD-MjcOfuuGy3h-jzZZxEvhVKfZvz1O5Sv4QYCbOVEMc1bWqkbIrb_2iFU1fmMkvfonsFRmoL1jSrJZFF7bDcPX1ZponZb8at7vu5HhRipABhqVrzu984lJoK880fgpMTq-aJlI7PZh1WAUdLa-pfRX42UWr4Zn9oMk7hRw","token_type":"Bearer","expires_in":3600,"scope":"user-read-playback-state user-read-currently-playing user-top-read"}
Spotify response status: 200
Spotify song data: {"is_playing":true,"timestamp":1784232369331,"context":{"external_urls":{"spotify":"https://open.spotify.com/playlist/37i9dQZF1F5p3rmiWPIYgZ"},"href":"https://api.spotify.com/v1/playlists/37i9dQZF1F5p...
Token response: {"access_token":"BQA1keU6wQ7ML-GWGwNi9cTTb0vKqOjYCMwnmAGrSlYVKq6gJTTxZ9n8peM-IelmVWQ_Y1Xw06RGhOK8qlX5DtIjVfoxqZFpBhiqOmVO5u7x0cUAWu293jHB8Yadm28DBycdOXiRjZ7Hmwf1ZcKwwgDKECaPY6YlxeRqJT1ZZsm4X03Dkv6Wv965KdbqWcGU6799GSycoyE_wuuJK_gewDZY2hByMP5jQuG_VaDoDRR25qcmyhi7jfInh4pxe_060lANAg","token_type":"Bearer","expires_in":3600,"scope":"user-read-playback-state user-read-currently-playing user-top-read"}
Spotify response status: 200
Spotify song data: {"is_playing":true,"timestamp":1784232369331,"context":{"external_urls":{"spotify":"https://open.spotify.com/playlist/37i9dQZF1F5p3rmiWPIYgZ"},"href":"https://api.spotify.com/v1/playlists/37i9dQZF1F5p...
Token response: {"access_token":"BQAuIrk4Qv-SQWdh4FziYwp8q5XRJpU6U9NZEoG8JMntl2l8S5Btuyp513oEhxjDTxYfVPjGMXAOIUYdoZj8Vgzy2X8QF3JXZbh0rrd3XYczqwVr04qwHDoImDsfphumWXHiYamhegirMt0G530gnvnnGaFfVgdxoLvfyisIw0e0dmFJEM4ryJnsruiI6fL_Rjixv1RjVHA7_j7PaDxIFPX1veKeaWZAyvvKFfSydylKHpYTlaZO0F8PNsvzRfDKMVqN8A","token_type":"Bearer","expires_in":3600,"scope":"user-read-playback-state user-read-currently-playing user-top-read"}
Spotify response status: 200
Spotify song data: {"is_playing":true,"timestamp":1784232369331,"context":{"external_urls":{"spotify":"https://open.spotify.com/playlist/37i9dQZF1F5p3rmiWPIYgZ"},"href":"https://api.spotify.com/v1/playlists/37i9dQZF1F5p...
Token response: {"access_token":"BQA6O-o80o-ibMWOLVuWGrCnSw2hJ01bOWBHKKND0TBcHCx1Zk-zMRsCVo2aLR2AUAa1Xuda-C8Bj3JzU2ADRzRb-UM7lW1Go1TVt4QVIJ3WIa_-qBcdZ9FaIT9WIPIYuuSc1WyHv7oYPFjA_dbW6hHTg_y1JU_U0ZTek7nKAjBiZIXdMOgxJ0Qg8HTatWf_TL215rnE35S1u5uSpTRTe7hbgHVE607LlkaoFvRBnt1VpN76aaiGmiWjpiegs25R9hoIsQ","token_type":"Bearer","expires_in":3600,"scope":"user-read-playback-state user-read-currently-playing user-top-read"}
Spotify response status: 200
Spotify song data: {"is_playing":true,"timestamp":1784232369331,"context":{"external_urls":{"spotify":"https://open.spotify.com/playlist/37i9dQZF1F5p3rmiWPIYgZ"},"href":"https://api.spotify.com/v1/playlists/37i9dQZF1F5p...
Token response: {"access_token":"BQBJeAmmg8CH93j8EH0S8VfCoPXk0wFwFo2uhcSy_i2QVW9lK40CLUAtTqdlPTyIxnqUoJp3bGZgJittNDZXVoKzGzzzt7SePzACK26E_dx9NbrdjDew38xG6AS1x0J4AoTbJGKxtXrbeVwYIl0P5CqRR7iJdZ73P85Dx056we_7FGFf5SNVwn_jiV6-4_7URIZ8SGMK1OVCjqHyIZ5029TIkcQ5hWfKdtUe5cdV0Ukv8-guBG5aOk_xtgGMuRritP9vUQ","token_type":"Bearer","expires_in":3600,"scope":"user-read-playback-state user-read-currently-playing user-top-read"}
Spotify response status: 200
Spotify song data: {"is_playing":true,"timestamp":1784232369331,"context":{"external_urls":{"spotify":"https://open.spotify.com/playlist/37i9dQZF1F5p3rmiWPIYgZ"},"href":"https://api.spotify.com/v1/playlists/37i9dQZF1F5p...
Token response: {"access_token":"BQDVDrILWtE84523_Z2OMfDMyXaXFvubBsXaI2-BT65uk437nEbBTsxzj4sHpzGAmAE5uMTV1CBmmurBBSRp6IvELqcyzMke7PRBujF5_Xikq5Klm5p6pJ0LfKjT6W2EXl9Iu_9P7HyMw7Mfr7dlMdL4fIENIJyUwtQdyWvZLq5sQX4NCwvkGHADSvz9b29BwTgHIST9-hRBC7P_cNuFKVqUf8zypNGNvxt7g7dJqcAzLxSYKfPxstpQ6zZmahXuesPLkQ","token_type":"Bearer","expires_in":3600,"scope":"user-read-playback-state user-read-currently-playing user-top-read"}
Spotify response status: 200
Spotify song data: {"is_playing":true,"timestamp":1784232631803,"context":{"external_urls":{"spotify":"https://open.spotify.com/playlist/37i9dQZF1F5p3rmiWPIYgZ"},"href":"https://api.spotify.com/v1/playlists/37i9dQZF1F5p...
Token response: {"access_token":"BQC5huCmLuFc8x-Rqe174XeSdYq37MZMIPjPxU-4uIwrGRjdLcYNqF31B0f1n4nTm5JGyJZaB7urtnZTUXqMk0DFSW_tFDuwODAzztuv_CKKhenr-s-HTU8WsRY2FSqKc8Ya3FEbMvcYtDQQ5H3N1559pG01tiE31fybDbyjmjYh0dUEwiLptaCpBooRQcnPtdrWkzv-YcMZdkkSZwvpIjVZr9gFAMkQS4o9nijtsnkliYE3stDHGpYih6zspkyvjCQNUw","token_type":"Bearer","expires_in":3600,"scope":"user-read-playback-state user-read-currently-playing user-top-read"}
Spotify response status: 200
Spotify song data: {"is_playing":true,"timestamp":1784232633040,"context":{"external_urls":{"spotify":"https://open.spotify.com/playlist/37i9dQZF1F5p3rmiWPIYgZ"},"href":"https://api.spotify.com/v1/playlists/37i9dQZF1F5p...
Token response: {"access_token":"BQC4aWFS3f_ALAmEYCcHN5GGMACzxdYUFlfY2NynJlSrXl6sZp8CkgOvOAC_FNGEJcevAI3H85FWqtGbzn3HEmrjBGU7nLpABsCzkjy3nv8t-yIsa_kiZsUurSxu_yHzuZFdB-G1iSPtKpxY10Rexyps_swlT2FXfxyxwc-Exnjp06FlEGlEpoQifcouvlSDY-xfrZg6JHKtpyVt-QoZmiuYqLgU9pg-w0Gw51m6V5pi4viGc4VbNv8Qm5Ng9Vb-S7ClPw","token_type":"Bearer","expires_in":3600,"scope":"user-read-playback-state user-read-currently-playing user-top-read"}
Spotify response status: 200
Spotify song data: {"is_playing":true,"timestamp":1784232633040,"context":{"external_urls":{"spotify":"https://open.spotify.com/playlist/37i9dQZF1F5p3rmiWPIYgZ"},"href":"https://api.spotify.com/v1/playlists/37i9dQZF1F5p...
Token response: {"access_token":"BQBR8XclqSwqw5uXwen4EypAfxiHY7TJB_pja9i8vXKn7kqMjjytTYjgKC9JjKem4Wb6LlmxwOmrFXVz83H6FlyuSL0Qoc1Y6-X6VGQp0F1WCwkUp2UnKslWXe3na1HEcl4JjCY0_orimSQQI72FeWD1JOzMjElygrg_0LPO82b9-wT_m43bjPioBIi5n1D0qphwxqsJPL2L90_q94NTiD0o6L5tC6YA8haBY3FZA7cNcERe1pIlNPRUn2_ookQLzT5JiQ","token_type":"Bearer","expires_in":3600,"scope":"user-read-playback-state user-read-currently-playing user-top-read"}
Spotify response status: 200
Spotify song data: {"is_playing":true,"timestamp":1784232633040,"context":{"external_urls":{"spotify":"https://open.spotify.com/playlist/37i9dQZF1F5p3rmiWPIYgZ"},"href":"https://api.spotify.com/v1/playlists/37i9dQZF1F5p...
Token response: {"access_token":"BQD_6iuF4mq3Q2JlCKAzb53G2ET40NuDsPLiVl8n4dhcCJNV673h6ZAHuknpol1HtEnTmQCEWG5nQLRC_3h-6hnax7XIs_zLFO0eyNNIWMPucqU_PgiAx1YGLIHZiWcJJib3NojRNFvwX3GPkBLh4yAoY6tPLJR70HkmRWBLOryZRTW1AO3hUJVZY7VKhEr5NDsqQM6kayQ6AL0gjpsrqTM3fbeealOZHvXCeL_72-N36O01GhOD_qWtJ476c4xqWnliyg","token_type":"Bearer","expires_in":3600,"scope":"user-read-playback-state user-read-currently-playing user-top-read"}
Spotify response status: 200
Spotify song data: {"is_playing":true,"timestamp":1784232633040,"context":{"external_urls":{"spotify":"https://open.spotify.com/playlist/37i9dQZF1F5p3rmiWPIYgZ"},"href":"https://api.spotify.com/v1/playlists/37i9dQZF1F5p...
Token response: {"access_token":"BQBifPw1EhcBVol3xJWIwdsArf5hvSENsj_rOy0vnr6Pu3m307MeYcJZAoADTS8zLgK3HVdDmzqQcqxzI0YYft9JKQqt_8vP-ukXqbr7YFM9t7h270s-GjPkrhcmULIip203MNd999CMK-nu5tJy6SIq5HzKan15SVRxdnN4xtqaMHNMyT1OqW6Qma9fKWjew-kXnGlzUe8hniESv4uXrvqTvuJwbHWFZsbAXp-UlwxcpI0q7HdAOn71Wb6CxU_aIif6xw","token_type":"Bearer","expires_in":3600,"scope":"user-read-playback-state user-read-currently-playing user-top-read"}
Spotify response status: 200
Spotify song data: {"is_playing":true,"timestamp":1784232633040,"context":{"external_urls":{"spotify":"https://open.spotify.com/playlist/37i9dQZF1F5p3rmiWPIYgZ"},"href":"https://api.spotify.com/v1/playlists/37i9dQZF1F5p...
Token response: {"access_token":"BQClcqgOgNzIxDR8JzSjPfDbzu6TD5CKy1lZmHz2QsQF0Z_U4lSvV-YeIih1IsTJhn_hnRvqH79e5o4eFI-0nEsCVQHtmsqSNJG6rYA5WGAC7I8EA4qBVDvILKrWasnCGO-exYNZFjiZQSAC9D8dyWCr3zx7GLAxL7E-oDz_QWqPyU5srErI7fNB_63o9YfNFhK1fTwBg8TfynFsuoQHFKX3bNiEZ4zn4VdUMTC7B6GhgH_I4QYE-thy1TtrlqlLSs4xvA","token_type":"Bearer","expires_in":3600,"scope":"user-read-playback-state user-read-currently-playing user-top-read"}
Spotify response status: 200
Spotify song data: {"is_playing":true,"timestamp":1784232633040,"context":{"external_urls":{"spotify":"https://open.spotify.com/playlist/37i9dQZF1F5p3rmiWPIYgZ"},"href":"https://api.spotify.com/v1/playlists/37i9dQZF1F5p...
Token response: {"access_token":"BQBOP_FdhwaFx7TgOT6bhUj_RKOPPODAbFA_cmndzQBg_ohZGv259wB8Iy9xijIuAY9yIpwIzd7wjsme3rkMQxyzRL8D5uJyUhk7SIUrI81nm3tryVODLaXspirIXqhQnhQZItq04aOA8np6zOlM7hnmPGdOwGPrTn3XGSiuvIpzMyitOFgpskbRgA_xqLkf7QnB8ekiclfVLwLAo0IU772GZPOfMXDHjECZP3WVh1zk17W9XzSrUIOLe8W4MGxDpNkkxg","token_type":"Bearer","expires_in":3600,"scope":"user-read-playback-state user-read-currently-playing user-top-read"}
Spotify response status: 200
Spotify song data: {"is_playing":true,"timestamp":1784232633040,"context":{"external_urls":{"spotify":"https://open.spotify.com/playlist/37i9dQZF1F5p3rmiWPIYgZ"},"href":"https://api.spotify.com/v1/playlists/37i9dQZF1F5p...
Token response: {"access_token":"BQCWrjqVapnbJfEcfYM4gfDj6d2pXdZmebjIlsuyMpguK3LGQt70mYpjcGv6Gd6hl1au9TI_RoHn7w12TKxPlvV-Vmj1vqKQn0yOxYJKYKGGpyqQIoo0eAnQWCl-7kFqdvkBDQX838i6PV03obZnCtSz3QHV4i6EnnkARu7a9vTYkSrYTlvWGnFdBweGVzbkIK5edWsvyT7NbVC9lIAHFwdpHvAZTele_EtA7fjn8aYbvobI9zNAV_GY1cA3g7z1AYKCLQ","token_type":"Bearer","expires_in":3600,"scope":"user-read-playback-state user-read-currently-playing user-top-read"}
Spotify response status: 200
Spotify song data: {"is_playing":true,"timestamp":1784232633040,"context":{"external_urls":{"spotify":"https://open.spotify.com/playlist/37i9dQZF1F5p3rmiWPIYgZ"},"href":"https://api.spotify.com/v1/playlists/37i9dQZF1F5p...
Token response: {"access_token":"BQAGpa1ZAlqCtrg4K5sZx-Xjf0N5sQ1gfWYVCM_G64gR-0KceLSRW3wsnmjX2qLr3gph1iWVqHMT4MfpOG76TzrouPO1PUx3Qk9GGla5b3BZRFdIcWfbngjxSEsOkaHnGp3e84bu0yp_OjlS7stTrVPKfW7VkdsfNtd0j0ftrQ2eyjOXJ6Z63e3FLuXhhR0megydKxYVzv9853hVSP90DzdrejH0pLfis6R5sV6mZJ0gIpNITXdQt3QYJUFRt48nAgVEdg","token_type":"Bearer","expires_in":3600,"scope":"user-read-playback-state user-read-currently-playing user-top-read"}
Spotify response status: 200
Spotify song data: {"is_playing":true,"timestamp":1784232633040,"context":{"external_urls":{"spotify":"https://open.spotify.com/playlist/37i9dQZF1F5p3rmiWPIYgZ"},"href":"https://api.spotify.com/v1/playlists/37i9dQZF1F5p...
Token response: {"access_token":"BQDMm9KB7yGPs1qKPOQTdqFp80lU0m5jri4DC-TKZuHfB6LPWTN-q74Ewo9km6Kbifqbs8D3z2CZVl4jjLTP39Yhc0p-OdXtXC7HKNCbFWuzGksLbY_k_REpnau_aHgSisGd9qVioWYlH15AcsmP7DjtK9kPRASSLnj5CeckZFyj-y8hoPYN_p0aBIwFyLgLljpZGHF4ycGsqMKOqSSl9oY7k3-V6tP3ZzvOkImHAGIxPl6wJlId1txme-0i2qsk_fV3YA","token_type":"Bearer","expires_in":3600,"scope":"user-read-playback-state user-read-currently-playing user-top-read"}
Spotify response status: 200
Spotify song data: {"is_playing":true,"timestamp":1784232633040,"context":{"external_urls":{"spotify":"https://open.spotify.com/playlist/37i9dQZF1F5p3rmiWPIYgZ"},"href":"https://api.spotify.com/v1/playlists/37i9dQZF1F5p...
Token response: {"access_token":"BQB9bdwCqv2t-CkktVwZf2ZvEof1Aq3IAED9mHZG9X3KTVQffj9mZHiC1lYzp8NQbZGoyAri1MNKZ8kUNAAa2hpZeu6MP0UYKiC2tlfeBMFFp00YsRV88kNef_G-p-lNjWTptoCoO9Wq_Jg5OQ9TG1gzq3vPYLDjU_1tiXZig_h8QYfqB23OiB7vHR7_WHgrUItZUp_DaTKeC8Qzm_wx8CSszlHMbvzZ34mgkhseUVwxc65Dywhh8kA21Q1lz7M4oHmEdw","token_type":"Bearer","expires_in":3600,"scope":"user-read-playback-state user-read-currently-playing user-top-read"}
Spotify response status: 200
Spotify song data: {"is_playing":true,"timestamp":1784232633040,"context":{"external_urls":{"spotify":"https://open.spotify.com/playlist/37i9dQZF1F5p3rmiWPIYgZ"},"href":"https://api.spotify.com/v1/playlists/37i9dQZF1F5p...
Token response: {"access_token":"BQC0GqJC6rVSBGi0iUHzIMTtqod2JG4KBBdu2aukZZxJ044o6z7HWUFdvLtbvdu8rHQd5bZ9BnsDpRIU_JbtVb1A3Rg-8uPXfyysFj2QqkAngbq3wCFaIj9Mv_Z3WtJ00zPSRp65jDs6dT4LkZ8GwVFJFVI53C2cQkLX3Dg3JBD3gh7dR_KGM1xB4wyG53L1U7idEVD8SO7Km0tkQyOfClMjfl4pdc5pgAs5RD-IaDFSUBf60fEIxaBj3O-vZn88RlS4fg","token_type":"Bearer","expires_in":3600,"scope":"user-read-playback-state user-read-currently-playing user-top-read"}
Spotify response status: 200
Spotify song data: {"is_playing":true,"timestamp":1784232633040,"context":{"external_urls":{"spotify":"https://open.spotify.com/playlist/37i9dQZF1F5p3rmiWPIYgZ"},"href":"https://api.spotify.com/v1/playlists/37i9dQZF1F5p...
Token response: {"access_token":"BQBrMDOMbHaQkLlgCUAub9hhw245IPE5O-1q0-Wr50Hm71qXUVSgNLNYfHF4-fOQCRZpp_VWClXDpAll0Qz8XacAc-HxK0PIdCu9HixoWhjBCGyi-F52xsNNQ24ymv2O4wxAiBYT4TzIs6e3yXTKf-QcJerHzG7dDfcrT4BnaF8Xr9LG0K_imPa1ldZ3tq8A-6vOUu8V5L8oFfKoP21grKOIK3nLnBadV0rMHMr67cJhkHti3FwCGodIDY6n6iaJXxov6A","token_type":"Bearer","expires_in":3600,"scope":"user-read-playback-state user-read-currently-playing user-top-read"}
Spotify response status: 200
Spotify song data: {"is_playing":true,"timestamp":1784232633040,"context":{"external_urls":{"spotify":"https://open.spotify.com/playlist/37i9dQZF1F5p3rmiWPIYgZ"},"href":"https://api.spotify.com/v1/playlists/37i9dQZF1F5p...
Token response: {"access_token":"BQA1lFPlJS6ydyfz61Luvn7_CXC7GzOViFZZTdvHg5fF0aChDVNCtbgQvRPUkog6bpNwf5OUlrznPda7J4tomXDbeIWOP8yA6ltS-kKULkbbylbZ3VE4fe5OOPrWprJF-YLUBPpZZQ1gVP8YCrjYwzSblsFL3GZ_DHBD5aLep3vP47rq1HrZODBUBvTTtGyFgCnwKPth08sPpE4wCNTruD-9xn8k2-2ljFEdzw34y6-z9Ka2rTaPdAckTTB0BrHKnMD3CQ","token_type":"Bearer","expires_in":3600,"scope":"user-read-playback-state user-read-currently-playing user-top-read"}
Spotify response status: 200
Spotify song data: {"is_playing":true,"timestamp":1784232633040,"context":{"external_urls":{"spotify":"https://open.spotify.com/playlist/37i9dQZF1F5p3rmiWPIYgZ"},"href":"https://api.spotify.com/v1/playlists/37i9dQZF1F5p...
Error fetching Spotify now playing: TypeError: fetch failed
Token response: {"access_token":"BQCtUk65SJvqX74rHE3ln6_5PY_qLaeckdhbJvcpR3_TqmcduBPEVCM2ZlQTq8uPvi6zF4DaPNJMSfasfMaeWrCZs17ye9xN6ejgwW9DBEPbzDgTD7tn2SyfuvcZH2zIUh2AEzlIS68wt8GZ6nLrKfNr7yzoSBYH7PO5ahy9pZvgzFNYrU4l7nG4iuhzZZf3DAuwV9-e_d_0BNm0kOl22hDekWWHSPCbBLy1j-x9s8YzeAcFzOEGuRkA23OsRguw8VDG6w","token_type":"Bearer","expires_in":3600,"scope":"user-read-playback-state user-read-currently-playing user-top-read"}
Token response: {"access_token":"BQBkf9FMvaOb_VL-9XwzBVfv8S85L1b7nuY3E9bk7PKx_sJxvTeA2vIZkbx8DLjY3Q7WerPR6QpG2fqKsbRtw_l9TOYJm5YDmSZ11W5B_OqMlWDCimJx_qHNk004NjV4loALQLKlhI3i3ncRgI4agFkoYp6252xRPKYJhQpDHnhufIlrSF5VUCUj4P3Q-Qaw6RevCdRmmwoBlqaZOptsDDD6hhKX1465n6bifJ9uTcQcSQZAaUFjlGdcvlz2BxD4B73GBg","token_type":"Bearer","expires_in":3600,"scope":"user-read-playback-state user-read-currently-playing user-top-read"}
Spotify response status: 200
Spotify song data: {"is_playing":true,"timestamp":1784233714625,"context":{"external_urls":{"spotify":"https://open.spotify.com/playlist/37i9dQZF1F5p3rmiWPIYgZ"},"href":"https://api.spotify.com/v1/playlists/37i9dQZF1F5p...
Spotify response status: 200
Spotify song data: {"is_playing":true,"timestamp":1784233714625,"context":{"external_urls":{"spotify":"https://open.spotify.com/playlist/37i9dQZF1F5p3rmiWPIYgZ"},"href":"https://api.spotify.com/v1/playlists/37i9dQZF1F5p...
Token response: {"access_token":"BQAgIDfTKnwJkethVaVvEqLjq8hwzjS8g5Qp2fl2ubNY_LNxHzTKxC2BV-4tiPlcQzYrDr8GbUnDsWgmRfc6b-p_AQcxMSEvLduaq1_VUMAGn-sHpZ4xgQfum-86pQVQT_r53-4tcgSwRnERf09jZklDnmngB25cPKOG7-5tM2-BjbU3GhvhuOiqNGWn3bd1d4Gege2ooU9IrrAsLTCARZmr24XzBPHCHAc_O1G1mXcPV3lrdLz21cr_vBplWJQQlNLv-w","token_type":"Bearer","expires_in":3600,"scope":"user-read-playback-state user-read-currently-playing user-top-read"}
Spotify response status: 200
Spotify song data: {"is_playing":true,"timestamp":1784233714625,"context":{"external_urls":{"spotify":"https://open.spotify.com/playlist/37i9dQZF1F5p3rmiWPIYgZ"},"href":"https://api.spotify.com/v1/playlists/37i9dQZF1F5p...
Token response: {"access_token":"BQArTZQX39S7A7reMb9wP3QTZaaGgnqXrplfTkaXJq36SUkhF0ub9ruvoblh5n0CgI724_j__xyFrBMl_BXc4ytTk9l4eYKLY3aHArFfP8hfI5KRrvu1_xOgq3_upIY33LYGygw1tJP4Fe1YYuAxdk2R4MLw0Fyb9EnI2NCUeviJfXMoRi8aK2tqHyNF-2diUe94wZZKTlL_tf1rY4JXwdxP4pJZ2QomHh3JOVa5cHEOyQBWyaCoS96Ueu2-RKFj5SfEAg","token_type":"Bearer","expires_in":3600,"scope":"user-read-playback-state user-read-currently-playing user-top-read"}
Spotify response status: 200
Spotify song data: {"is_playing":true,"timestamp":1784233714625,"context":{"external_urls":{"spotify":"https://open.spotify.com/playlist/37i9dQZF1F5p3rmiWPIYgZ"},"href":"https://api.spotify.com/v1/playlists/37i9dQZF1F5p...
Token response: {"access_token":"BQApTPHMMDbDSbshSdoDrd_56ACfgFIhs1Vb3dzTYLFyWRMAf1Lwyw4nlR11X9q2YqX6Qvxc2-lbv84ECdhRe4f9QVHAhi2aTbdQqV5cRBeDKzFChsXMDPjNmjGrYM1q5e5OjbFP_unGmjYQY4JF0Szc2ZFx0lYvasxiZrcmSb01_XMHeREc034a68-0Jhm7VFkQqL7963AYt7ejcB0cIVc4a45I8x_38dro1RQQaOcL6jr6FL8zlOdCdGI7qStoPy_vbw","token_type":"Bearer","expires_in":3600,"scope":"user-read-playback-state user-read-currently-playing user-top-read"}
Spotify response status: 200
Spotify song data: {"is_playing":true,"timestamp":1784233748286,"context":{"external_urls":{"spotify":"https://open.spotify.com/playlist/37i9dQZF1F5p3rmiWPIYgZ"},"href":"https://api.spotify.com/v1/playlists/37i9dQZF1F5p...
Token response: {"access_token":"BQDMkC6rQRvzhvvnLyYyJcwsYMYRogkmuVjMbIydVLRr1vtHl6wzFuHJHCjNejnQc_QQlX-L74lObRj2gxzuzD503FO9NGdO9rBcChj7jGpyoURd1nelEOSYCALc2DXxQD7KZojMuZSeS-rmm_XSr0WgI2oTQNS7MQpf1zhUpAFMeuxIcsah3qSsQjQh20D6qU1QQbPaYQfkTCE2BzzF1C_6r5__7x7gRNgVK6sfMimaekTOspHvsuwGA0ap1vMWTV_ytg","token_type":"Bearer","expires_in":3600,"scope":"user-read-playback-state user-read-currently-playing user-top-read"}
Spotify response status: 200
Spotify song data: {"is_playing":true,"timestamp":1784233748286,"context":{"external_urls":{"spotify":"https://open.spotify.com/playlist/37i9dQZF1F5p3rmiWPIYgZ"},"href":"https://api.spotify.com/v1/playlists/37i9dQZF1F5p...
Token response: {"access_token":"BQDPlS8FEP9EYKaKr5EIB-ZPSI3dw6B1yRg5hyhWJiBsPfY7aBnYFhPj4_JE1XC1nhtGgGSQuefVM4eTV7_usZN65yHWRAB1lmoicltjfVdOF2NSyZdK5VMNNSXQxN7MCWhr-4cTnD50CjRoKIpB-oPK2qdrFOtQ1-nv2hPJYNMg94s0uBBX-kl_M-ZAkGq_gffQ8rSvBBrxlWHKk5t77mF7ochB8gtrWr7o-Wvltuv6rZPlKjkQO5uNGREMcRHOqhJ6uQ","token_type":"Bearer","expires_in":3600,"scope":"user-read-playback-state user-read-currently-playing user-top-read"}
Spotify response status: 200
Spotify song data: {"is_playing":true,"timestamp":1784233748286,"context":{"external_urls":{"spotify":"https://open.spotify.com/playlist/37i9dQZF1F5p3rmiWPIYgZ"},"href":"https://api.spotify.com/v1/playlists/37i9dQZF1F5p...
Token response: {"access_token":"BQAetFpSbwYRiPdN1doykATWNHH764dTIZmMNLAKc2MxOEPmyQXJCPS8RsKzxj8fvyZhk1X860J1CZMqHkGiyVpD9Emo51NcefP69S6yyLzVJy5Jt6KMdqv1Uazz_qwUC5vkes4Pax1DqQiEIdSHmVb9YDByMtosVijQUonumZk48PeV5DwUfmDQtpNG2krOb-e1g1ovaMnGcSLofhEDcl94j-FhJxyMaB_IjlpxH-CFlKd50jZFELKodFutRcUP0M1TMw","token_type":"Bearer","expires_in":3600,"scope":"user-read-playback-state user-read-currently-playing user-top-read"}
Spotify response status: 200
Spotify song data: {"is_playing":true,"timestamp":1784233748286,"context":{"external_urls":{"spotify":"https://open.spotify.com/playlist/37i9dQZF1F5p3rmiWPIYgZ"},"href":"https://api.spotify.com/v1/playlists/37i9dQZF1F5p...
Token response: {"access_token":"BQBO9v65dfk64goI46pyGyGewmhoF06viz_ktvDXRapDB9wOVyYFz7qriNyzkZw9ooK2fSQSgDDNiPlgH7LiR6Dkc0-6pC39tdku-D_baotJFD_z9dRi0mmYp3rkSm0BBXz1DSUDG8mBP8nLMFNLUY42LRgdlv08yKlVnV_d7XDWwfg07XTeB81KaErjFeAtnmkUFYvXzxPCkw3h4bUGywV5d3sJWOnWuA8QvWZDZWWM303Mhif2pvetWTskOAZPdm5usA","token_type":"Bearer","expires_in":3600,"scope":"user-read-playback-state user-read-currently-playing user-top-read"}
Spotify response status: 200
Spotify song data: {"is_playing":true,"timestamp":1784233748286,"context":{"external_urls":{"spotify":"https://open.spotify.com/playlist/37i9dQZF1F5p3rmiWPIYgZ"},"href":"https://api.spotify.com/v1/playlists/37i9dQZF1F5p...
Token response: {"access_token":"BQDoMYQ4nJYldHA7Owk-her-eqqMdV-5x3d82yKrnUPD1kNdOGI262IwbtCO8VOhNonYLyTR_z4D-YThaOgbTeWVqXowXurrROsKud1Q30W8mHufEhpyLrc5dVphKhXgeP6Web0w3PNNHumP4XsZYcSNdZXS_z3SlO-9-tC0hJ6qH1Nh8R7AqikYua-XLWuUfaWDNbZlYHcxRL3maSp1hdRt1xH0mRSZYfFurs9xAOSz1nVnXaUkXd10nUpKwm1uShgyuw","token_type":"Bearer","expires_in":3600,"scope":"user-read-playback-state user-read-currently-playing user-top-read"}
Spotify response status: 200
Spotify song data: {"is_playing":true,"timestamp":1784233748286,"context":{"external_urls":{"spotify":"https://open.spotify.com/playlist/37i9dQZF1F5p3rmiWPIYgZ"},"href":"https://api.spotify.com/v1/playlists/37i9dQZF1F5p...
Token response: {"access_token":"BQA7uL-JyspEg5uUI35K3CvgIQpaV_h6EroHNtEqq91NRbZWTjeatWvCWDJoFoTX0lffLGqUH2yxJJLZZe8xbdxmkRo4uebMHPCVnK1ugoRu4SThxuZd7vl2_dOmyghf78jqVqm4WXGcAkMczgy66Zv-ZpAdG6Su621sgFCUs-s6xZGFfMnpdhxpGbJ96EcB0oBOwiR6V7WdRitHm45qTMpC_irNbefgUWbwJ-VZU3yTEuP45u2KGmkyJeoVrZlnGMWcKQ","token_type":"Bearer","expires_in":3600,"scope":"user-read-playback-state user-read-currently-playing user-top-read"}
Spotify response status: 200
Spotify song data: {"is_playing":true,"timestamp":1784233748286,"context":{"external_urls":{"spotify":"https://open.spotify.com/playlist/37i9dQZF1F5p3rmiWPIYgZ"},"href":"https://api.spotify.com/v1/playlists/37i9dQZF1F5p...
Token response: {"access_token":"BQDl7n5FfidoGsQEmdhh3X6qsU20JmiutlhMjB-GOAnVdhcxXL0jVUC71u-ZAXy8OGUovhq6YUahDtWRoAViZrwpDICqh6C0tvYHanXC5_VP74qHfvY3JQj_xRBSva6s_KEQ8JRTyxQEkKdYuYhzVD1INxiMYod9gN7B9rFae9cClCYNizOZH1yAZs4CPXvuyUgy47NsT66Zy7zoSZsXk62kNWGZFkXav-UyAe0E4gF6SGm2CzxN9ER4lV06Q8UPBuSjsw","token_type":"Bearer","expires_in":3600,"scope":"user-read-playback-state user-read-currently-playing user-top-read"}
Spotify response status: 200
Spotify song data: {"is_playing":true,"timestamp":1784233769651,"context":{"external_urls":{"spotify":"https://open.spotify.com/playlist/37i9dQZF1F5p3rmiWPIYgZ"},"href":"https://api.spotify.com/v1/playlists/37i9dQZF1F5p...
Token response: {"access_token":"BQDXZvUEYJOAHa1B7mPZfmjjQBZ6asf5q2ALamZZ3gh-7JNSxx7tgJmfQ8nyV9yahCm0XWlPGuCn9o3wwL6RUNIhUmQt5s_-sJGteZ5Sy5Be8GaitcIE9HzYgGNuuALNhUy-IfD_uKOBe-eYwbLpvTGsfw5urH_tUGXVumyYeBNq4z4xJ5aK5GAqXIVNKmsyUh2xWUFiVAWUB-Nx22cQ-4p1WhvtIyWSp7bP3V4QT-rTvPMSMB49reN0ei7ab-2zuR8qAA","token_type":"Bearer","expires_in":3600,"scope":"user-read-playback-state user-read-currently-playing user-top-read"}
Spotify response status: 200
Spotify song data: {"is_playing":true,"timestamp":1784233770700,"context":{"external_urls":{"spotify":"https://open.spotify.com/playlist/37i9dQZF1F5p3rmiWPIYgZ"},"href":"https://api.spotify.com/v1/playlists/37i9dQZF1F5p...
Token response: {"access_token":"BQCkRNu4jO10BN8EeRAbsitoroWTx1faQljctaCD9yNcoUCXqtX1Asq4yJqCHPwjhVNIix8CvwzViJk2LShKMtq8usukLafhbq5ityxbMzN-cS4afbeCD1lavr4l5NjNMyK-Yjs-CjzeeRmWqSm6g6uEUdZBF1tZQfBNplEnZikUP4q53PQ0BePP5B5xdaYBlR97I2gz8AGPNgAfNCBBRI4QPx0Fe2_GWdxDzmrjFVM8FfgqKdypph9FFg3B0NsBdIOpmQ","token_type":"Bearer","expires_in":3600,"scope":"user-read-playback-state user-read-currently-playing user-top-read"}
Spotify response status: 200
Spotify song data: {"is_playing":true,"timestamp":1784233774144,"context":{"external_urls":{"spotify":"https://open.spotify.com/playlist/37i9dQZF1F5p3rmiWPIYgZ"},"href":"https://api.spotify.com/v1/playlists/37i9dQZF1F5p...
Token response: {"access_token":"BQDM41y8SQuVBdSXH92L8YzEB6Mx9oYSEHzfiB1uNjHfZcJnsChrLNlNTzmaF3K5CB3UCG1DGOZMtxNoY9IzY5hZNa6UTvSxmxAUXATd1o8WkEq-dbYfjQrzZKCzRZWBdIUjIaaDqxCNQsWTqGnrwiTgvb4cz62EHpANUtLTKKasvaTLe6fHhbl7MDYE5wM6QNmZ9NDtfjwxPiy1Ry0Xrd-RL3YQdbm4QWt7WT0n4h6xU5OgOsri6SzJ_mr_xNmciufcrg","token_type":"Bearer","expires_in":3600,"scope":"user-read-playback-state user-read-currently-playing user-top-read"}
Spotify response status: 200
Spotify song data: {"is_playing":true,"timestamp":1784233775897,"context":{"external_urls":{"spotify":"https://open.spotify.com/playlist/37i9dQZF1F5p3rmiWPIYgZ"},"href":"https://api.spotify.com/v1/playlists/37i9dQZF1F5p...
Token response: {"access_token":"BQBEBGlqF6dBuH6G97nMnjzw3W_2xz4RlKkG4L2ngS-m27In1ddLEKH5wgU58k0VJnI6oUk0Qp20_Va13APHNwrIK783YTa1tT8UH8LkHm3X5AmBqbfeUYfgcUpTDwftWBBwK07lxdgvPBL7EhkyrAPssskzAcoREH8OPcmebmny3mv-HKZhje9iIYLoQIFFrB-nJ5xOz-U7ZPG05Zp0KbBN16XjfazjZWuBPeQlMxpBe47tahiIm5RwtP7-wy3Achr1nQ","token_type":"Bearer","expires_in":3600,"scope":"user-read-playback-state user-read-currently-playing user-top-read"}
Spotify response status: 200
Spotify song data: {"is_playing":true,"timestamp":1784233778503,"context":{"external_urls":{"spotify":"https://open.spotify.com/playlist/37i9dQZF1F5p3rmiWPIYgZ"},"href":"https://api.spotify.com/v1/playlists/37i9dQZF1F5p...
Token response: {"access_token":"BQAJgiL1Qj1g3Tr8fIuuDUUff_ClYTgpSYDVRnn34yxpnquR1Ugx-sKqskpjvefRub_iq_Ole4dVGMuK7XI1p1jle41Dgm69OsK7OCW3xFY3tQ_jwLnqwZHcXZG6VwqpY-SeN60qoX1xHIa5fvJumlrzqqsjBXGpesltFeSOwQooCMkLUHZ_Co64mO03Zk3z4lEhGgw0uoP_Xk9OrZQSypalQW-Vd15cwBM5g5fshWf96zbxStaVfynO5x_8j744VujTDA","token_type":"Bearer","expires_in":3600,"scope":"user-read-playback-state user-read-currently-playing user-top-read"}
Spotify response status: 200
Spotify song data: {"is_playing":false,"timestamp":1784233780166,"context":{"external_urls":{"spotify":"https://open.spotify.com/playlist/37i9dQZF1F5p3rmiWPIYgZ"},"href":"https://api.spotify.com/v1/playlists/37i9dQZF1F5...
Token response: {"access_token":"BQCzraNhK7m05MnTkabDRwjtx_KWdDh9hd2VhGUG5bN0kU_NHBWp7Nomlje2ra9e8Is0DQWBa7Oqvyap9iBZJZLpXMIlUyFwwvAhocJM7gYiQgIODTd9kglX9X9NQ9b2VjEli1MtyomUAiSCjImWx7iQoOudw9Av9Sf8ozQMGDFW0-WeuVK1DS7Seaq8vBG5drq3kACNgFsGY3hb5dmrqIxR1hIVEra--4RcolN8OYvZwsjMY18ngzFNutc7aEQ5lUUj5A","token_type":"Bearer","expires_in":3600,"scope":"user-read-playback-state user-read-currently-playing user-top-read"}
Spotify response status: 200
Spotify song data: {"is_playing":false,"timestamp":1784233784133,"context":{"external_urls":{"spotify":"https://open.spotify.com/playlist/37i9dQZF1F5p3rmiWPIYgZ"},"href":"https://api.spotify.com/v1/playlists/37i9dQZF1F5...
Token response: {"access_token":"BQAo9DA-vUCwk31TlabmncP8vwlkcqrkFlBG1XHGPQ89bkrlJMjocyvoWE4JP3X3jY29wFXSNEzeMiXBbOCE-4wZc1vR4lJ3K-DCVKnqzFHniiYTnT2bwZmUAICXfhxB7DremGOaD-52Zcy_uvq9enTn9fx3MaILBUCFDYO7LFlzu36nDkE_Ve8dyfyPFNkHXYDwoneRsUziOYIUQuWgxN0yMAt3ggZ98Lm-YSs89Gbd8AB5VltE8zkynHPbn2huelG9tg","token_type":"Bearer","expires_in":3600,"scope":"user-read-playback-state user-read-currently-playing user-top-read"}
Spotify response status: 200
Spotify song data: {"is_playing":false,"timestamp":1784233784133,"context":{"external_urls":{"spotify":"https://open.spotify.com/playlist/37i9dQZF1F5p3rmiWPIYgZ"},"href":"https://api.spotify.com/v1/playlists/37i9dQZF1F5...
Token response: {"access_token":"BQDNzM2iMcComYwQ9L3PyBAZ5OdzWrwVJoGWWvH2VKoMgwtWBSbD2ZHnVfFOPJ8Q3z8ktiGwAGm-eDdOsr97WpSACgZJVmd_YEqyunnALq_hb5SpkubCVu-gXqe7Vr2rpa2Em-1sC3uwd_HSXgi0lP1bhqKNFZMVzA5QdRSU2yzHznINfjcSDLi4QoKbOowQnk4z6RjcLVi-AjJnmJGLb36fH1U4WXZ8WxvI6tcIG5uyyoVKzyO4n7n_LicuKrw-litqyw","token_type":"Bearer","expires_in":3600,"scope":"user-read-playback-state user-read-currently-playing user-top-read"}
Spotify response status: 200
Spotify song data: {"is_playing":false,"timestamp":1784233784133,"context":{"external_urls":{"spotify":"https://open.spotify.com/playlist/37i9dQZF1F5p3rmiWPIYgZ"},"href":"https://api.spotify.com/v1/playlists/37i9dQZF1F5...
Token response: {"access_token":"BQAOh-cZWPrlASkBq3qIgjjXlU5oAMjM9eWf4B4VJ_qb5BW9qCtZ-RNw5A9_OHKBs1gpC-QwNrCiCM8zZnXe__aXGYd-HHa_FDTD-JalZSyfr5ZCxfVoo1mBV8ylhDGbvgkjB21wSQhe4AWuFiyesr-gulHU6cETRtHQD9MmJ8GPqvX6IfJoaBACgCqaSe998Lxr4NRWcnNlhgtgSDMxr4GiLBDpxylTCKF5vNcRCePAUdThnguHzBU4VYceFQBIJC4huw","token_type":"Bearer","expires_in":3600,"scope":"user-read-playback-state user-read-currently-playing user-top-read"}
Spotify response status: 200
Spotify song data: {"is_playing":true,"timestamp":1784233789807,"context":{"external_urls":{"spotify":"https://open.spotify.com/playlist/37i9dQZF1F5p3rmiWPIYgZ"},"href":"https://api.spotify.com/v1/playlists/37i9dQZF1F5p...
Token response: {"access_token":"BQDWFX6FwgMhAVXnZ-NOcnU1wi1WL0i6sKj5W3DvMxWOzyhMoWumFhnXGi4pLOdgT4Ytob6BzQmx5OVDagNfY1YS5o4UiKc-YtXIHDlrXb5EbXXaVhJV96u1CNjxKXaqNCUK4gNHlYdK11tV9Ufi0FHESfFSTOzOkSyJRC8_aKduHvLI6-Frd7PlWQyuZHaiMsz6uKfrw4cNKZs4NXT1otTzIwV2yKQ14xgUqLY8_VsG9W7yl-bdzYQaIcbyl5q9YKGDQA","token_type":"Bearer","expires_in":3600,"scope":"user-read-playback-state user-read-currently-playing user-top-read"}
Spotify response status: 200
Spotify song data: {"is_playing":true,"timestamp":1784233789807,"context":{"external_urls":{"spotify":"https://open.spotify.com/playlist/37i9dQZF1F5p3rmiWPIYgZ"},"href":"https://api.spotify.com/v1/playlists/37i9dQZF1F5p...
Token response: {"access_token":"BQBKqoV1MLq633IAvdklPLnOakWzhTc3YW3j-3tbT3WDr6PZ7jGxoitycYOBUug8kvYHZxeAdOXvg_4tv432wyIUAbpexYC067qLLVERQTYOBHpqGSQEFEU3EwqOZjCRrJCZdKOtZJ0chkLg_VRR2EFKnob9s6suGgH4HfHOEuzDphPcEmn5hhos31ScADmFeaEjae1vaqLAcpl8nm52OXCR91yLtxPADleFZo3n_OetuN66HqIS8tgLCJOHvfgs4A_eCw","token_type":"Bearer","expires_in":3600,"scope":"user-read-playback-state user-read-currently-playing user-top-read"}
Spotify response status: 200
Spotify song data: {"is_playing":true,"timestamp":1784233789807,"context":{"external_urls":{"spotify":"https://open.spotify.com/playlist/37i9dQZF1F5p3rmiWPIYgZ"},"href":"https://api.spotify.com/v1/playlists/37i9dQZF1F5p...
Token response: {"access_token":"BQC0AQm6m-VtAkUE1J__gRiJNpeHesWlIk8JTp5EgQA3gZA1x2ANpbfkk04ceOqjPqNoVQ9APL0ENWnUJyrW263kwO5W4bJVTR7PODuLsNzFVj8F1xyYBooF2zl8V2s3sAvnqv9ntQBXibUw1VO9BO8tdy2TU89toaxzwMqP32rtqjZaetTzKFTs9v0qAnLQYBJEkOglKfFx742eLoZ6W-sMsl_fX98wD-v0-d_3ow9GBhVXd0WInZqaH82Rq-uqvOR0-w","token_type":"Bearer","expires_in":3600,"scope":"user-read-playback-state user-read-currently-playing user-top-read"}
Spotify response status: 200
Spotify song data: {"is_playing":true,"timestamp":1784233789807,"context":{"external_urls":{"spotify":"https://open.spotify.com/playlist/37i9dQZF1F5p3rmiWPIYgZ"},"href":"https://api.spotify.com/v1/playlists/37i9dQZF1F5p...
Token response: {"access_token":"BQBngUm60DfAezMh28U6Fb-mTpRmZOOGyf0pil86wxsES4Rx51tD_2iZHtKO0JNywZPDombygJwiyhK9qEok2qdWhjnT29DylCbmdkllqzxnkgJmup3HWz8JaxxxG0CfALwhMBfoJchk5z22vRQ11O6Z1ePas3M6e85BwdfrizAWNgP3keS7vsjhjNSIIVVlUP-sHIR9t4seqJyRmFOWpLDQxe88iui_u9QJvvaBCT6NtyCR9UNWKT-RmJgEV_EWrKt0SA","token_type":"Bearer","expires_in":3600,"scope":"user-read-playback-state user-read-currently-playing user-top-read"}
Spotify response status: 200
Spotify song data: {"is_playing":true,"timestamp":1784233789807,"context":{"external_urls":{"spotify":"https://open.spotify.com/playlist/37i9dQZF1F5p3rmiWPIYgZ"},"href":"https://api.spotify.com/v1/playlists/37i9dQZF1F5p...
Token response: {"access_token":"BQAP-PazIB2EaCvlu52Js7FtdOQuHuOemhpEyCQhU4cxT1HaSnTxYSEmIrne8qbAnR6OiWDvBgai2ztEyZYnj8vGUvCyuWUU0cR68GdNcsI9KMN3brEL66aU3uQSJ3hmH1ROUoR1NPkyyp8uqXE5KK-WGR1Np7Bi341CfOoyY6sswS8DZwJBJ7PhGYM9phvt_r2hPwjqK3d7Fv6Ju5bcA40KBD4m6Txg9Abn9Uglv9KfGxrOBF5YChD_535Rrsb9c_eK5A","token_type":"Bearer","expires_in":3600,"scope":"user-read-playback-state user-read-currently-playing user-top-read"}
Spotify response status: 200
Spotify song data: {"is_playing":true,"timestamp":1784233789807,"context":{"external_urls":{"spotify":"https://open.spotify.com/playlist/37i9dQZF1F5p3rmiWPIYgZ"},"href":"https://api.spotify.com/v1/playlists/37i9dQZF1F5p...
Token response: {"access_token":"BQA8zMkAnEV-8cU1pqY8poaRJMcjR75Lq0lNeQSkRXV--RBfo49wA9Xl3_KdKcLs6T2t5urg8fb8yEfDbRobDct4yEBdQdl5n2p1mDFiitTtwO7DVWgDBZEDbUYb1JsrCG7vznwpq3ZBfzGkYYwBPXFLhA0bAs9Byk4j73Srcv2g7ynCED1vDhe821FInXH27YOQ_y2xBI7oYCajNiKYXpXNvSVf_Xb0lUNdyfe7Ri4k94DAmu9HOVWXafjdW1bqZE9Y6A","token_type":"Bearer","expires_in":3600,"scope":"user-read-playback-state user-read-currently-playing user-top-read"}
Spotify response status: 200
Spotify song data: {"is_playing":true,"timestamp":1784233789807,"context":{"external_urls":{"spotify":"https://open.spotify.com/playlist/37i9dQZF1F5p3rmiWPIYgZ"},"href":"https://api.spotify.com/v1/playlists/37i9dQZF1F5p...
Token response: {"access_token":"BQAH9-lgY4u5HvnP-YIVko7S9LHcUV1H9UsXE1nmOlEgREgtRhyyzX_yvaocm1oyCm9a_KZR6imqj_62temapSInYxr3us_LMTNtL1nfHrGk4Y_fPotqvV6_ZgEIS330g9SHup8_LIwZIT7fuiRv8VC75MEG0yuWnptv9jwz5lcZ8q_QHYFO1eyhiOem8ao684UseS9z79Cx6kL62Cz5ov9ahVpi3NAwk-StRexsM_N6_VXRemeee2vBw6R5nvssizeT1g","token_type":"Bearer","expires_in":3600,"scope":"user-read-playback-state user-read-currently-playing user-top-read"}
Token response: {"access_token":"BQBxHNvxp-U7aSrbjL837WPvhFz01ymLcwaxxGcFlWszk_bfmu-aE9l47aXj10aZqhYH740U5pRALrfrrOauFEkJDine2M1xBYnX-nOcQr4uJuiOQ_UPazRij8N_BE0CGdwk7tyPffAyoNNkmzC9Fssg03p2IDihJwzyauevETZcky4gzk5l7LLIdfat2qTm2nSdywzyKPzWYaMFgUEJI8nS5I5ygXh_5ik6dX06NOv8w02UcUxfUIUE47mZ4FU1MFIijA","token_type":"Bearer","expires_in":3600,"scope":"user-read-playback-state user-read-currently-playing user-top-read"}
Spotify response status: 200
Spotify song data: {"is_playing":true,"timestamp":1784233789807,"context":{"external_urls":{"spotify":"https://open.spotify.com/playlist/37i9dQZF1F5p3rmiWPIYgZ"},"href":"https://api.spotify.com/v1/playlists/37i9dQZF1F5p...
Spotify response status: 200
Spotify song data: {"is_playing":true,"timestamp":1784233789807,"context":{"external_urls":{"spotify":"https://open.spotify.com/playlist/37i9dQZF1F5p3rmiWPIYgZ"},"href":"https://api.spotify.com/v1/playlists/37i9dQZF1F5p...
Token response: {"access_token":"BQCekMl979rpXiwnIEN89d3N8Ww2mfkmmz0wRRTpf9e-1fR156CmyLjHmkcd9I_y0WR_Ler9EQX3w0GXVIwrKMNr3a5qwCr4sxyWqzCOhanlGPhEGsI6cQsWwvo2l-yyguhhVkJpVxexB9xaNiOHUEsuT21zHvhoiGaT0n2C5Cyek7H84YYFzUyapePekkL4HFNYLUJMQTq7AXQ7hkIe1bbFVk22ujucq47x1fUG87dnNA_tsF1GRHJEhaxptmBfDfiD1g","token_type":"Bearer","expires_in":3600,"scope":"user-read-playback-state user-read-currently-playing user-top-read"}
Spotify response status: 200
Spotify song data: {"is_playing":true,"timestamp":1784233789807,"context":{"external_urls":{"spotify":"https://open.spotify.com/playlist/37i9dQZF1F5p3rmiWPIYgZ"},"href":"https://api.spotify.com/v1/playlists/37i9dQZF1F5p...
Token response: {"access_token":"BQC-_EpHCRGLLhD5vMSfgy9rEmIup_586Nc7vvgGilpIPOy2Svo_sin--De9zTr0ViGgdAzbbGotZb9fy2yVxCov5Dx7xvvaYKAwnhFGIoNayJ9qAAjPEUI4sdOzH0-gdfYhOQTeLkmHHFmUoPNiG6T6U6IPNoPUILyb1wRBZLKmzqmA2wvb0qRn8F81Qdtg0uJnrmScPAc0D3QsX7ADZe3Uqe-XOjIp74R2KOU1Rkzsyx2k9WPfUJApFeZj6OVFOaNWiw","token_type":"Bearer","expires_in":3600,"scope":"user-read-playback-state user-read-currently-playing user-top-read"}
Spotify response status: 200
Spotify song data: {"is_playing":true,"timestamp":1784233789807,"context":{"external_urls":{"spotify":"https://open.spotify.com/playlist/37i9dQZF1F5p3rmiWPIYgZ"},"href":"https://api.spotify.com/v1/playlists/37i9dQZF1F5p...
Token response: {"access_token":"BQBFfAKUq7YQO-p4zZ0jGLDiT26q7Bz9LDp71yavEThDrdl9FUIzis68n4u_vwwTtlNUrF6P5PLZLJpJFvSM9wwYFmBFzeM-tDpiltYuGUW_UCYN1dA4LgUs4ChbKXx1f2uaLJ_KwS5y7HmWMAodc78ZcNg4vX7vi7MR-5V2fFP8xhXUn0RTbDtBi_lKWT6XEc1pp54-npuEcUsLzgm55VViDPFq_IOUFrVYPZGXpjKAgDzdc2MYTPs2HacrVshSxSQf0A","token_type":"Bearer","expires_in":3600,"scope":"user-read-playback-state user-read-currently-playing user-top-read"}
Token response: {"access_token":"BQD1DA38zgOl2FCHe5d5LuH_AEDuZdAW_mmLEH2hIiHvk8rfCTn6277p51naAeKo2bz9rh_uTESVX3xpWbzYtaDTnfrtiushnD5jGHYET3mcDiQEq_LZJ7gYYzyLXSlFuDycr9KWItlvGKU52xFifXAslPCclOPVnWBib_brX-k1k50w2J-y5QdO2KAwhyJobMRTpMaZVY21MYjb4gc-xgdI21dXyuFIBtxMKJopNd9hp-RQ1x2b4IbKXELB7oZiL_Zprg","token_type":"Bearer","expires_in":3600,"scope":"user-read-playback-state user-read-currently-playing user-top-read"}
Spotify response status: 200
Spotify song data: {"is_playing":true,"timestamp":1784233789807,"context":{"external_urls":{"spotify":"https://open.spotify.com/playlist/37i9dQZF1F5p3rmiWPIYgZ"},"href":"https://api.spotify.com/v1/playlists/37i9dQZF1F5p...
Spotify response status: 200
Spotify song data: {"is_playing":true,"timestamp":1784233789807,"context":{"external_urls":{"spotify":"https://open.spotify.com/playlist/37i9dQZF1F5p3rmiWPIYgZ"},"href":"https://api.spotify.com/v1/playlists/37i9dQZF1F5p...
Token response: {"access_token":"BQBhHtaK_BDEjhOapg60KQtP--cLMXuvv1UaOj3_IXvnP5Ow1PpG0ltq5VHd3sIL5uto88oBV01ZCtjmttLMWkZzYoLElRM3snfz5on6kMCGKba9_H23KIiMZT8XXvIsIi4ihJWcR_ddWZTDKWp-W0S0TwZDWi-bdoGqjUHhlSYooFqt1G69i5HQBazoQ6QrzjMuLDsljWZUr4dfd2naWDdEzi9WFGWfyV9qoRHVsnuOmlC_57NTRcD7MuEyS_1ynF9MEw","token_type":"Bearer","expires_in":3600,"scope":"user-read-playback-state user-read-currently-playing user-top-read"}
Spotify response status: 200
Spotify song data: {"is_playing":true,"timestamp":1784233789807,"context":{"external_urls":{"spotify":"https://open.spotify.com/playlist/37i9dQZF1F5p3rmiWPIYgZ"},"href":"https://api.spotify.com/v1/playlists/37i9dQZF1F5p...
Token response: {"access_token":"BQDlJEtRu2m5doGjPz4yKw1doEoA2MaK2OCUqYc-hGdLHy1DsJpDEsxbwjfcsU9Zz7wWOIEtt5zfnFVgKlZYH4d6dvkJuM6HYfKIl-SB-E1Kayc0GVv9or0SikqXZcwqZJlNqLFXbZzpqPEJpd9aeljOya_Ja4PsyLnmYOsCS6vne1nWU4xvOwFiyjcoI4nuElKy1URpMYJ35S4uqMybm_JXb8rG5CulBRC3n12sdBeWLbJwNQ973hE-ulL1s6jeYA42FA","token_type":"Bearer","expires_in":3600,"scope":"user-read-playback-state user-read-currently-playing user-top-read"}
Spotify response status: 200
Spotify song data: {"is_playing":true,"timestamp":1784233789807,"context":{"external_urls":{"spotify":"https://open.spotify.com/playlist/37i9dQZF1F5p3rmiWPIYgZ"},"href":"https://api.spotify.com/v1/playlists/37i9dQZF1F5p...
Token response: {"access_token":"BQCZyjnRSfWF1QRUjzSIHVmGMdYc_XKDsVlMw_ISS1OP7EspbmZTS5lTc58ia_r_LP81WgKzr1pxtQEd68C4567G3goHTaIEFmJ8fAqCrvZJUVIxUKfi2yxTTrw_Sb8CjxfKAJhxqnDY-LqSGRmoecS_PjbOkOADaj5hAPI947JR-ss0w_9yKxgK8_A6SkvM6WS2cp2s6a9Penh2lBnfDLgLxrG0TQRTM0ZCHCXOMc1s9K2GemYCs5OP2DG2dCr0r4cbcg","token_type":"Bearer","expires_in":3600,"scope":"user-read-playback-state user-read-currently-playing user-top-read"}
Spotify response status: 200
Spotify song data: {"is_playing":true,"timestamp":1784233789807,"context":{"external_urls":{"spotify":"https://open.spotify.com/playlist/37i9dQZF1F5p3rmiWPIYgZ"},"href":"https://api.spotify.com/v1/playlists/37i9dQZF1F5p...
Token response: {"access_token":"BQBCoqPFTGXLnoAGx89grzovqtd5BJSVCJHXbsH2TY6MR8-_M7RHYhB0G8ZSxmn6shjqDo2-flfsSmoCwfzNF05QbnAqTMGiLqMfEV6DJSDzNVTJ1JT-PZGpks_p6wh-s1w22f4VGgvVhOzyUUvk2lzO0BBDizDOHlQElEksOUZmKSscYdcQL_py6agcGpTAXmwoaf41ua0ZMZCGwc1WBeth1nU0dzNz1dZCWqiM1fqG2CLwUTrpqGLeCtF96uNOnlKWqQ","token_type":"Bearer","expires_in":3600,"scope":"user-read-playback-state user-read-currently-playing user-top-read"}
Spotify response status: 200
Spotify song data: {"is_playing":true,"timestamp":1784233789807,"context":{"external_urls":{"spotify":"https://open.spotify.com/playlist/37i9dQZF1F5p3rmiWPIYgZ"},"href":"https://api.spotify.com/v1/playlists/37i9dQZF1F5p...
Token response: {"access_token":"BQB6z4LktIb2RMvBmygFgGALM3jJqtYi7tNnlTV8TAbGTVyJTstD_SrJezADadmZeBGQ2JiwsOwPjZlnI0sXmxoVVW_b50t190rY7TVRLYsMaOuo2HEZcf8YfYbj5PD2boy1ApkvsemZBa_w_0nXATohMUuK1Evh1O551lP_rE9wVVeJylKLc0gdTciNz-pHpjU2FpCPG4vT1E2Ca6curORrWYtH1Fu9NMJpKPWhNEQJav6LQ4UbFacZpsNLA7N3M36JXQ","token_type":"Bearer","expires_in":3600,"scope":"user-read-playback-state user-read-currently-playing user-top-read"}
Spotify response status: 200
Spotify song data: {"is_playing":true,"timestamp":1784233789807,"context":{"external_urls":{"spotify":"https://open.spotify.com/playlist/37i9dQZF1F5p3rmiWPIYgZ"},"href":"https://api.spotify.com/v1/playlists/37i9dQZF1F5p...
Token response: {"access_token":"BQAFKy885tN0IyrgnIK24jB10XfXiWe9yR2d650LgvTHNCpkhI_qU5ci9kjPwa6Fklfg-VrAbYmCXvEfd_LEtItgq1QwI6eRYiFqnaWFV1gEKSyJzSLwjkW_6uyphqNgMx--rZtgghTlz-3iNYWjGQXfpYa2yQamfjXvr_TELJ-AkdzEz9nIrgU4ZAq1wdXv8IPdFp56aoCF2efX88P1Nipo0Sn7Q-T8jhcon66C8z4weR7VuQ5fjBh_ax-0ID-KdN25Dg","token_type":"Bearer","expires_in":3600,"scope":"user-read-playback-state user-read-currently-playing user-top-read"}
Spotify response status: 200
Spotify song data: {"is_playing":true,"timestamp":1784233789807,"context":{"external_urls":{"spotify":"https://open.spotify.com/playlist/37i9dQZF1F5p3rmiWPIYgZ"},"href":"https://api.spotify.com/v1/playlists/37i9dQZF1F5p...
Token response: {"access_token":"BQBA_gldcXh5GO7aQkQPZXZ9vV6ZkOD0dUYT2JE5t8K3IyZybZRE5aV0JRG-hkNIIb1lCTCckyAFLZav1kfnbKz-0k8RKLzqKoYYEYh1m4xynvXnIalLZzyVaqIqImOjAeWV5ESYWfPihHb9CaPRCUoRQwyTV7CMvo4yUU2Fx8xdfXrUNNx9TgqmZVgAOe4Fg2e5tRUlMt0AqMkapdbDa0HYRvYYOG5Gho8LY-4zBPugcTEIMsFBftBhXdVugAOtUgG_EQ","token_type":"Bearer","expires_in":3600,"scope":"user-read-playback-state user-read-currently-playing user-top-read"}
Spotify response status: 200
Spotify song data: {"is_playing":true,"timestamp":1784233789807,"context":{"external_urls":{"spotify":"https://open.spotify.com/playlist/37i9dQZF1F5p3rmiWPIYgZ"},"href":"https://api.spotify.com/v1/playlists/37i9dQZF1F5p...
Token response: {"access_token":"BQCUWMe0jUKl_WeDp8R3buuHuAhcMP-wUBhUUUAsNf3hdbyzTfQSIzBocqeQJhR5ov6kazPItOd7EQ_1J0joMXzDVwE77sKPPASZC4Agn36KfK1Wvm1_j-bzg9u1LBPPrH-4-zFYlI00iXTwVwRNNglN0XlRrUi6sDtj3HIQVBTrAyI33PGAWATAYCpvXZ5hT87Uf0_IGAuGjTlWqKsID2Fxu-tCAM3dBXTb8nz8HEu83kiD1y53emy6B9hbsBu8SzOXxg","token_type":"Bearer","expires_in":3600,"scope":"user-read-playback-state user-read-currently-playing user-top-read"}
Spotify response status: 200
Spotify song data: {"is_playing":true,"timestamp":1784233789807,"context":{"external_urls":{"spotify":"https://open.spotify.com/playlist/37i9dQZF1F5p3rmiWPIYgZ"},"href":"https://api.spotify.com/v1/playlists/37i9dQZF1F5p...
Token response: {"access_token":"BQCsibxcV8-S3yotKTzGzRNKX6pW3yps7TGAh9SGWXIo3whZoIvGPp9VShcCa4gGKPX1khKwQGyMmdBiThmMekY0t1F2rncSMebRQS6LaexnGSb9kXT9CHLeJdAD3BBbFjYk0FZyrbgTwJeLWIEbqNJGg8-L1PdmFd6EW7CpPHJPv5lFx9oAaKw2hNUKElcu4y-p1k80yNPIQ8F1BlqEQAFIzAyLNG-0xda6ctjfZvSimsbjNIjJTjkmDLV9lH3HpLjGoQ","token_type":"Bearer","expires_in":3600,"scope":"user-read-playback-state user-read-currently-playing user-top-read"}
Spotify response status: 200
Spotify song data: {"is_playing":true,"timestamp":1784233789807,"context":{"external_urls":{"spotify":"https://open.spotify.com/playlist/37i9dQZF1F5p3rmiWPIYgZ"},"href":"https://api.spotify.com/v1/playlists/37i9dQZF1F5p...
Token response: {"access_token":"BQBwNh1uG4kgxx36E0xLilhTiv1rUDKR3J3ybL5Szqr2KWOnLvlspjjOtqpX8DSwXy0P6CXkVlXg5ZjEw5DUlHYot3oGsoyxylasb9QyES8dss_Ig-wl4dKohWp9Ei8FI06wwEN9PUZPmhycwxPo2nu4BX29M5eFqysRLd_jCfQV2P_mnu_kuZFg4poYK4dhPwPDIYIlTYX9uNhHHY02isoljkiWdjrcbO6eGZiThyySu5TdDaz_u-_rNLKhhnM2nQ__tQ","token_type":"Bearer","expires_in":3600,"scope":"user-read-playback-state user-read-currently-playing user-top-read"}
Spotify response status: 200
Spotify song data: {"is_playing":true,"timestamp":1784233789807,"context":{"external_urls":{"spotify":"https://open.spotify.com/playlist/37i9dQZF1F5p3rmiWPIYgZ"},"href":"https://api.spotify.com/v1/playlists/37i9dQZF1F5p...
Token response: {"access_token":"BQCefTZSUK-mBbMnqJeiBfqIhZwJ0sd2amvl85aBzOp8tIy-Vu0qy-Sv8xMLKH5CtmP8mJ4egsK32TwGeQKqxWLyXKOarc1sT9qJ3kt35iujC8wZ2EZdGqWC_5rc4-cdGsU-PF9H1DFlzzA0p5ged5-zdxAW2-8F-I0vgeH7VE44m7AokeBq2ZESRt8gLgSszoQ4gtK_uQs0xZvzQnqnW-8hVqpSd1D03eSIBjZPICWKCOPsK5xDdyAv9d8r1oJu4xaJpQ","token_type":"Bearer","expires_in":3600,"scope":"user-read-playback-state user-read-currently-playing user-top-read"}
Spotify response status: 200
Spotify song data: {"is_playing":true,"timestamp":1784233789807,"context":{"external_urls":{"spotify":"https://open.spotify.com/playlist/37i9dQZF1F5p3rmiWPIYgZ"},"href":"https://api.spotify.com/v1/playlists/37i9dQZF1F5p...
Token response: {"access_token":"BQBKYgivqv1fhwgizMAhw2KN1pGYv_2tW_zakfHv8Po2mrzNFFUE7k4pnwsH0bnD-9ofi5oWO31l-TvFeGDwbOefMK3HvBIyd0UrRHtKwNKe8j5cK3qKbAyVuKxAI4n5rccbKQKy1x2Adyol4FSI1LdI4YGvjXczLQyJ8fPyeqVuzhV0nHoKckEOLfQ6hkmzT3Rs0sxLT-ootmxD9z8MKUSNnjExO2Bd6IG-h3oRLCl5ldfx99BItG-Lifcba5jR9bTl_w","token_type":"Bearer","expires_in":3600,"scope":"user-read-playback-state user-read-currently-playing user-top-read"}
Spotify response status: 200
Spotify song data: {"is_playing":true,"timestamp":1784233789807,"context":{"external_urls":{"spotify":"https://open.spotify.com/playlist/37i9dQZF1F5p3rmiWPIYgZ"},"href":"https://api.spotify.com/v1/playlists/37i9dQZF1F5p...
Token response: {"access_token":"BQDW2Ge2EUU7wSt20iQX_GyRGiXdpY0vNl3SjQduptXkwVh0akiaX6H-2em07ssy0CgpdEaYLCIMqvGtSvT53_oS1yfwQa5KoaLn1ATtkFP5UPAlzLx0n4BUK5KrbTLyGrwnrMCF4mC7XiRSkYMPUnA3JvBy2jOno0q4kb-KP31VhWXUsp595pbObIUpmDq_93C_1RzK8DKnVCa6WE6H_HBWACl-dsxuVaaPxIsL1UOujKYfOenO2sFpEROgv7ZU6jwJkw","token_type":"Bearer","expires_in":3600,"scope":"user-read-playback-state user-read-currently-playing user-top-read"}
Spotify response status: 200
Spotify song data: {"is_playing":true,"timestamp":1784233789807,"context":{"external_urls":{"spotify":"https://open.spotify.com/playlist/37i9dQZF1F5p3rmiWPIYgZ"},"href":"https://api.spotify.com/v1/playlists/37i9dQZF1F5p...
Token response: {"access_token":"BQCavstsDXNmyxqG_v8oiSWM8usCvcib385xDY9mP5PmU9Vwz3HfGq2yudvqEB_55bVCQfpitN4UkRgzt-gp-Guw-duo39q87kfozmDQ9ssbS5ZnS94gZi4wRuSQdVOH1PmNOJytSxhV7v2CcXMBTf-_FUEx52pkz-SuOCJxGI_JEwsKYUxA_QAWPZ-u33ssgSKa6FHGeRB-AAxzZbOqtQtwpENOdgCBFWt7CD5b_glwGzHd7EZstpkprFcRUiNjMyYLRA","token_type":"Bearer","expires_in":3600,"scope":"user-read-playback-state user-read-currently-playing user-top-read"}
Spotify response status: 200
Spotify song data: {"is_playing":true,"timestamp":1784233789807,"context":{"external_urls":{"spotify":"https://open.spotify.com/playlist/37i9dQZF1F5p3rmiWPIYgZ"},"href":"https://api.spotify.com/v1/playlists/37i9dQZF1F5p...
Token response: {"access_token":"BQD39PkKt44-xzxGKsc6Yi3uSs1fRMnplPIwSXvr2hsiEpNlKU0IVB0m7b27Dx4Zqv5oAspSKNYz0lixZ5hVeUwAyVGpUT5wnUEHAmTDyze0Ry_Sx0DGB4Z3f_EouygDZkPJ-ViYG-Fmdcj9aWRqtJfq7ZIndbP5fD9Rv18enUduNv4_s-_pDGEKdjBZWi8OCpz3amL54XS4LvYeoCUC_qRN3bgFeTu0GCIBLp9cwCglJ5waOuV4OTiseYTtBXs8uQVrqw","token_type":"Bearer","expires_in":3600,"scope":"user-read-playback-state user-read-currently-playing user-top-read"}
Spotify response status: 200
Spotify song data: {"is_playing":true,"timestamp":1784233789807,"context":{"external_urls":{"spotify":"https://open.spotify.com/playlist/37i9dQZF1F5p3rmiWPIYgZ"},"href":"https://api.spotify.com/v1/playlists/37i9dQZF1F5p...
Token response: {"access_token":"BQB_KAmocymEtrDTLcaPrjOXjmu4pj3l8TR7G0yGN7-P2hKi6RgDkvz37PONZ7kcwguO6Xe0Mwidgys-oDCfaMTwsWLEcENp7oQsmmjGFXKSLie0UC1YqDVwQa-OndAHkC6ZzpMX_VQpICrR0NYA6EyUN9HuHgb8gak-GntTptvOkogkYT08PNEwRqate7lAG_MhrqAp7sg4DbXyRB-_b_LbgyiiZ_lr94os9ffrcCLiQtGdu0uWFAlFjGZUjcWVJTyg6A","token_type":"Bearer","expires_in":3600,"scope":"user-read-playback-state user-read-currently-playing user-top-read"}
Spotify response status: 200
Spotify song data: {"is_playing":true,"timestamp":1784233789807,"context":{"external_urls":{"spotify":"https://open.spotify.com/playlist/37i9dQZF1F5p3rmiWPIYgZ"},"href":"https://api.spotify.com/v1/playlists/37i9dQZF1F5p...
Token response: {"access_token":"BQDEyMo-7pdxZsq0KoDQm58KhQ_Jh30rpzIehcm--LU7oo7eHNqJLMssDVfqhJG7HD3OEyQLdC_3Eo0T57g2iEK30uRepJZygNtQE9_IrZhvOcSQIu2ZzIp4tT2dHt-vHdalSdlgW4ngc9_myARD1nyRMepqC4P1rjqpYqchb1vWnzZl1X-rrMwUHqXTkYZwOw1N28bop3htUGohzB-3yY2q3khSSgg5MDxUji6lU9y5Iaf1PaEUIwr6QLRJueZUfx7NYQ","token_type":"Bearer","expires_in":3600,"scope":"user-read-playback-state user-read-currently-playing user-top-read"}
Spotify response status: 200
Spotify song data: {"is_playing":true,"timestamp":1784233789807,"context":{"external_urls":{"spotify":"https://open.spotify.com/playlist/37i9dQZF1F5p3rmiWPIYgZ"},"href":"https://api.spotify.com/v1/playlists/37i9dQZF1F5p...
Token response: {"access_token":"BQD3t6Hxqfk1ttXyYmt5TmBds7qnjZ52rvnmGR7BZ33lr-iC-CR9kfHn_hBpsGri3IZ7IIOUZuYlpPoFkv8SoINQeFymj0v0DyJdo-vV75XN0pjRjKlg8DFSZmq2VZYY6mse7Vp-uk3upuij_1jBO4_hnlnoz9YtD_0qqxReP-pGBEB7pB1G6U2opJDraTbKKi12k1LUTF8mLpEgrrUhdk88RMcrQx1ZFKF8ALaa21KwxjIO8F8MBPY-TFARSl3iGf4xFA","token_type":"Bearer","expires_in":3600,"scope":"user-read-playback-state user-read-currently-playing user-top-read"}
Spotify response status: 200
Spotify song data: {"is_playing":true,"timestamp":1784233789807,"context":{"external_urls":{"spotify":"https://open.spotify.com/playlist/37i9dQZF1F5p3rmiWPIYgZ"},"href":"https://api.spotify.com/v1/playlists/37i9dQZF1F5p...
Token response: {"access_token":"BQDoFGdO9AUJbbz9ctOOfHmcj0N2Yw7Lj6I38hBS0cFP7Ou-OUsXUyRxLatsXRCU398tDDnz9kh9BS1CllcfudbQPcwSUIBLelI8nQOamUBAMNTdZVWPaSkmDoC94ga9QBaBk9_T5tGpDYmhsKuCHA5Lhb7VwGBmldCMehB0T9K0Rf3R4zVyfL04x73IavEBbkrzWbWwhweaSDZTEPpQXjiVFRfDaDe8X5F_Evd62RA01BrXQ4xe8wLcL36HzxlfsuHdPw","token_type":"Bearer","expires_in":3600,"scope":"user-read-playback-state user-read-currently-playing user-top-read"}
Spotify response status: 200
Spotify song data: {"is_playing":true,"timestamp":1784233789807,"context":{"external_urls":{"spotify":"https://open.spotify.com/playlist/37i9dQZF1F5p3rmiWPIYgZ"},"href":"https://api.spotify.com/v1/playlists/37i9dQZF1F5p...
Token response: {"access_token":"BQA_vY75BgqrRjpOnG4QQVs4b69d9JNjph5nDqpeWpoZxCOlfe4CLiaNprBlndViAlsh7zB-rJkwfq49z7nLGtSO1puQoDuNKr0Q4C8oW7clzWyOFb4yUnBXXOM3ypj3rl5_N1r2k4aXH3K9KUyzIUsnF_Kdtq8wN-Dkbl4k7sB6a5yMRCyjZcUxvGcTAvJFtFffj_j2WCTNZdly7BS1iAXxIDfADHg9ftS05zNi03g4y60_EeZMHxyvWqnLJoJ9iVdDMA","token_type":"Bearer","expires_in":3600,"scope":"user-read-playback-state user-read-currently-playing user-top-read"}
Spotify response status: 200
Spotify song data: {"is_playing":true,"timestamp":1784233789807,"context":{"external_urls":{"spotify":"https://open.spotify.com/playlist/37i9dQZF1F5p3rmiWPIYgZ"},"href":"https://api.spotify.com/v1/playlists/37i9dQZF1F5p...
Token response: {"access_token":"BQD8yB3pBL1pKD6ot7oHBd8exK-S7tQQuY77HlSkpMJSogv4kXeWvK73z5gxHVkr7uNLOC0DHpmuCSYHcJ8AZ_DvI-ndqG5k2TT4UlqTulxdD8nzs9nRSY3EGdMYk_xYT12lOD2TDMdN4WbijaSN5tWeaQbZ69Fbwx47b5VeTxbOVK4iBgHpKyWDi19d2fuQ3N_rTaD0Unsg7SDjd93UEjzwU0FDQJzNrbzibwF4zEND92RG-a8y5dlQCgTDGREysMiJjg","token_type":"Bearer","expires_in":3600,"scope":"user-read-playback-state user-read-currently-playing user-top-read"}
Spotify response status: 200
Spotify song data: {"is_playing":true,"timestamp":1784233789807,"context":{"external_urls":{"spotify":"https://open.spotify.com/playlist/37i9dQZF1F5p3rmiWPIYgZ"},"href":"https://api.spotify.com/v1/playlists/37i9dQZF1F5p...
Token response: {"access_token":"BQAG4Sn3_OpNn9WRA6BiDkeF26DL7DMVYiJbwIUZ_xVmlKXQi2qtChd-1QxpCYdodAiG_VpZdx_XxJCC41Eovfd0k2_nt4WGfGPIKSZa4Nkg0esehz8D8WbG_WPuZEZEv8UKqYlcsjqX0448u_egS0v5PE7nTeI-lSxbgcFPwzlqbvRo2GbJtQ-a965qFlDHdCuIJsInm4uDnFR8kyagQ0UFa76WJk1R7BCB6Rh2inpeNFPAwn88Tt882uRM20nXYCPvGQ","token_type":"Bearer","expires_in":3600,"scope":"user-read-playback-state user-read-currently-playing user-top-read"}
Spotify response status: 200
Spotify song data: {"is_playing":true,"timestamp":1784233789807,"context":{"external_urls":{"spotify":"https://open.spotify.com/playlist/37i9dQZF1F5p3rmiWPIYgZ"},"href":"https://api.spotify.com/v1/playlists/37i9dQZF1F5p...
Token response: {"access_token":"BQD407rNkcVMyKQSs0VNZrBOgH7Tx83Fn3KhK5Wwr53pSnB9yrWaBWzoYKpNayPAkhpflNsUEyiN2rNqU-DBcZ4gOB6UaZ9-GCpJo1qn0Hc7bJphmNNpwGBu4m0j3JSUpqmAeCUZQ5DaPy319chDyPeAPRsUWOZYrnHTy1cZWxLjNkCIoTzW1C_LZtktL0CWPPXCxHMycDG9L4eZBk84UaHPoTsdjr9oGU48lknvqIS3PI3gc36d2P-I1vS5k3ubs9VbsQ","token_type":"Bearer","expires_in":3600,"scope":"user-read-playback-state user-read-currently-playing user-top-read"}
Spotify response status: 200
Spotify song data: {"is_playing":true,"timestamp":1784233789807,"context":{"external_urls":{"spotify":"https://open.spotify.com/playlist/37i9dQZF1F5p3rmiWPIYgZ"},"href":"https://api.spotify.com/v1/playlists/37i9dQZF1F5p...
Token response: {"access_token":"BQBDLeHBc1EvC6_vPJ0YTgeCr9Y8BeJZs0oyB_QOT0xsSJeg1ZQdPWSMQPnnMJUlEvv7vHglXafxNRx5XsiSmaAAI6sPAphRc6mIALIVBkqcZlnnz7agkQh4I0uRIpvRxt-CQ8zQ0Kw_m2qsQNPNEVLXUf9WzmTIBR4Bzbnh_fyyFNnuadR4wfG6xxBDmwvbnIeIlKQIz84gLlddy9leg_LR5ck-kgdzxEhtT8ul1BWKG_MHYYPiFRCIVHivQlFPBIG_ng","token_type":"Bearer","expires_in":3600,"scope":"user-read-playback-state user-read-currently-playing user-top-read"}
Spotify response status: 200
Spotify song data: {"is_playing":true,"timestamp":1784233789807,"context":{"external_urls":{"spotify":"https://open.spotify.com/playlist/37i9dQZF1F5p3rmiWPIYgZ"},"href":"https://api.spotify.com/v1/playlists/37i9dQZF1F5p...
Token response: {"access_token":"BQDPJSIJ9D-FiWza0jAoL4_Wi6tss8SZvPxbzjnh6q-g0obNnTh2ssGwPBRU1o_mTMwYcJBAZKE4jqkn4Gg01x8pxc-1Xtlxx6fVNz4UyT5-gEmO4dWTkYtblkvI0-ooUDeBSI2sb-K_xVWy8doVIIe8OiZqEy0z9oDtHi0Jse-DgnVo4bs9ta-To1oAaCBe6QiR2iKhZPCnnimE_IsOUGF6nSrn1NHhp0QNEXiRgLnEr-wkhZNi3yTeD7F35Kn7hmq1og","token_type":"Bearer","expires_in":3600,"scope":"user-read-playback-state user-read-currently-playing user-top-read"}
Spotify response status: 200
Spotify song data: {"is_playing":true,"timestamp":1784233789807,"context":{"external_urls":{"spotify":"https://open.spotify.com/playlist/37i9dQZF1F5p3rmiWPIYgZ"},"href":"https://api.spotify.com/v1/playlists/37i9dQZF1F5p...
Token response: {"access_token":"BQBGvsfq0LOKbMtyURVUut9-vYCNvvSR0CpgZJUpd7pm7aQ1wFYNvVzqdn-JkheM41kEKHcMpiDwvJKMMKjP0CPvYcMNzY-wezue_60pVNFuS_q0j2jw33asjw3rf9-WJgZReTXD3edKwIvEgaorvZ4NHeQAofXa92rVvt1jfO0a8Jx6SXfk410FJnf75qCnvUtHO6bcNSqYzZ4Mwkq04J55Zkf_4hjzs4QCbxBpsBr4MJwhDZc3hSkcmexY6py-DRoYrw","token_type":"Bearer","expires_in":3600,"scope":"user-read-playback-state user-read-currently-playing user-top-read"}
Spotify response status: 200
Spotify song data: {"is_playing":true,"timestamp":1784233789807,"context":{"external_urls":{"spotify":"https://open.spotify.com/playlist/37i9dQZF1F5p3rmiWPIYgZ"},"href":"https://api.spotify.com/v1/playlists/37i9dQZF1F5p...
Token response: {"access_token":"BQAKEMU5gR8uVoyToqNKBZVuYdTfCeEiAIjjW2XHVyQtm1zPHYgzqHyTidoInheYbYXmttgkmhhjGQRUxchE48t0TqKxoPa8-DxM94GLs6W614n7lCPk5Kd9PNHIWTgRcdQ9UNqvHeEbXnISGvOs-Ft1pBlw-giBRiZFj7GLCx8BAI4JLkF8-TuWaCj-gt_jSgtxuj-s34uBF7kr97N8c_zI_L8nzkl9CjG8Vre6OLzYUnkdvn2YELg3MuMKGeRWG43Nqg","token_type":"Bearer","expires_in":3600,"scope":"user-read-playback-state user-read-currently-playing user-top-read"}
Spotify response status: 200
Spotify song data: {"is_playing":true,"timestamp":1784233792774,"context":{"external_urls":{"spotify":"https://open.spotify.com/playlist/37i9dQZF1F5p3rmiWPIYgZ"},"href":"https://api.spotify.com/v1/playlists/37i9dQZF1F5p...
Token response: {"access_token":"BQCea78zfyTJCPVjPfBrTi7Lg4rWS_ZuvRReCbqaPCsVjMEyjKol-Mu-nW1LPRkzU3_4-s2ZvDFaEruklefHwf1MlF_BloWkTeMvAdKRzXzKwk8CNZmzxCknG6k6niMjeSGgiLS6yr9t5NYdxtq8LpXfzVxGakqyan7tXYSidkptd0X0n6yljQG2m0YV689lZvIWJ_jSbjxV9q5_1NBRln0wGSicoZSRYbIR0s49pfzGN4yFxXh8F1Rx6Gbk3la_GSvxmg","token_type":"Bearer","expires_in":3600,"scope":"user-read-playback-state user-read-currently-playing user-top-read"}
Spotify response status: 200
Spotify song data: {"is_playing":true,"timestamp":1784233792774,"context":{"external_urls":{"spotify":"https://open.spotify.com/playlist/37i9dQZF1F5p3rmiWPIYgZ"},"href":"https://api.spotify.com/v1/playlists/37i9dQZF1F5p...
Token response: {"access_token":"BQCKrA1mIvsR8bGVXHZrvLEf-xZekpwdEbwK2reqvIO2jiVyzhZj36Zm8tVmQrxCjwI7vem6vM0hOysRR_DDRxWL5KIqZXVUqUZi5fmY8Dy1WpmAJ-wM2I0BYwz9pyaIJ364z1D9gMn4XU-N_SGcoC9yMYoigDuvpQttCW-CtMpNzyIlRzV58dFq8N-1b5D_SzQ3p1exTxhVn6rk9PJsEsmoPb0l9Oibe3wUIGuOhwsD6uWGn-DY8BKn9Of0vcEn1B8shw","token_type":"Bearer","expires_in":3600,"scope":"user-read-playback-state user-read-currently-playing user-top-read"}
Spotify response status: 200
Spotify song data: {"is_playing":true,"timestamp":1784233792774,"context":{"external_urls":{"spotify":"https://open.spotify.com/playlist/37i9dQZF1F5p3rmiWPIYgZ"},"href":"https://api.spotify.com/v1/playlists/37i9dQZF1F5p...
Token response: {"access_token":"BQA8Dbn_4TFNKo1jFaNKIGORYQLDyERVasB79LwOHcqt7NkWI-9UYw9JGhXGzg-mJeQilBP3dpMISk5PSfr3RTNHdHRkvFm2pJf1fmSHizij_ez-TYlfHbx1y4Bx8Se0QjSg6Wsy1O01tJ8NzSgHLJ5CodDRbm1iP8yAo2xhyLspX27tPnLkm6Wg6vRG5WAsoO9XP94Z2wryP_95l8jeKTBXrvyehG1gjmN46SJLn5ZbkWk3cb-KrHXxRKdnJyprE0lvyQ","token_type":"Bearer","expires_in":3600,"scope":"user-read-playback-state user-read-currently-playing user-top-read"}
Spotify response status: 200
Spotify song data: {"is_playing":true,"timestamp":1784233792774,"context":{"external_urls":{"spotify":"https://open.spotify.com/playlist/37i9dQZF1F5p3rmiWPIYgZ"},"href":"https://api.spotify.com/v1/playlists/37i9dQZF1F5p...
Token response: {"access_token":"BQAabUjT-nkFCXaJRy5k5kTuh1o_JWodqwLTD8M04k-Iy8sKrGYZaB2owrMhRdCyJ5yOANTRVAu4Iqjnkqb9xWi9iogAoBTBBWHvrMzAxHuo3bIqcgVEAKyiyrW3sIawjvP_nJmlJrsitCGclJwEx97dJST_SXV_IEZ4sP4-f8tg0E6e-WTImClDRuiTxg_WPdyh1BiVXmxaw_DhrKKz3Jti-Yq0JOhs8nLSHao8iI7RgtUmhOdqzkeHpd9Pi4uo-zh3NQ","token_type":"Bearer","expires_in":3600,"scope":"user-read-playback-state user-read-currently-playing user-top-read"}
Spotify response status: 200
Spotify song data: {"is_playing":true,"timestamp":1784233792774,"context":{"external_urls":{"spotify":"https://open.spotify.com/playlist/37i9dQZF1F5p3rmiWPIYgZ"},"href":"https://api.spotify.com/v1/playlists/37i9dQZF1F5p...
Token response: {"access_token":"BQCLT9fl_7GZ5tWtM82mKlD_ypNUZGoeZp0rNhW3xoEEj0Ec9F3Q1aSRes1S1HexMach7YVSPCnKvmnQs19p5cRJaVEu5m2DPqUvd59ZmEbGlaA9YXCx-bp60IhL05d39uv-qJytvVv8IImf9KJqz9CMv84KPZPHDoYzTPU5nVqhlQ923h0vLVHwONc9nS8yktUFrkKNhK_i8p_ErJ8yBhxwLMGepy21UdfpRB6xDY9hIe0Gvvx-2hdBGqiu7igJDqav4A","token_type":"Bearer","expires_in":3600,"scope":"user-read-playback-state user-read-currently-playing user-top-read"}
Spotify response status: 200
Spotify song data: {"is_playing":true,"timestamp":1784233792774,"context":{"external_urls":{"spotify":"https://open.spotify.com/playlist/37i9dQZF1F5p3rmiWPIYgZ"},"href":"https://api.spotify.com/v1/playlists/37i9dQZF1F5p...
Token response: {"access_token":"BQCAi0ZHBd_b2I-n7mIm0tOanIe5aFMJykdZBfTdhfEc1U1xydBM2oJhd5T4470V9jl7BqXB4unzL1E1t4PeUQM5Qre5YbvEu6qqXKJsg9cjey-lV4xVFU8odg073wzlXuQwVeht8-HyjuRGC58MZhHh3NMaRm8mQutYrMmyN_-u7HjKFAStMeM7_IjGJQJFxi2SumvTXrtgmOzx11SsVi-Z6B7TWEupWoEhpOcfELZKbB4LmJMst8bUCsTO1zcUdzTIrQ","token_type":"Bearer","expires_in":3600,"scope":"user-read-playback-state user-read-currently-playing user-top-read"}
Spotify response status: 200
Spotify song data: {"is_playing":true,"timestamp":1784233792774,"context":{"external_urls":{"spotify":"https://open.spotify.com/playlist/37i9dQZF1F5p3rmiWPIYgZ"},"href":"https://api.spotify.com/v1/playlists/37i9dQZF1F5p...
Token response: {"access_token":"BQCKmoWx_HtOPNa_gBJWpLOiSPlRO_Km0kzCAnPWI9Ux84DjA6gUK9pmjv7Td1gF0S3VKr0EY_YfPkTh4A_8DPnNk78HRgXB-VrrgMpJvKBUXcrY8HSurAQ_R_7Ddd8kp8Xq4QDSc_-wLZ7WtePK2mUl1t4lBnIahavrNmr-6DOqsT3nmDwWzki0Qn7wGYUZ1GG2HbulH4pQHqO4NZfHKLzgJWC8pNlnybupG7OiYIf2P_FUjvAdA2KE5D27YRHi4Zx9ZQ","token_type":"Bearer","expires_in":3600,"scope":"user-read-playback-state user-read-currently-playing user-top-read"}
Spotify response status: 200
Spotify song data: {"is_playing":true,"timestamp":1784233792774,"context":{"external_urls":{"spotify":"https://open.spotify.com/playlist/37i9dQZF1F5p3rmiWPIYgZ"},"href":"https://api.spotify.com/v1/playlists/37i9dQZF1F5p...
Token response: {"access_token":"BQCS1fkXRIXKvvUfllLuMgWBQu5lwr26Jaqk4K7017AUYOJzgeU7_MGFNs98dr2xdD7YGMeoypKlME6yAY9Wac0h6aEUbydKXmY_gKmLUF50A4yKpxlXyWH3IDujliTEtj7vqAuBnqYkAl1CbY44c8GRqpU7cPmS-_FpsRVSZMAeFF8vjDLIvhsYL2VAKvW4wxemDF_D3gdhkkZP8NNoUMdEC9ydBiXNhAzhNjVRZpnD17kw0A7x-6k-IryieWZF0HYM9Q","token_type":"Bearer","expires_in":3600,"scope":"user-read-playback-state user-read-currently-playing user-top-read"}
Spotify response status: 200
Spotify song data: {"is_playing":true,"timestamp":1784233792774,"context":{"external_urls":{"spotify":"https://open.spotify.com/playlist/37i9dQZF1F5p3rmiWPIYgZ"},"href":"https://api.spotify.com/v1/playlists/37i9dQZF1F5p...
Token response: {"access_token":"BQAtotKJvCW7CH7SR3oYU-6KBmCC-5AD_gLZpPljwbbqBFb1Kd0Af1KHBjR4s4MqMy8qgaQj4QYP9mQDaQMNjhrvRIiUg1WO4ex2S1Qr6Sl2gvXP6VmDCeTZmaXiYDplm2qR0lkCJ5HXlUNBGiQ_lK1MCiQsSGysyvwwfHH1zJFXKMN_jXiOdXYcIsnfOEdutJnMnKzbb9i1T1oz2aDsUnL1AIR2Jf8g0fswtZmvgCfdvvAbz-m13AqxRbJ3OqJMMZUhhg","token_type":"Bearer","expires_in":3600,"scope":"user-read-playback-state user-read-currently-playing user-top-read"}
Spotify response status: 200
Spotify song data: {"is_playing":true,"timestamp":1784233792774,"context":{"external_urls":{"spotify":"https://open.spotify.com/playlist/37i9dQZF1F5p3rmiWPIYgZ"},"href":"https://api.spotify.com/v1/playlists/37i9dQZF1F5p...
Token response: {"access_token":"BQD2X2PMbbahGM_KAUvEFGXC_ddL9T5bzvqDmdZv5XoC5GLJGlmPljioCPtu3p7rk20BBsg82zBrfBRbipjtGhGzuE7qcD1FB7Lqhv5utdWrxqgyPsisllpdcZgZDr_V3iOIXLa4QP5Yvt9b3mJ3o6IXeX5cMyO2PB7hRFUpH3ObMD41pbW08T5jjzm1r4OEGtbJ3F3weQnWN5503xRojr0vDXcJ3a3Dh-EDDsod8FzS_3kv59y0v5RuCeZ31y9R-Rumqg","token_type":"Bearer","expires_in":3600,"scope":"user-read-playback-state user-read-currently-playing user-top-read"}
Spotify response status: 200
Spotify song data: {"is_playing":true,"timestamp":1784233792774,"context":{"external_urls":{"spotify":"https://open.spotify.com/playlist/37i9dQZF1F5p3rmiWPIYgZ"},"href":"https://api.spotify.com/v1/playlists/37i9dQZF1F5p...
Token response: {"access_token":"BQDhjj2NEQTDkrXvffTtuxGcCWtbZPrxq44Q9vap8HFmJjcTuOX8iS8HWAo8_bkYhGRT4gXql2hHgObuxOf37tr_3iwVD2z7ufAc5q9qSZGy1HzMvUGPeDAFHsthesAMl9aIrO4QsPHmzcVb6xJyW-IIeH4Q5NkxZxbTSNInF-NabNn-tbITjUn874AWlxWHwY3f5kLw4rbVIQrl5v78TCXVYS20waK9q0F_c5YalMD3aItJSM4vhNBg4IIssOVRiYYASA","token_type":"Bearer","expires_in":3600,"scope":"user-read-playback-state user-read-currently-playing user-top-read"}
Spotify response status: 200
Spotify song data: {"is_playing":true,"timestamp":1784233792774,"context":{"external_urls":{"spotify":"https://open.spotify.com/playlist/37i9dQZF1F5p3rmiWPIYgZ"},"href":"https://api.spotify.com/v1/playlists/37i9dQZF1F5p...
Token response: {"access_token":"BQDH9FPr5Cu3BLDSRoX20jXvVZzo01mfrKH11Q9u5xq5iospvxmxr-EYQ8y_6vw_aYMGy8Bc4QM2_Qx5OiQdpLefAXpDzSvOTwhuGaNiWbO8TFxPZSZYw7fko6s6YPt0ORCEXJMoxNN8ToOTMJ7d1TWFkut7WlYl53WTXmA7HPKFUT6HTBVR6QdXXCFIFvrYSKZZxaHOsdVlstN_UFa5zlkLutUv7b-faW4JmImi5-a0-_4muZTpuDLLnbb5G50sZTZeag","token_type":"Bearer","expires_in":3600,"scope":"user-read-playback-state user-read-currently-playing user-top-read"}
Spotify response status: 200
Spotify song data: {"is_playing":true,"timestamp":1784233792774,"context":{"external_urls":{"spotify":"https://open.spotify.com/playlist/37i9dQZF1F5p3rmiWPIYgZ"},"href":"https://api.spotify.com/v1/playlists/37i9dQZF1F5p...
Token response: {"access_token":"BQBybO1kp3BK8fljoq7uGpmO0iWeaG4-4K7iRMOSZsRSROUuCVI-ujKHnMPuKbohuzLLkAlEcmAYz73OzrZd-nRKrny8v--4cozudNR2OZkRbRgekOwYZDUDGqJjVWHxbv29r9M-7ju0TfTZvoCG3TJGwIqSHbzBARmsJqvKL3cHboqF9ae-ghv82hYfSJ8xqPUwajK1o1CsLpWcKZEbc0x3Qi7nfgvnr0GYc6-bZRmQMhedqRj3oFDFcW65O9ddxCv_uw","token_type":"Bearer","expires_in":3600,"scope":"user-read-playback-state user-read-currently-playing user-top-read"}
Spotify response status: 200
Spotify song data: {"is_playing":true,"timestamp":1784233792774,"context":{"external_urls":{"spotify":"https://open.spotify.com/playlist/37i9dQZF1F5p3rmiWPIYgZ"},"href":"https://api.spotify.com/v1/playlists/37i9dQZF1F5p...
Token response: {"access_token":"BQASTVsK_Rs8TOa8iZQAt1EDFrfLO8u_3dv1M47Zjrr6h6uF9OxawDj1nCsifoj7hz0PMbw8uh0xuzSUDR0Jg7MSGdP-bjahNksBRTa-aXcB9JHgBFucj25HB9favZlTZI6ofq3ZMXI5rxFMz4ePRi2GhRqtuqbq5gfVmWT_a_yzVM1Birz9xBmPgcaW2h9SAY1dld_q1j_33NZpaFJQUkoJMhNg2Rp6wzlIlm9HaErWj9cfyPgCQe0iwBEIJvuqFm58oA","token_type":"Bearer","expires_in":3600,"scope":"user-read-playback-state user-read-currently-playing user-top-read"}
Spotify response status: 200
Spotify song data: {"is_playing":true,"timestamp":1784233792774,"context":{"external_urls":{"spotify":"https://open.spotify.com/playlist/37i9dQZF1F5p3rmiWPIYgZ"},"href":"https://api.spotify.com/v1/playlists/37i9dQZF1F5p...
Token response: {"access_token":"BQC3kyxRgv5h5uPspZmw2W5Ue5XzMgeeOV369ceTBbV5MkIEB5Kbn5lz8Asd4oBGmv2O6apoMcQ_HxZdGG7pFM5ayEB0A05PXY__WrTZzmQaJSJd2NDp5dCkCJnBl0zLMj6qvx6rxKDZhyxseLXAZ29kfMm0zFMvovpz6MOv5196lF5Ai0QyFVK9_zJlvS7xzO-W_dfWi-IGmEHqWEYxngpZOyicHvqA9S-_rqa0Mb74pq-19Hd8jSzbfc8IiNolGW11eA","token_type":"Bearer","expires_in":3600,"scope":"user-read-playback-state user-read-currently-playing user-top-read"}
Spotify response status: 200
Spotify song data: {"is_playing":true,"timestamp":1784233792774,"context":{"external_urls":{"spotify":"https://open.spotify.com/playlist/37i9dQZF1F5p3rmiWPIYgZ"},"href":"https://api.spotify.com/v1/playlists/37i9dQZF1F5p...
Token response: {"access_token":"BQBtwme0NGlpwcy1Pcs8yG0_Lo5oZ488MWAR3U8qqo-aXGumuJabV0Uhdea24zWBJeGbElPirzv98gHl3LFsXTCWlDqy_HqwpspUKXgll9BjUUlx2iynz3pB6gyCEWuSM_sXyDwQ7xCDjXa0n8SW-fHokSxmuDdkO9Y-ncH8OO_cQDpyFg0n5BdURae8P6QDioEchEFbJir8Cwst6hd0bgflO7hwvdFHkCHhe1ZgKKEeVnOHXrSOrvaGRErwdPR2ZFSSoA","token_type":"Bearer","expires_in":3600,"scope":"user-read-playback-state user-read-currently-playing user-top-read"}
Spotify response status: 200
Spotify song data: {"is_playing":true,"timestamp":1784233792774,"context":{"external_urls":{"spotify":"https://open.spotify.com/playlist/37i9dQZF1F5p3rmiWPIYgZ"},"href":"https://api.spotify.com/v1/playlists/37i9dQZF1F5p...
Token response: {"access_token":"BQCwa-BZa3Ld7iuagjJNZm66BUICch0LIOj1v6EKdXpKuHvikGaMq4P6pl1G4xCMF2TX-1p7Uy8fciXqqLpOGeQPZwyS4YzDsZrnFmDQsjJ28IvY0QnoCjJB31SjqX6DSL5AwkI8QA70NSu8eLkIXKLCx2vUc7V9bq1zPsfgmSUlZ4ydEioNFx7sy1A-D4UGU-R5b7ltxtaD-W9g5WKgpqLRrCxZ_tbWk4jaw-QdhTMxiCsc9amOSDAO1RKl93b6rheuBw","token_type":"Bearer","expires_in":3600,"scope":"user-read-playback-state user-read-currently-playing user-top-read"}
Spotify response status: 200
Spotify song data: {"is_playing":true,"timestamp":1784233792774,"context":{"external_urls":{"spotify":"https://open.spotify.com/playlist/37i9dQZF1F5p3rmiWPIYgZ"},"href":"https://api.spotify.com/v1/playlists/37i9dQZF1F5p...
Token response: {"access_token":"BQAbBjAmjK_5CfXK-dydGIJTBg1bR5qtZSachfskTd6gUdnA2geno23bw8pFEktftWuiOQZWoN004dqs1Yiin5a9S-c4avvY8ze-cXUGSbFXNNGL71GedTIeHnqrJ1N1nXA2Wv3yUDRY4pZ9ZeEoRZmpxus1-7MfIlBbdQDicj4K497ewTMNCzoNOC4pNuR4pxEUBG5hCaFmy82ARMeVleCnmIM7-0bUYHQsBXxJHwGZutqK2Eg7QKuUHGX-1pz6xjnTTg","token_type":"Bearer","expires_in":3600,"scope":"user-read-playback-state user-read-currently-playing user-top-read"}
Spotify response status: 200
Spotify song data: {"is_playing":true,"timestamp":1784233792774,"context":{"external_urls":{"spotify":"https://open.spotify.com/playlist/37i9dQZF1F5p3rmiWPIYgZ"},"href":"https://api.spotify.com/v1/playlists/37i9dQZF1F5p...
Token response: {"access_token":"BQBDOMhXSYP2qRuNV7sb3UpNIXx0EWmNUCNeqDYH2nLaiI1r3KF_ChXdUCyP7xHO3p5mphiRtU2hjPl4TDBo-TPcHpKE2gOlEQBzItVgsDQ2gpnssQGbOr78XeVTbq6VTc629qetTFdJgsoU6_yate8hj7MTjV_mC3sn74Z40rkDVKbwfJ9qq12I8MOKtZQSZ5TTVLB5EsZMU6XTiecXDhOAxjQC6ZEjLeh-MSXjmi6-dqVUpet3JauVnVLzUDaZrC1AQA","token_type":"Bearer","expires_in":3600,"scope":"user-read-playback-state user-read-currently-playing user-top-read"}
Spotify response status: 200
Spotify song data: {"is_playing":true,"timestamp":1784233792774,"context":{"external_urls":{"spotify":"https://open.spotify.com/playlist/37i9dQZF1F5p3rmiWPIYgZ"},"href":"https://api.spotify.com/v1/playlists/37i9dQZF1F5p...
Token response: {"access_token":"BQDpXcPuqdLrDfQW1VtvwsWBjuU4TlTOmYeE3BiWxoA_8OkNmhF2cLp5no9ylvLTV1pAkR9CQZvRO1mn8BvycK5oECvg5tz_3JzzjhkQ9Lkx1I96epAs3cytujWPAAZ45eesY0IpjON23LcjIfMvWeiCE4rOLNFtJL_mrrVdLII7V487ERPbLKPDEDR5NBNxFajPhTGJsCxwsU36r4jJQq1QD7BKdJuoy9AxNxdC3uv0sh0HpE2penHUF3oRXi530WK_cw","token_type":"Bearer","expires_in":3600,"scope":"user-read-playback-state user-read-currently-playing user-top-read"}
Spotify response status: 200
Spotify song data: {"is_playing":true,"timestamp":1784233792774,"context":{"external_urls":{"spotify":"https://open.spotify.com/playlist/37i9dQZF1F5p3rmiWPIYgZ"},"href":"https://api.spotify.com/v1/playlists/37i9dQZF1F5p...
Token response: {"access_token":"BQC4C8c6B_WBJalaQlUJhqksm9Hn-1Su0G2EoDfFKNTRbMcRxgWayIKtUEUHxeHSICQ8cYTPCtgjA6cDezOlGHdecRVGYm3ZFC0b2L3hP5WNHuequIKgWMQc0NXITj9_jqiuseR3M-XY8CylxShKPht1ZHgX8S4fDJPfXse_GVwRvqmNvSulWJ6YFi2N43Cd-1G3oUQmyzTsMyToIeuCYoD-3pAul07R1H8J50ifYHsIWS4X7Tlgq2B1skiZVuZUhDC2bQ","token_type":"Bearer","expires_in":3600,"scope":"user-read-playback-state user-read-currently-playing user-top-read"}
Spotify response status: 200
Spotify song data: {"is_playing":true,"timestamp":1784233792774,"context":{"external_urls":{"spotify":"https://open.spotify.com/playlist/37i9dQZF1F5p3rmiWPIYgZ"},"href":"https://api.spotify.com/v1/playlists/37i9dQZF1F5p...
Token response: {"access_token":"BQD6MTWVtR0XPyrRN6bC9Wn27kSj1LCqPQXcRWqRqfheov0bOIO_tWmIMflyAysMl1WzHWIpg3itVo3bIaqbJD-JxT0ly7lly0MqJAnDivUNsJprcyXVMcASSSsLhQgtPYhege-825FqeHu5bVPyq344TH7-ZeoT5CR__a52lFrWai5L4lDvSXz_ZzM7g9AO2xa4eVn4sqVRi-MCqK_TibcpBbNNGwfsZm0t1oIKNXFD-10fw8Aa2MkjpKszPnp_72Dg9A","token_type":"Bearer","expires_in":3600,"scope":"user-read-playback-state user-read-currently-playing user-top-read"}
Spotify response status: 200
Spotify song data: {"is_playing":true,"timestamp":1784233792774,"context":{"external_urls":{"spotify":"https://open.spotify.com/playlist/37i9dQZF1F5p3rmiWPIYgZ"},"href":"https://api.spotify.com/v1/playlists/37i9dQZF1F5p...
Token response: {"access_token":"BQD11ROKVsYlCMIAB5FSjfDXDlYsMQ2C0KqSMIdigurR7iJToiJYHmomUsgkV-vHzWqbQDznRZERb33_2v-g5u3DeKSCZWhY9Einq_o0HgQvEGWu5fCCUZRzVvY7GFmIrTLyxPF45e8sgCCbhrm0KRKPJJNip_vj1iJZzD3GMkvxKEgqD2Q-OSTKK8i5sk3jgT9k13kCKwfiTLYie2HwfxQszVNI0R3O_jyLPFJ8S14eBrK6kQ0od6Yu5uYR7odN7faq7A","token_type":"Bearer","expires_in":3600,"scope":"user-read-playback-state user-read-currently-playing user-top-read"}
Spotify response status: 200
Spotify song data: {"is_playing":true,"timestamp":1784233792774,"context":{"external_urls":{"spotify":"https://open.spotify.com/playlist/37i9dQZF1F5p3rmiWPIYgZ"},"href":"https://api.spotify.com/v1/playlists/37i9dQZF1F5p...
Token response: {"access_token":"BQCFOelEp8Quarxi5qYRcaMtMSI6SWmpnY8M90uhM9OdQaXKmMCmZXuDYf_6ezZlanuZMNJ3cwXSabVvA0XTW1GH58429tYCF4UNhvTCEWDKlj7SHmuY0YoEMdpNl5erUik5JRb4iR1WndIoh1IgtZCfj1I94XoIN2j3zLmmagbojNWpyd4Dw5X9nYVuGliiHC0Z38rAJ0WI-lM8TPKUCnkC0SkA1vKTrVf5nx9CQbZQkneeEUr3kmOco32Ueo_KwyKPtA","token_type":"Bearer","expires_in":3600,"scope":"user-read-playback-state user-read-currently-playing user-top-read"}
Spotify response status: 200
Spotify song data: {"is_playing":true,"timestamp":1784233792774,"context":{"external_urls":{"spotify":"https://open.spotify.com/playlist/37i9dQZF1F5p3rmiWPIYgZ"},"href":"https://api.spotify.com/v1/playlists/37i9dQZF1F5p...
Token response: {"access_token":"BQB828gymP90bIxIpF3PSHtT03hBzDXwKTp6n9hMPNGzQNCglYh_6gQjdV7qEsyfTTkfGMdLoa-wKQ0guVtxy0Q0z8lNMKfxkGIstqVYyvlIlc6MnkI_u6wqoZl8CNaGtXLp0d31p-esw3IaKHIIW2j9z8a7su9W4drAQzJ24T7thyOmB0yg3PYJHzd3suHpqmRb8OtJKMxxPpGlSJ-CpHcots8dZZ5QGQB_QWe7eEjNCETL5QfxKxSODgQSxRjJSUPhSQ","token_type":"Bearer","expires_in":3600,"scope":"user-read-playback-state user-read-currently-playing user-top-read"}
Spotify response status: 200
Spotify song data: {"is_playing":true,"timestamp":1784233792774,"context":{"external_urls":{"spotify":"https://open.spotify.com/playlist/37i9dQZF1F5p3rmiWPIYgZ"},"href":"https://api.spotify.com/v1/playlists/37i9dQZF1F5p...
Token response: {"access_token":"BQAXcMFj4R214TSGDRzZ0lDMY5xGZE8NHnV-LoLHt8pNGtpVF9j1c7I09MvTeFi0L11zj9tSp4iGB-9kdEQQodMDdOI4hTa5rCjh9DI5i36KKvADydM10My8z3hm4CErMlzUyn7ypv4y1ZDZQ-Me4z2AhL6QYWTRQ-DH99TYH52Xv6PBCAfq6RY7abgAFKfV84QvPIWFCp6vZuD0_Da0DNQKl9ic1WDEOHBANnVpSpn8Pxr-z2t2hXjc7LT0XE40aBU_rw","token_type":"Bearer","expires_in":3600,"scope":"user-read-playback-state user-read-currently-playing user-top-read"}
Spotify response status: 200
Spotify song data: {"is_playing":true,"timestamp":1784233792774,"context":{"external_urls":{"spotify":"https://open.spotify.com/playlist/37i9dQZF1F5p3rmiWPIYgZ"},"href":"https://api.spotify.com/v1/playlists/37i9dQZF1F5p...
Token response: {"access_token":"BQCkUBAu177KuAOegH2KtjAh8wJ-2VQrQh5yqLxDBFRZ_ml4h9nkGFo--0Z5UnduRIGEhLDX8NC3HOODMIkJEp88zJW2cfl3dKjU4Y2StaEIwCtMVco31uxbM6Hol4wKvADBh69GmtmP2I1rA9Ve4hIcKFjDrMUE4BZhxn6w18KI17oQeJ0WBS1mLoCltDCndP9C9dEE1S3jGbclvJhZKutueKIEL99BAqT68qXRYtpCtEsGmf8EISm1sGoOHS2QjL79ZA","token_type":"Bearer","expires_in":3600,"scope":"user-read-playback-state user-read-currently-playing user-top-read"}
Spotify response status: 200
Spotify song data: {"is_playing":true,"timestamp":1784234308799,"context":{"external_urls":{"spotify":"https://open.spotify.com/playlist/37i9dQZF1F5p3rmiWPIYgZ"},"href":"https://api.spotify.com/v1/playlists/37i9dQZF1F5p...
Token response: {"access_token":"BQBy9fg2STj93Y8gLausH7XJ0VMTfMF6ro5DssrmqKbtWyp9l6OcL_k2El-Fnp8J88ejPH6u-x2eemlo9j_1Xh4xJbyHSQS47q7nlsDbg436L5DCChHluILQ7g1PCnliH-_4qEbbyMAgooGj0c8jLMdkSljDKsB4Z5gywDndbZ1M4rWIKf3CPFtpaBIjGRN4MiyUx-jXrnNqGNqNy9Ivrfz2ywLMC_Twa-ZQNyVKQbOzAE1B16rJXpjwuNPXuMkurWRSSw","token_type":"Bearer","expires_in":3600,"scope":"user-read-playback-state user-read-currently-playing user-top-read"}
Spotify response status: 200
Spotify song data: {"is_playing":true,"timestamp":1784234308799,"context":{"external_urls":{"spotify":"https://open.spotify.com/playlist/37i9dQZF1F5p3rmiWPIYgZ"},"href":"https://api.spotify.com/v1/playlists/37i9dQZF1F5p...
Token response: {"access_token":"BQAzyBgmGk2lzocgn26ykh4UkK-_Yp6XHJFgGA8vXH_V5M4ggSTC5EEC3OTDoeWHgMdvN8TIqHOFMgn84NlM9gMLBpXmic0ED0t8lHIfVBNfd5K48CyFKCDKKvp0c4VnngJyyhzqfViqs0g7-1Wb6Uv6xfzaNsRy1kOIh1HNn5x-u34vqNxcAM50_9v8PYMkN8vNR5hmFxY8z_rYVHNlrMK4qZg9njXRV9U4oz6C4EqHwOW-YG_k29KeXFdAeBNxTaVysQ","token_type":"Bearer","expires_in":3600,"scope":"user-read-playback-state user-read-currently-playing user-top-read"}
Spotify response status: 200
Spotify song data: {"is_playing":true,"timestamp":1784234308799,"context":{"external_urls":{"spotify":"https://open.spotify.com/playlist/37i9dQZF1F5p3rmiWPIYgZ"},"href":"https://api.spotify.com/v1/playlists/37i9dQZF1F5p...
Token response: {"access_token":"BQDnTU9QLSmERFpSnpwsbmAzo-8ThEuTP5jz7enWn8cjhFfYayh-C7kRq4TGuydgPZ3LZfm5Ni16FC6cfM0mGHfVFaI4g8HqD6lJ0ElpUATocH0pFej71MXQDR5b4ABd_Y0S04CcQdmR7ikdCm0LqxntyvZzguXpPiOos61Y6ne_mzo_8zQKuOSjSI4wFoWtgERCX6Y2RbzoXhpnAkaQPqHm2iJWPUAnm0FvJayYPFemBkpR_rvYMxtY_GSseD7v5KCVew","token_type":"Bearer","expires_in":3600,"scope":"user-read-playback-state user-read-currently-playing user-top-read"}
Spotify response status: 200
Spotify song data: {"is_playing":true,"timestamp":1784234308799,"context":{"external_urls":{"spotify":"https://open.spotify.com/playlist/37i9dQZF1F5p3rmiWPIYgZ"},"href":"https://api.spotify.com/v1/playlists/37i9dQZF1F5p...
Token response: {"access_token":"BQAcdyUSp-AZyHQ-zMd4pwc9miMH4MyD9LUVFwTfRN47ejIaMYO1D9Bs0C7zlg9BjJvDLt9i8g06OkInZjZYiYyzrVDdQG5gy9aYsyxsPjl3LFqsUB374vCVmfQBHl1wcjYqPLVvfBUnzWkpwZv1v_OjsZ9CPZX5b52mDf4Q2D_96UcMn-TJ8nv2VWIBft8kb-q2rD5WbiYqmRHlT_LypEhchtVwML8YzhUTPRk5XVU3a3Yw6VkvhYVqEBEiUNEyUc2iPw","token_type":"Bearer","expires_in":3600,"scope":"user-read-playback-state user-read-currently-playing user-top-read"}
Spotify response status: 200
Spotify song data: {"is_playing":true,"timestamp":1784234308799,"context":{"external_urls":{"spotify":"https://open.spotify.com/playlist/37i9dQZF1F5p3rmiWPIYgZ"},"href":"https://api.spotify.com/v1/playlists/37i9dQZF1F5p...
Token response: {"access_token":"BQD03-AjzK7A0l4WFcQSc8TX2PFfoD-K0TQGPeB1CrxBKaQlP5eJZHLtdtCYTpzcuD4HG30OYzEM-K7kD3Y4k6bJwfoe6M4NrVLRCFeM-RH3cUNCuxFu8CavDUm2YZvqLhA9Lp1gS6_WiPPldqqkoGCSZdv1nV_mcfo7H2oxzg0x1e63pcp-smr5buaL4S1gUC8SBquE4lM6qFhtd6QLnWXmMBzTOou4Gf8ZvRIpa0Jv8veH31LBh4c6rpNn3CSIiXaPaw","token_type":"Bearer","expires_in":3600,"scope":"user-read-playback-state user-read-currently-playing user-top-read"}
Spotify response status: 200
Spotify song data: {"is_playing":true,"timestamp":1784234308799,"context":{"external_urls":{"spotify":"https://open.spotify.com/playlist/37i9dQZF1F5p3rmiWPIYgZ"},"href":"https://api.spotify.com/v1/playlists/37i9dQZF1F5p...
Token response: {"access_token":"BQCgNaAchqAbg0boSoAzQVEWWKjM8HCcoQuJnL7lVj9KK5i3EayBwiHmCwNMJ2CCWGep6BuL8CF4P7Ht4UtGO8KAJjjHexGQaju7XPOlap0i4q5xGaA9Gi1IvDfqCp2_z3Hinka2DUdjTC_sUNOm248lYHu5rUPVUwT887kgWPSe3Xt4AM3tdkbTFm57mGqws9dLZVSV-xgyOBbQQ-mgiHFnKQrB-qTNh7Fva5cl1sylvsXzMXnRsYS_rcEbTjfuQ8gnxg","token_type":"Bearer","expires_in":3600,"scope":"user-read-playback-state user-read-currently-playing user-top-read"}
Spotify response status: 200
Spotify song data: {"is_playing":false,"timestamp":1784234401573,"context":{"external_urls":{"spotify":"https://open.spotify.com/playlist/37i9dQZF1F5p3rmiWPIYgZ"},"href":"https://api.spotify.com/v1/playlists/37i9dQZF1F5...
Token response: {"access_token":"BQDWX2bg9Pqvskb7Nea2iv5CSryiQPFNUqCQaw3iaOf6FVpWAnIJoIp1kW4JCoPzuxmUwKYDqhT4fRMlOlxGTzbt3mXECL7g2LzKIUE3iZ_EamjXCyU1eafX0M9lJhx53J4YWDcI-hOuqgoTGbQ30zeum_LI6d3JoHKd2VrLRrrfL2DqnaiPF-5iDEo4FYJnKjELD0p-i-z-3uaSAMpoNukpqcNTSNeIquAJBpgy2P7vh3x1l5zTTOBPvA7y-I5faqIVTw","token_type":"Bearer","expires_in":3600,"scope":"user-read-playback-state user-read-currently-playing user-top-read"}
Spotify response status: 200
Spotify song data: {"is_playing":false,"timestamp":1784234401573,"context":{"external_urls":{"spotify":"https://open.spotify.com/playlist/37i9dQZF1F5p3rmiWPIYgZ"},"href":"https://api.spotify.com/v1/playlists/37i9dQZF1F5...
Token response: {"access_token":"BQDub9evuQ-HdSa7Mbdoj-hIX8stltlDHtFRU0ArHnFyyL53L1YAU728ZF4YIXaF0xPcZk-dUUaAGnVZ_WGHf8D3EVhAu1FNPZPhPytuupRCz6gwaKNz5q0lRRdljj4KSF0a1UzzgKDBYsjzhuXmora6LGr6SOSS4cUbKKc2o2unyXO-XJoeG9CV0pwc6DK1HEZ_hVH7A6bVFwtzumjMVPew6msVc4oE92STCJFtgXHR-1b6cxkWUj7Qyn7VKGEpNme3xA","token_type":"Bearer","expires_in":3600,"scope":"user-read-playback-state user-read-currently-playing user-top-read"}
Spotify response status: 200
Spotify song data: {"is_playing":false,"timestamp":1784234401573,"context":{"external_urls":{"spotify":"https://open.spotify.com/playlist/37i9dQZF1F5p3rmiWPIYgZ"},"href":"https://api.spotify.com/v1/playlists/37i9dQZF1F5...
Token response: {"access_token":"BQA-wBAyn50jB0wRC42PW5C4BfIYQ9fOVD1_vDa_kBMhmOEDv9iqcTuWc73oCrGA86mGx8NumbXuE62giwvfxTx5y7O0mmnA4UtfOhIr1k6Zmp3yPmceOQaRpDxUWX--cJdn_SsspPinVPUkG5SD8cp7u2aPdwodD0Tts_sc0xTxj5NrBksx8YbjokIJwXjKhmSsDqWNHZDpe2iDnqLMl1t2HGW7QvSTZJavOeDtcgeL-K6EdzVU6iM38R2M0lcrDfOgeQ","token_type":"Bearer","expires_in":3600,"scope":"user-read-playback-state user-read-currently-playing user-top-read"}
Spotify response status: 200
Spotify song data: {"is_playing":false,"timestamp":1784234401573,"context":{"external_urls":{"spotify":"https://open.spotify.com/playlist/37i9dQZF1F5p3rmiWPIYgZ"},"href":"https://api.spotify.com/v1/playlists/37i9dQZF1F5...
Token response: {"access_token":"BQDXD3lkKGdlaXAL-yfPemjyvAF8SOYHtUxM9mXPjq9hT9m_-bevOLW8FVzYnDAcDLkTjGrEaUW8KV7Yw_rZIPOqnTL9aROB-DWanCXXKxHz_tPSIIuVlQBfTUgvQ87NWdRcyGyEmlwFbMOWtkg6BHZIsMnN4izMCLu-6vBCiojsynUKUGnS4p3EXUvVTMna7sHXHdqE4SFXkBn31ggSytujlOl5za9zuQ8k82MfAiygxwdGzBHVrkVyjcJmXMCW3wnbRw","token_type":"Bearer","expires_in":3600,"scope":"user-read-playback-state user-read-currently-playing user-top-read"}
Spotify response status: 200
Spotify song data: {"is_playing":false,"timestamp":1784234401573,"context":{"external_urls":{"spotify":"https://open.spotify.com/playlist/37i9dQZF1F5p3rmiWPIYgZ"},"href":"https://api.spotify.com/v1/playlists/37i9dQZF1F5...
Token response: {"access_token":"BQBUxv4GpXa2kCsVyva-U1IkqRdDl8xXvgm6cEvWHrJlSopEvl2UlTbPsdh8A-FLTkScbvi6dsoAyokmCO2cVLoNKtsb37ClZ5zlh2DGh8ivu2FCzGZka1dvaWfh_DRnkGxSY5HpZNZqi3zoozSeVfao_rMk7DPGZ1YinAt9bTBWssmAIbAl2GLqD_PfkXEUV_41j1eJ6jMnaLWN4Z_YIDletilN7VbNNG8a9bOHNz6DO_O0TFl878DCQ4e5aVNE6Mn36w","token_type":"Bearer","expires_in":3600,"scope":"user-read-playback-state user-read-currently-playing user-top-read"}
Spotify response status: 200
Spotify song data: {"is_playing":false,"timestamp":1784234401573,"context":{"external_urls":{"spotify":"https://open.spotify.com/playlist/37i9dQZF1F5p3rmiWPIYgZ"},"href":"https://api.spotify.com/v1/playlists/37i9dQZF1F5...
Token response: {"access_token":"BQD_C91DgSuVGcB9fUUUpWkZvJQt-0-fN9x2eZnJZSZZFxRLH_363KU9TyjF7PkIpllZAFyD-S_iLcVUYD8nnF9ky_tZUYrTtyl8k514A18Xy_6qKWqjHFZ50rOwIuXo3Ho6xsVu3InUI6dQ52HAg3kyQvLN6O-7hSW99ML2ciFqiai6V5CK3G4MCWfeOVlpovB78qPK_Te1zkJ66rCj1ukKpIC1U3vN1n7geSEdFYtNi6q-EsrQCLRL3yRu4RDnWPN9Qg","token_type":"Bearer","expires_in":3600,"scope":"user-read-playback-state user-read-currently-playing user-top-read"}
Spotify response status: 200
Spotify song data: {"is_playing":false,"timestamp":1784234401573,"context":{"external_urls":{"spotify":"https://open.spotify.com/playlist/37i9dQZF1F5p3rmiWPIYgZ"},"href":"https://api.spotify.com/v1/playlists/37i9dQZF1F5...
Token response: {"access_token":"BQBOC9YUiEyAia5h6W5x8xF6PLCpD5YoaLFcz9GdKirLdHf3efcyUonnK_meqiKGj5G84jEG3LEumWupspoo5Gan0OVM0dWpRyJVROZeJg8mzWs4p6LEMsDDRE1r_RlbK3Ad3S3AMGpRH2VgrIXw0DklDZj6DvvluFb-9-G2QSnWGPCpmP_GGgVo5QlbuxmFATKcUcGPtcZ1LU1GW3J2cpzQc3lQvqzV_OxKdPRIHSdgaICkG-DE-M0as9MVf9BniNgFNA","token_type":"Bearer","expires_in":3600,"scope":"user-read-playback-state user-read-currently-playing user-top-read"}
Spotify response status: 200
Spotify song data: {"is_playing":false,"timestamp":1784234401573,"context":{"external_urls":{"spotify":"https://open.spotify.com/playlist/37i9dQZF1F5p3rmiWPIYgZ"},"href":"https://api.spotify.com/v1/playlists/37i9dQZF1F5...
Token response: {"access_token":"BQBznokHS34aohg21ihx8rTqF3kJJbuJmW2JEs2NpTqGXCVo6yulDBOhs3DM7OZFGniImn-SyZ9fbEew3UpC66kPrGJaqMjz66s8mNbiKRT8diizOAnWfmp0VlY6toD8BU-K2hIfO4b5jt-OMMxmM5Hbn0BMvfcSLOCCvuYH594ktbIgzmWJBA2JB9BYvPhdqm0kgWgi5o_mf-r30dJsdaoZqQLobiAeZBR2oUanMGDGJZ5jrO1jApD7RdUdPGNocniLAg","token_type":"Bearer","expires_in":3600,"scope":"user-read-playback-state user-read-currently-playing user-top-read"}
Spotify response status: 200
Spotify song data: {"is_playing":false,"timestamp":1784234401573,"context":{"external_urls":{"spotify":"https://open.spotify.com/playlist/37i9dQZF1F5p3rmiWPIYgZ"},"href":"https://api.spotify.com/v1/playlists/37i9dQZF1F5...
Token response: {"access_token":"BQA7az9AHYcVvRVXxZ384Gj7Xjhcm9AjvIvib5NVQwbCzPmptwD_n77WSOXIWtaEJFVJexjDuxBPrlakEKqsK9_0pYX4S2EUsZExp61zFPFhKpM4i3HR01uhkmboxpyxAZWLgivrI3IZ8gNcQIHyGfB8YHocSgPPRRZecgHs2gL3Fo8qpAJrUTXes4--oki15FxYrqGDfqHPq0Gf5DDL4oa96RjLWkBN7FOoeBpPlX-U3YArEpnPLy0l-ZdX6zksNV5vjA","token_type":"Bearer","expires_in":3600,"scope":"user-read-playback-state user-read-currently-playing user-top-read"}
Spotify response status: 200
Spotify song data: {"is_playing":false,"timestamp":1784234401573,"context":{"external_urls":{"spotify":"https://open.spotify.com/playlist/37i9dQZF1F5p3rmiWPIYgZ"},"href":"https://api.spotify.com/v1/playlists/37i9dQZF1F5...
Token response: {"access_token":"BQDG45xMaumLQXXouwBtiaaeyM0xaW4SrYYATkIyGubkSzPWpNskOZ-7KSwblNdq2zrhU5OXQbC_Tij8j4jXlFV9Jf-WkPWAkpgHpwuu9W3A2nyJrTSVP9njgfmEnyVLslZtDKVudAQx26Y2YkmzbC5WsIoWuNGHsZmI1n2C6veo_NtYLycz3vZcxQ_oao13VzYMtr9jAT3-3ZpJ6Gum-MFuvBsSekzVcmdwTs79wchN9P4i9Cig1uauuiX0yIeJLgu4Dw","token_type":"Bearer","expires_in":3600,"scope":"user-read-playback-state user-read-currently-playing user-top-read"}
Spotify response status: 200
Spotify song data: {"is_playing":true,"timestamp":1784240820283,"context":{"external_urls":{"spotify":"https://open.spotify.com/playlist/37i9dQZF1F5p3rmiWPIYgZ"},"href":"https://api.spotify.com/v1/playlists/37i9dQZF1F5p...
Token response: {"access_token":"BQAhBVcG67ng13_uh0oxUQjH7i_bhWbKBHPBYmqfguIs9m40R0LrTbP3g2NzGt6TkflKS-e5mvQf0nk2fiZW8qc5da3KGGOCbJDwiBJCn_VF6_FlBouGniC8lTus1GOaqP5fKaVsCDdrHSjzs4e9P_VW5C6NpH6EO8LRwja9oh8ti6P37-FxsJmrpqoIofsBWsx5FA2APNtv3FjFVJbFNS609GHV5fNyeuHbRJPdunNfCUf2YDOugtFPvkpVAATHB_EhtA","token_type":"Bearer","expires_in":3600,"scope":"user-read-playback-state user-read-currently-playing user-top-read"}
Spotify response status: 200
Spotify song data: {"is_playing":true,"timestamp":1784240820283,"context":{"external_urls":{"spotify":"https://open.spotify.com/playlist/37i9dQZF1F5p3rmiWPIYgZ"},"href":"https://api.spotify.com/v1/playlists/37i9dQZF1F5p...
Token response: {"access_token":"BQAvG_LMlHLepUSqGwlibjI44oDX33SSu-0WksPoxAdVFKnSr6OsQ3IGGeZ7BE36fp39aIKWBBbpSSEE2tj7hm6i9woq1wjD-J2aEszht4v8ieAMR8xJJnmZM9tjnUNTDHLOXh5l2C2duDcrcl9Gc-102C1jECXdu-w5l5GJ8UnlQ0hu2BEwksTzm5mN8tTLP0Lx4gnI_EV57km8rKIs3bnueDX8q2HndkuTBFhbWiJTUWfZnzSg_I-NyeeeWZ_Q-zNNnA","token_type":"Bearer","expires_in":3600,"scope":"user-read-playback-state user-read-currently-playing user-top-read"}
Spotify response status: 200
Spotify song data: {"is_playing":true,"timestamp":1784240820283,"context":{"external_urls":{"spotify":"https://open.spotify.com/playlist/37i9dQZF1F5p3rmiWPIYgZ"},"href":"https://api.spotify.com/v1/playlists/37i9dQZF1F5p...
Token response: {"access_token":"BQBIAwHnJu3NHUYc_ygF5lVoNfiMnRsN5IPj18jgJFoKH4qQUGORADmq2uytL5aymbBZpffnNe4xIsfIUkx7YtJ6tZANczMIN-UJKb0eM4bueskFjcp2DDzy6Q54Z-DfVTvhp1m2gNb5yg4GaGZ-xyGmTpDJBUJbNk8afVQgc8qju67sPdCJF1FPqMx0IL5kR8ItyrfgM8kv9uzyZ5j2zetWHy2Oneq_j_A57KzI5ETUwLP6qZas7VfJDc8QgvmGhTSbOQ","token_type":"Bearer","expires_in":3600,"scope":"user-read-playback-state user-read-currently-playing user-top-read"}
Spotify response status: 200
Spotify song data: {"is_playing":true,"timestamp":1784240820283,"context":{"external_urls":{"spotify":"https://open.spotify.com/playlist/37i9dQZF1F5p3rmiWPIYgZ"},"href":"https://api.spotify.com/v1/playlists/37i9dQZF1F5p...
Token response: {"access_token":"BQDNjbF5tGsmAtZm-XpkEiTUzfSQ3RqJbTYLfG-qOsr-D01ltDYaY2G0v6RJUxZNz9PT5igAqn8rVNd5SoU9G3hsA1DpGjmrjAJUjS4JUuoWO5VhxXw32M1uaGgIWAKAc3JkXpwFAIJ6mOkj-xSqiNvxV5R94v4fd1g8YPUN5mxfPOnGShgQ0GP7LsOe5WaRyiPtXHwxcQ6GtlpUJccXvvVpeuJvFhrZVvPZG7v9OL2TQfZG7_677550DtLC26cJIVnaKQ","token_type":"Bearer","expires_in":3600,"scope":"user-read-playback-state user-read-currently-playing user-top-read"}
Spotify response status: 200
Spotify song data: {"is_playing":true,"timestamp":1784240820283,"context":{"external_urls":{"spotify":"https://open.spotify.com/playlist/37i9dQZF1F5p3rmiWPIYgZ"},"href":"https://api.spotify.com/v1/playlists/37i9dQZF1F5p...
Token response: {"access_token":"BQDgvavvNw7PhFmgLYHq3W644uRwtnmQrnoljbq131EzALU3vxzU0nzriVWE85joxUL-8cvTojbPNq5vYxAxv-q1NrfLx1VEQreh6eKC5DTMwpbpAK8x23oR-_7aYLQLRfiYxTkkVQTINjPxJW-zcmvlnaIBifDB84akxA1xDziPOgXDocZJIZVTlD6Vlh0DoW0O0_5TSAJD1ZOzbbYQTvJaa2KWiE8MBLl-XA8c7WHNb2n7T_LbRFwbmhHQL-8dU7OVBQ","token_type":"Bearer","expires_in":3600,"scope":"user-read-playback-state user-read-currently-playing user-top-read"}
Spotify response status: 200
Spotify song data: {"is_playing":true,"timestamp":1784240820283,"context":{"external_urls":{"spotify":"https://open.spotify.com/playlist/37i9dQZF1F5p3rmiWPIYgZ"},"href":"https://api.spotify.com/v1/playlists/37i9dQZF1F5p...
Token response: {"access_token":"BQBIwMjkjpgAcuHdF2rPRxvuGAY8a6yKJ150nbqecKrorX5g2sxdns4eTn-3Ir86uOBgG9vqeS52fLMwo7M9xzp9OPhYaZJBuSKbog22WwWSjmrFT8LlJCEA-o93ouT6NXWAY0RLYukP6J8UEdGy4PS3S9sdBYIsm1_W0gBvkeS-bBBd0CmddkS5O1_UjOrvkADV7mVWqnGmnXYesxd_xiG-royYAubemUoWXGAHO80OZwByTORT30Ed9T6xu5U-Qfiu1w","token_type":"Bearer","expires_in":3600,"scope":"user-read-playback-state user-read-currently-playing user-top-read"}
Spotify response status: 200
Spotify song data: {"is_playing":true,"timestamp":1784240820283,"context":{"external_urls":{"spotify":"https://open.spotify.com/playlist/37i9dQZF1F5p3rmiWPIYgZ"},"href":"https://api.spotify.com/v1/playlists/37i9dQZF1F5p...
Token response: {"access_token":"BQD2VXp0ODb3F9DjSg5Q9nhDW5UjWZdmoer7R2C0oL9Jwtq8Q_lut4s69xuFuFK2K9gjOPhay7Cgp9mYsh0X0J7wF8BgDGzjI6oOpGq122SGlOcxTPE6Y9HnOEYTiHcmuCn8WNpRaOnvI_oL4QIj-HnjwWIrjxZvzFhYD2nim4-YLVPQ96AT_nfSckI5Vp6ulsurJEVQAju3Ao4ADokXfU58N5bbZxNJgvfqATKAxolal2bvAl9tRsMHVnXMDJq2PT3uqg","token_type":"Bearer","expires_in":3600,"scope":"user-read-playback-state user-read-currently-playing user-top-read"}
Spotify response status: 200
Spotify song data: {"is_playing":true,"timestamp":1784240820283,"context":{"external_urls":{"spotify":"https://open.spotify.com/playlist/37i9dQZF1F5p3rmiWPIYgZ"},"href":"https://api.spotify.com/v1/playlists/37i9dQZF1F5p...
Token response: {"access_token":"BQCOHyM_8IE5tjqUwlIAy7IeKF68z1YwrZU785idZmVUWaFj9B5w1U4xOt0ks3W_cWWVJnEwzVnTW8E5GTnexTe-rYi8MkMiYf2dCzOUCidr9AEhAvKIrJlLuANSsU8Vig9oWGatIwZXM9Tr8IXoS1PAfAHgufjxgG5Vme4xcKBY0xmBqsPMjMrhVlJ5lqPn2ItWJAdGsGm4YXeimQreYQy9ErL3zqYbaHXN0npCzcVtvzod-T-ljIc1b-BEqjJDCmR8EA","token_type":"Bearer","expires_in":3600,"scope":"user-read-playback-state user-read-currently-playing user-top-read"}
Spotify response status: 200
Spotify song data: {"is_playing":true,"timestamp":1784240820283,"context":{"external_urls":{"spotify":"https://open.spotify.com/playlist/37i9dQZF1F5p3rmiWPIYgZ"},"href":"https://api.spotify.com/v1/playlists/37i9dQZF1F5p...
Token response: {"access_token":"BQCfRRyz5IE2XOzvQ-RGBZKnwkjyz77WlyOQ4yKdWt0RyebCr8BNwcMLfetKDI5qWryK1zMaShn8HxwXGgd8DQzXZKLj5WionkSuHFwjY1jE934Tc1ZfXIbFx9tvRoTM_10KikgIjtkp7GUJ0c5WzeMrDemJz3jfNlyBcg-it7HnainNalgt2gt8ePy_VaI2W5Mxw2HqAag4seyn8Enz2TdDe7JrjFc6pjPyd98GR0MFncbPFAQcgs40ATlArwB5tTVxeA","token_type":"Bearer","expires_in":3600,"scope":"user-read-playback-state user-read-currently-playing user-top-read"}
Spotify response status: 200
Spotify song data: {"is_playing":true,"timestamp":1784240820283,"context":{"external_urls":{"spotify":"https://open.spotify.com/playlist/37i9dQZF1F5p3rmiWPIYgZ"},"href":"https://api.spotify.com/v1/playlists/37i9dQZF1F5p...
Token response: {"access_token":"BQCel6OeGxss5h5V656cvgI4VFYjbQ_lXvg9n2I1SofXhMxioMbj51pmi255nQCeOPlI09gyw9VCp7p0KMlp-g5eW3FTNcM_wEovbypZuSjn54E2ZnqTBQ-xeabghWGlIri8IkRiLD49wQKkyCMoVaHIvoLJ-FochjhJ42DpMkDHGhRSnfBFe7vN8S3MFr3Vxyfct5wAjjN-6fopF1syuZ2rMPLjL0ag8fQQiXhn8I110mzYRpOa7fGtHQmvWqDdEShkBA","token_type":"Bearer","expires_in":3600,"scope":"user-read-playback-state user-read-currently-playing user-top-read"}
Spotify response status: 200
Spotify song data: {"is_playing":true,"timestamp":1784240820283,"context":{"external_urls":{"spotify":"https://open.spotify.com/playlist/37i9dQZF1F5p3rmiWPIYgZ"},"href":"https://api.spotify.com/v1/playlists/37i9dQZF1F5p...
Token response: {"access_token":"BQBVjQMz84NxGLbw31gYxHRXi3sd_fdsgOy9T8LcW_Hkeoxxg-y_n_iN_mxR-EaZ_T9XgoelZF2qPqYJAVJJUdoFIzMdbb_FfWa9V3WZN7hvaRL52Djm6KKJ-DDwR5mytaoBGxQwb-PqijYFnPn7BdDT6M_CDnCn9vHIwOnC7b6H6Yt-cJI0oVDNAKULuLkPK1F4VtAWxcGpzh60YS7caV5ZBjwmDMZ5o2TbACBOKmGZBvnidiaOIq0b-ACBGDyWZn20YQ","token_type":"Bearer","expires_in":3600,"scope":"user-read-playback-state user-read-currently-playing user-top-read"}
Spotify response status: 200
Spotify song data: {"is_playing":true,"timestamp":1784240820283,"context":{"external_urls":{"spotify":"https://open.spotify.com/playlist/37i9dQZF1F5p3rmiWPIYgZ"},"href":"https://api.spotify.com/v1/playlists/37i9dQZF1F5p...
Token response: {"access_token":"BQAM8YFLB7i3VT7WiR7Y981W8yz4SmqpkL5eSpq4iNn8NjON6CvV2OlgF5IDFUyT00QPAyP9LLDAVARgXQk43WdcSUofJkkhMs9eCJrkNUHZUZBtBajXfscxFsjNobTW84LClz1ZIK29yKHfZmAMvnwyTG61yRQTo_uzXnhQ5aWi-W6-WIaRhCllXqEQJKNqCCmTGh3l7t3bmBiUYMHM7zIyCh4WbHFs15FdfnK0HWDwwP_oGXjWB20GVShiFyrodaUYgg","token_type":"Bearer","expires_in":3600,"scope":"user-read-playback-state user-read-currently-playing user-top-read"}
Spotify response status: 200
Spotify song data: {"is_playing":true,"timestamp":1784240820283,"context":{"external_urls":{"spotify":"https://open.spotify.com/playlist/37i9dQZF1F5p3rmiWPIYgZ"},"href":"https://api.spotify.com/v1/playlists/37i9dQZF1F5p...
Token response: {"access_token":"BQCZl3ifv9Xq4RGcHktNn9OSfc6qxiDESLMV12cqdTpqLpOViTBjXbJq1Kl4Ou9tc8jy8DTSK9SR1oQEIsdZZ0fu8oWrb8p5xfWhaHq-V_drE1gk6TqoBU47qASxhPbME9j9QQm4bJ2-YQVWMi8woTdqKth-oyE4BDoFZUiFsskp5r2w_R76_Q_ZiRbWwLiWui64sGDkStKqcgLZwxC0a1g0RzObmrgpYaBzd6xTnH9pst3SmzXfIZ9S732udkDHoFGetw","token_type":"Bearer","expires_in":3600,"scope":"user-read-playback-state user-read-currently-playing user-top-read"}
Spotify response status: 200
Spotify song data: {"is_playing":false,"timestamp":1784240948508,"context":{"external_urls":{"spotify":"https://open.spotify.com/playlist/37i9dQZF1F5p3rmiWPIYgZ"},"href":"https://api.spotify.com/v1/playlists/37i9dQZF1F5...
Token response: {"access_token":"BQBkWQRhu3KFqV9dwroA75bPEcrAQxkqZu-fGIjCDHxNy1V_Z_mHtxEkLZ6Os4iaPjvpucMrKyMW27eb4VyV6SxlHtIahAIE-dfFsImK_zAoC76cn1cMt1wE1zUilFZlZHEen1Q3DsS5c0M6l6sPFhdSHGip98iCKBIJ-i2bRfi2wOcBsztzCq1QycXx9nhRwH6wGRZxYKLddCpvItUrusq3hJ7Fw6VGNaskVh1QThD8-NlQSJWJ5e26WXaw5-KCulG0lQ","token_type":"Bearer","expires_in":3600,"scope":"user-read-playback-state user-read-currently-playing user-top-read"}
Spotify response status: 200
Spotify song data: {"is_playing":false,"timestamp":1784240948508,"context":{"external_urls":{"spotify":"https://open.spotify.com/playlist/37i9dQZF1F5p3rmiWPIYgZ"},"href":"https://api.spotify.com/v1/playlists/37i9dQZF1F5...
Token response: {"access_token":"BQDYJksiOhwGrlPxRycg6Pd6cjK0CAtDJRnnZoPs9g7VTzgNC0svRNwtNwX58k6sXhnguYdc7t241pcnpXmfCQzPzXkk98y0kKhpip8OKIsjJi_RPr8O6tQEGumX-HtkkP2jxlrgp8bnERJUw02CJZ_dvUtlmttapEoJ3lSjdlFyo34M527Sa1ADP5RuNAhPfA-nHSCrxfHZoz1ZbXD_j2RWGkwaO2owBvtly8IxpI9Y4ai8d18LFijulchRjelA0iuDLw","token_type":"Bearer","expires_in":3600,"scope":"user-read-playback-state user-read-currently-playing user-top-read"}
Spotify response status: 200
Spotify song data: {"is_playing":false,"timestamp":1784240948508,"context":{"external_urls":{"spotify":"https://open.spotify.com/playlist/37i9dQZF1F5p3rmiWPIYgZ"},"href":"https://api.spotify.com/v1/playlists/37i9dQZF1F5...
Token response: {"access_token":"BQBYlF5N7QDvyrA17ID4aWo2NWgb30yMBPWmLl-Hmi0EJpTJSQUcP5T05sQxRKmzNXze5lz72PJR81Uagp4MSZwAhU-rqPEOkT2_ZnPZdY-SnNk1cbtaTotwi6G1X_0VLeSIsQ2cLHxwM90d_1bEaRZk4PjpCeN_4VFWeyvW8g6Zu6a3k9x3IQSt1LLvm1qCqdQzAoahmvVCzivVJNlL_3Rs1w3ycZSUKnS1x2B6H6MDXQc8sgqsFTJU4DoDWmOQovN_WQ","token_type":"Bearer","expires_in":3600,"scope":"user-read-playback-state user-read-currently-playing user-top-read"}
Spotify response status: 200
Spotify song data: {"is_playing":false,"timestamp":1784240948508,"context":{"external_urls":{"spotify":"https://open.spotify.com/playlist/37i9dQZF1F5p3rmiWPIYgZ"},"href":"https://api.spotify.com/v1/playlists/37i9dQZF1F5...
Token response: {"access_token":"BQAY3bnHOD_oq2BnLguELdq-oUDJU6xGafWaSClBV8--GiZEJzfxOzSuwPzDIGNCpxFXrojMpbgTmgG9LfX4Mn5AYKfNxlETZy2ZCEvhmojftb0a2-4yP_ehdt4DEBSuAj7qHMasTZugk9e6tGb8LTF2kv6acQrJXzCSr8shjJRyZhLAetX_DaBFP5S9xxxkpfj2EDvrbLgIvS5699PcpCvHKQ5ihnC055d_-4_CiBcViXgExWGShuHLEWaq8pdDXldd0Q","token_type":"Bearer","expires_in":3600,"scope":"user-read-playback-state user-read-currently-playing user-top-read"}
Spotify response status: 200
Spotify song data: {"is_playing":false,"timestamp":1784240948508,"context":{"external_urls":{"spotify":"https://open.spotify.com/playlist/37i9dQZF1F5p3rmiWPIYgZ"},"href":"https://api.spotify.com/v1/playlists/37i9dQZF1F5...
Token response: {"access_token":"BQDa5MPuEW4S5MGtUtqA5fazEdbpO-4vB2KAA-c3lgehZphwaXgAw6n8HfJwcCQrFm1zeXQE0r0M9LROaf2ef77QygkBrlTulAu_n8Y9qn_xZRQlLeb_oPGCyJ7LLzVrf_E0yan-A4EoD5RXBS6UEREveJMIQ2wEbbqaVj25lQHQAkA1_0Su1fvUdYVZFrOWhihzum21UHPOt19mtq-zzI99cECynNlzLM5-xemLhy_AIG_5xxPtyl6ZPa-yXIOw3D5CkA","token_type":"Bearer","expires_in":3600,"scope":"user-read-playback-state user-read-currently-playing user-top-read"}
Spotify response status: 200
Spotify song data: {"is_playing":true,"timestamp":1784248916507,"context":{"external_urls":{"spotify":"https://open.spotify.com/playlist/37i9dQZF1F5p3rmiWPIYgZ"},"href":"https://api.spotify.com/v1/playlists/37i9dQZF1F5p...
Token response: {"access_token":"BQAdiB8t9ZJNp0v-JJR32SopK9Ndqytq22Bvp8rzEMGiiARZi8zqEUd_G7g7ns9weNe4irtCzk3wZKQqNmAakZSuOmVK3uNSxJHoDC35i22FUfRoi0PgvLAzOzwceuMQ97Q8KXvbbx3pmqRaOR4BtBdrquSgX4TTUCeEisVJnz9ZmQTkNyPCs-MZmi276mc9fs94sKL-YcbhECuE00k9GpoMZFN54m_OIOIPQv-YXPNVA12rqoQd4maueAw7HBoJ18X0gA","token_type":"Bearer","expires_in":3600,"scope":"user-read-playback-state user-read-currently-playing user-top-read"}
Spotify response status: 200
Spotify song data: {"is_playing":true,"timestamp":1784248916507,"context":{"external_urls":{"spotify":"https://open.spotify.com/playlist/37i9dQZF1F5p3rmiWPIYgZ"},"href":"https://api.spotify.com/v1/playlists/37i9dQZF1F5p...
Token response: {"access_token":"BQCGA1Lc7lnEgCWp3S1fUx4l0AtrROp8nW7Qgb1NDvNLp9P_ZfLhk5o9z9syU4DuiaSVL8rJBHXo91FksGBu_MCave1UzgAvklZnvFLX0-ZBmW7WynuVvxEOG6LJtLl9dQ0MplepRStGNnqRc0koaw49tvrUH9-332dk6YtQZTDg3CmaiVJeSGstnDtOLZDycCh2K44y4auxAJ8yOVM5yrkHFYTPSXgp8xFYEbvh9131JwR6LPZdZAhzE-AZoKLM1yycIw","token_type":"Bearer","expires_in":3600,"scope":"user-read-playback-state user-read-currently-playing user-top-read"}
Spotify response status: 200
Spotify song data: {"is_playing":true,"timestamp":1784248916507,"context":{"external_urls":{"spotify":"https://open.spotify.com/playlist/37i9dQZF1F5p3rmiWPIYgZ"},"href":"https://api.spotify.com/v1/playlists/37i9dQZF1F5p...
Token response: {"access_token":"BQAvV-4qIUJ0NrrFCMuNG8w4I5G3KqfoQajwiCEF4TobsvQR9h3NjRwCmY8Q3CwatpIz1zZkrFsUqUtXRWmxsovrastox5CC0z-ITiTIg-87iXU9RtDmXdQghSdLIBswhTqMz2PsAty3P2x6y1JUoLmLbaBI89oLGrS3OcaMzVkSionipo8eHcyMwuqbj1O-o642RjxBlmA2aG2WWBblnjlKfOBK_Mept1eIDtfZ729yKucEcOLYvP7cweMC_gX5lYY0IA","token_type":"Bearer","expires_in":3600,"scope":"user-read-playback-state user-read-currently-playing user-top-read"}
Spotify response status: 200
Spotify song data: {"is_playing":true,"timestamp":1784248916507,"context":{"external_urls":{"spotify":"https://open.spotify.com/playlist/37i9dQZF1F5p3rmiWPIYgZ"},"href":"https://api.spotify.com/v1/playlists/37i9dQZF1F5p...
Token response: {"access_token":"BQBaapVKjd9MDWDU1RMpib2joTPsXZkZ8-NI7ouTh11m3LT4iBJfGQb4jqzIZsKfbESXWNtqm30fdXrn3z-SqdsjVPTxgxzr9D8xyp8uxJyl-8zMzPCfTxpdqdMd-VoBAq2kjBMXatXnI4tpN2XkICbmSudNfFlbg01VStcEXSrKV8mkgXxVspnckVOa-3GgYnDJWEBfU19Yx6rwoVYYr5gqqNqVqNoPAA8BJe8kncmWwia2Awsv04X6P-18K8P3U1PZkQ","token_type":"Bearer","expires_in":3600,"scope":"user-read-playback-state user-read-currently-playing user-top-read"}
Spotify response status: 200
Spotify song data: {"is_playing":true,"timestamp":1784248916507,"context":{"external_urls":{"spotify":"https://open.spotify.com/playlist/37i9dQZF1F5p3rmiWPIYgZ"},"href":"https://api.spotify.com/v1/playlists/37i9dQZF1F5p...
Token response: {"access_token":"BQBOEdINMrupPTehhD4-3UPY-t14CHkgi_h16wQVdfaGvT4VfJZe4v_QAqOuNqpTYr9SO_Ol2uk0uIJdr4gkEy2-z7BYdakfiRbJdPA6yGyHdk5JJTM97r_ZqxczsQkYy5EBUn8l_y-nWt-eNA9UXvrJiHULYU7jyXC8sq-Pn7fJF52BnVRAGsBx1SCw0O1wob5vQqRMN0me-Ye4utW4lY2OjVF9Uem7EPZC1Tv9yLI_d2yGEuLZudzM3TqGkXwvoC2HdQ","token_type":"Bearer","expires_in":3600,"scope":"user-read-playback-state user-read-currently-playing user-top-read"}
Spotify response status: 200
Spotify song data: {"is_playing":true,"timestamp":1784248916507,"context":{"external_urls":{"spotify":"https://open.spotify.com/playlist/37i9dQZF1F5p3rmiWPIYgZ"},"href":"https://api.spotify.com/v1/playlists/37i9dQZF1F5p...
Token response: {"access_token":"BQCF8vYb8P3rJvaSi69GdxVBGoW8EF7kJQAOAPP-khEV4L_79fQSwnq9OEAPu6XBMnuTHvvMp5Q8dmOSLnDLY-X_lwLq5RGypi3dZeXWFBpn7QOy9gy82vhl2vm2t0Cpp_5HDfEq7kcSO9pRSOKEaUF4eYV-BzAyOHdRqj-6waPReX6YoHeggGmuyPYFVz8hvIsf_AZZZ22bUFHW9OSpojfr3QiCMZ4uAJEGZOg5nQjyFty1jv5jaNh38QNmusr9zIJqcQ","token_type":"Bearer","expires_in":3600,"scope":"user-read-playback-state user-read-currently-playing user-top-read"}
Spotify response status: 200
Spotify song data: {"is_playing":true,"timestamp":1784248916507,"context":{"external_urls":{"spotify":"https://open.spotify.com/playlist/37i9dQZF1F5p3rmiWPIYgZ"},"href":"https://api.spotify.com/v1/playlists/37i9dQZF1F5p...
Token response: {"access_token":"BQCPS3Vf_YrxwqqaUfD9j-musNjWJ10lYgqdyJotDjJM43nIgwCVvbJLURxAPwftk_c4oQqSkopOJzX1cSyiEil5NBSIN8QT0rrDpvtMzXfg3EaR20Qi_1123PCNdTAYjdPDFKgRna6iih7iNyMW6GKBoVrid3Mo4-U3i7LmrAKjCE0j9AKUfS1hKv49VkodEmhg0QhhpDg0D0QrRLxD43Morn-6G5dj9bPjlY_JC1pFUeRfDBDs0GwZwfrn6wJ2nHzXAg","token_type":"Bearer","expires_in":3600,"scope":"user-read-playback-state user-read-currently-playing user-top-read"}
Spotify response status: 200
Spotify song data: {"is_playing":true,"timestamp":1784248916507,"context":{"external_urls":{"spotify":"https://open.spotify.com/playlist/37i9dQZF1F5p3rmiWPIYgZ"},"href":"https://api.spotify.com/v1/playlists/37i9dQZF1F5p...
Token response: {"access_token":"BQAhn92CMOtKoTFCY_JRY-2q6B_AIOeNDpB_ur9KqbOlhLd04W2hFEGC3aY_DBdrJM2s7wktLrPoQ8Im-QwIXlsspN-F_qfydZDaNuCYdySBsfj_0ildUPUZlJYUWrF3Crn7qds_0f92pT5HW8xuyiD6Ttha66E3Uv7UqWG5-FfrXgomnBGIkMyl18lK_8kPn-LqGYy3mR0R4yNwArficHNzMWX_Feo6qm02Ny_uDeZuAyArKpucgw9Alnsn4UqD-qdMOA","token_type":"Bearer","expires_in":3600,"scope":"user-read-playback-state user-read-currently-playing user-top-read"}
Spotify response status: 200
Spotify song data: {"is_playing":true,"timestamp":1784248916507,"context":{"external_urls":{"spotify":"https://open.spotify.com/playlist/37i9dQZF1F5p3rmiWPIYgZ"},"href":"https://api.spotify.com/v1/playlists/37i9dQZF1F5p...
Token response: {"access_token":"BQDDY5luZN9OIjqD64dnt63CDx6npQoJ8kBocL-mIrhUnamvIF_YaW9FxtwYlFiDc2np8MZEgyZ9LW6oTt0mt9wgCAEeDecdGc7DfzBDGOiAAoVMJQAyKnQLpwjtuHhig42ILhI4-0_R7nG4wB5lwLhn2zlAxdNt9tTYm4HYy9gZJ_pNBiJtUUWWYktfsNSSGxwYqc9wpirluofQ8Y3Y1sFZ2wfrzFMkF-7skgnFok6IYx7OtxgqsSzkUuvAYVwZ-5tUog","token_type":"Bearer","expires_in":3600,"scope":"user-read-playback-state user-read-currently-playing user-top-read"}
Spotify response status: 200
Spotify song data: {"is_playing":true,"timestamp":1784248916507,"context":{"external_urls":{"spotify":"https://open.spotify.com/playlist/37i9dQZF1F5p3rmiWPIYgZ"},"href":"https://api.spotify.com/v1/playlists/37i9dQZF1F5p...
Token response: {"access_token":"BQBI0Vd5C6U88XKFDIBawSkY-6RT3mxcJP8woJ8uTQb8w1sj6MhNLqV1-2hKBmiPUgl7J4yOMK5RZHpCvsbjb0ls-F_dkAnI37U8Ai6KMTv9o3rPLLIOxRDOeI_0soVYXc3xb0G_hgWAJ7FNKNt764jcUareeKvbN1K9OziGIhCQ6po4jxkpgVW-ditSEqaF9SwJKLHPqqmUqbgMs9as8fPbTNStu7gjL4pdK0knJO8Pp7mWyWUd4tGYnltrtr2il_gJCA","token_type":"Bearer","expires_in":3600,"scope":"user-read-playback-state user-read-currently-playing user-top-read"}
Spotify response status: 200
Spotify song data: {"is_playing":true,"timestamp":1784248916507,"context":{"external_urls":{"spotify":"https://open.spotify.com/playlist/37i9dQZF1F5p3rmiWPIYgZ"},"href":"https://api.spotify.com/v1/playlists/37i9dQZF1F5p...
Token response: {"access_token":"BQCTGPCqf5brCOUWZg_kosBoM5-CYsmtAdpuwcXdNRWVPpSap5NzJabKkK2_yCwDKkLGcWBZqjHJq-4IX5zFl_3iO69-ZAlckkVWJEescCWOmnpJfSFeF_7rpaJMugsYlhgjIJUndnHnDD_H5AtvLHA0SAQf8MJYFZQ8XLGCpOsIhq3DrtS-IOBIpkQzUioDhFmkj86uh_vnic6mH27ej_cW2Yd9HLVmU96EZ9R3AGqAVBHGs4Av56C8BnKxRGfwhPtccg","token_type":"Bearer","expires_in":3600,"scope":"user-read-playback-state user-read-currently-playing user-top-read"}
Spotify response status: 200
Spotify song data: {"is_playing":true,"timestamp":1784248916507,"context":{"external_urls":{"spotify":"https://open.spotify.com/playlist/37i9dQZF1F5p3rmiWPIYgZ"},"href":"https://api.spotify.com/v1/playlists/37i9dQZF1F5p...
Token response: {"access_token":"BQCkMSc3_7Deqdz1EZdIxKYx_ox6a3ngyPPsg5wGXRz_NeGPTYrWBdnl6eR9nYT0vpIUURmpu2U8PSdKH4SmHI_Xo5uk2V5aHwc9xXgurzZtB-PhouSsrG4C3uDZuhutAEWiZfie88TCBBBBwV8-xFZysJZLPJ9hOldZaOLH1H1_QUHaTj0qcckru8yKolmC9uktKNTiS2U0xbYXixCXOOtmKgTF3Fz_hsL3MvzepAEiRWM4uZidsj9O24FQy9rbohhTZA","token_type":"Bearer","expires_in":3600,"scope":"user-read-playback-state user-read-currently-playing user-top-read"}
Spotify response status: 200
Spotify song data: {"is_playing":true,"timestamp":1784249450419,"context":{"external_urls":{"spotify":"https://open.spotify.com/playlist/37i9dQZF1F5p3rmiWPIYgZ"},"href":"https://api.spotify.com/v1/playlists/37i9dQZF1F5p...
Token response: {"access_token":"BQCteI0LgLvslMZe6JO-acGXkDbJiCgaFq3JQk8dPNxo3try8cYqVucasQlmDWgIjqo4qSRTB-GxcyoUXWjwan7kpf4PJknTyWPITbHr5Z26Svs532I_o7A6JeG0z09bOfiRATF9s-VxHBFaTep-XXyeehaFjMN-IRQT_ZVIiqJbwTPL6HkODbjPnLm-30z6-lT_9PLz08hbH9KmmJUOOIfptqdZuV4O0odlN3kwqA2jUIQ1WFuJQWANW6Lbs0DnlREBNA","token_type":"Bearer","expires_in":3600,"scope":"user-read-playback-state user-read-currently-playing user-top-read"}
Spotify response status: 200
Spotify song data: {"is_playing":true,"timestamp":1784249450419,"context":{"external_urls":{"spotify":"https://open.spotify.com/playlist/37i9dQZF1F5p3rmiWPIYgZ"},"href":"https://api.spotify.com/v1/playlists/37i9dQZF1F5p...
Token response: {"access_token":"BQBjpVESYBTGOFO79WWo9nt0Cu4CRo8D5g3A8ZLi8gDPN6mgin_u8XK45IyDMRvQIXx7RuKTd00QzE9LKUTfMmgNHotxkGxJMSK9ozjlzv0UM5VDJJrajFUOfbBY4iaWUfp5_cy6uPBc0Q5gEllpE65pqzCPiM6IszszjHi9075BU-Cnf5xxeHJwUYbcT0Xs6PgFEXqb0ObovfJj7d2W0qvzdp8A6vsM2lVahN32sC25RmF6tvDARzXf19zRQ5wUcW2B6Q","token_type":"Bearer","expires_in":3600,"scope":"user-read-playback-state user-read-currently-playing user-top-read"}
Spotify response status: 200
Spotify song data: {"is_playing":true,"timestamp":1784249450419,"context":{"external_urls":{"spotify":"https://open.spotify.com/playlist/37i9dQZF1F5p3rmiWPIYgZ"},"href":"https://api.spotify.com/v1/playlists/37i9dQZF1F5p...
Token response: {"access_token":"BQClszz7w73ANiEr-kEfUXezuPDiaIykOvBEGj7ZIxhXhGynS6VsAg_P292FuNRbU8twG0gr4-7Y-qCDAbe4JkE6TrSULFLY20mBT7AxB4o6s6XvCJKgBEMFgnmjz8d2vRVWGIN1S4oy_AzdhT6SnVzp179te1U-FuvVP1dT6RSa5RgJb-IWrrHt5uJu6E2Oruv7S4ZgPpnwXt_9GjFJrRBm8yhux180ST1IEM5e72-chLC1o3fZ_A0-WhcZ8W973qm62Q","token_type":"Bearer","expires_in":3600,"scope":"user-read-playback-state user-read-currently-playing user-top-read"}
Spotify response status: 200
Spotify song data: {"is_playing":true,"timestamp":1784249450419,"context":{"external_urls":{"spotify":"https://open.spotify.com/playlist/37i9dQZF1F5p3rmiWPIYgZ"},"href":"https://api.spotify.com/v1/playlists/37i9dQZF1F5p...
Token response: {"access_token":"BQChMNuwSESUv5lVd3TYYSKeshFJHhWM_Mjty01WmPVuShyIZtT8rXvcLRO5gKR1U65DDBov679f8eT9pD35DglxiWmWNlbxTJrPeH8uyIKXVSblh7wMZ0ri9kGkx_tbinRIMjMIKboKgRv70e8UliGnFFKLhyc7iuChruogeZ92yNudqJrHSMJe_cEtvnTBCYCAguqg0zfno0mE3jtKBYu3iN9Uxw0hMl36ZzDnfWnJ2tEfoXRu2fID5xhcPiwhrMjM6Q","token_type":"Bearer","expires_in":3600,"scope":"user-read-playback-state user-read-currently-playing user-top-read"}
Spotify response status: 200
Spotify song data: {"is_playing":true,"timestamp":1784250703780,"context":{"external_urls":{"spotify":"https://open.spotify.com/playlist/37i9dQZF1F5p3rmiWPIYgZ"},"href":"https://api.spotify.com/v1/playlists/37i9dQZF1F5p...
Token response: {"access_token":"BQCU8VJahDKjAG9G2DkwYStpDY7piiENRFyIrH8gMxcJyQRfsWBa93fqBBh6p7UV_6OZUSXfagJ_5eEmFNvBE_VaLUdvGBpVBU6EEyA5srYKybLT_iSZg_BKHgAi1zx-C_DPl_g17QegI7IITn91DGFpqavegKE6Qm58unp-eOnidcuDME-zOfutqRYkwKHQjlM38lHCkCeNXceiUh_WfWrX6VxMRPziASCsSmiVQyMP3KGKpXzxEfJ39VFD6iimb-2rMw","token_type":"Bearer","expires_in":3600,"scope":"user-read-playback-state user-read-currently-playing user-top-read"}
Spotify response status: 200
Spotify song data: {"is_playing":true,"timestamp":1784250703780,"context":{"external_urls":{"spotify":"https://open.spotify.com/playlist/37i9dQZF1F5p3rmiWPIYgZ"},"href":"https://api.spotify.com/v1/playlists/37i9dQZF1F5p...
Token response: {"access_token":"BQB4r0yI7gQA1BS7LA5pO29UlwsoR1_PProWu3GuqfenMaRI81XBEHy8duQ921vFSfibzR2PlTfVniCUT8E6U5nzLUdFbjUjDbaunjPPBy8DYieJcLf_qJcarg_bkWL15AefSQvbvw7I6WbhdDIXQXW5P0rcF04-nW8NlSEMpkMhEaWLYtJy255VBXaip80Y-1JfyyMOvcYAoBN6aev9orB9n35M0Qsm4wMa85y0I2K4Uz64pkwxsdpffiY9u6ahcEgidQ","token_type":"Bearer","expires_in":3600,"scope":"user-read-playback-state user-read-currently-playing user-top-read"}
Spotify response status: 200
Spotify song data: {"is_playing":true,"timestamp":1784250703780,"context":{"external_urls":{"spotify":"https://open.spotify.com/playlist/37i9dQZF1F5p3rmiWPIYgZ"},"href":"https://api.spotify.com/v1/playlists/37i9dQZF1F5p...
Token response: {"access_token":"BQAgNHfhuLRGjbJRbptnjz64CpJ8GKZwGv4D-p5zVbrgxUZWcnRqPZyEdKSxDemBQLF_DSFgZcbobkjVcVJr2mVwozFw4p8ErGjBk8Ywcx2QAh6JlX-3D4rTNylpS5zdEJYqVaiNQ6A30w0mi1l7rFgonLhdO0gsbxZrNXjX9ZlDaZXokNHukYUfqyxenJwVKQXhys3lvPfL9Z0vp1K-wwH6U0Tb2JWlGxBO5QFuNk5b7Qpm7zOah4gsoZF9UZ_CA7hiQA","token_type":"Bearer","expires_in":3600,"scope":"user-read-playback-state user-read-currently-playing user-top-read"}
Spotify response status: 200
Spotify song data: {"is_playing":true,"timestamp":1784250703780,"context":{"external_urls":{"spotify":"https://open.spotify.com/playlist/37i9dQZF1F5p3rmiWPIYgZ"},"href":"https://api.spotify.com/v1/playlists/37i9dQZF1F5p...
Token response: {"access_token":"BQBA3n3_NSDN_XBluL6FksQzXwEXAXDK3Za5Ift0qpajSlrL1H3WKXIeUdbHJtW99kIt-ylD1c28XnmuZKC8boI0X3FjEuOsRRHieBy4-ZML8Q9r4WEQKaeeAjGojGn05ty4muyRRyV4FHG0IoB6lgnjh8Eac1hxrWwrDNuYd53n011EeP3ImMae0XTuVosf4P-hJl9vFRZHmzPTGruuJ0WwVQsjKEd3dsAQtRTjBe7rdGoIcpoA-7Y4Yfy2u6tw1wZn-w","token_type":"Bearer","expires_in":3600,"scope":"user-read-playback-state user-read-currently-playing user-top-read"}
Spotify response status: 200
Spotify song data: {"is_playing":true,"timestamp":1784250703780,"context":{"external_urls":{"spotify":"https://open.spotify.com/playlist/37i9dQZF1F5p3rmiWPIYgZ"},"href":"https://api.spotify.com/v1/playlists/37i9dQZF1F5p...
Token response: {"access_token":"BQAMcOxYpOMIHakp14YGhWjue55fFVD7KWZARYxiqj3B9__9CwHCw9JCmhbG-fQCanfJj1VZjhi_tJq0njDFgZKHj_c7tAs5YkhsGR0k2IvbxGuRtfHyAgNtOYUxtRKPBcpRVwbeXGrYSr8PKMyqBTjR1gWq36ZUD-WAydSOBlqgD4Ul6glkXfHyI4ezjXqE_0Qt8UgqdZ9LXlJWCsQBuzG7mMZd8rGGo7DUKkPur9HVELy6x9wbsbyDDyop5qLNOSZzpQ","token_type":"Bearer","expires_in":3600,"scope":"user-read-playback-state user-read-currently-playing user-top-read"}
Spotify response status: 200
Spotify song data: {"is_playing":true,"timestamp":1784250703780,"context":{"external_urls":{"spotify":"https://open.spotify.com/playlist/37i9dQZF1F5p3rmiWPIYgZ"},"href":"https://api.spotify.com/v1/playlists/37i9dQZF1F5p...
Token response: {"access_token":"BQALmI-_1AkYwgtaTVQyuAT2T4WRYIHOSQrWXhxuVUCNnVJ0yIVUFEIUTuTxaDOtY8Ql1_WhBXoY-bwW6rjjkraPp9fygmsI8AYMgIOGhXYkiSBO-oNgCZvTvs2ILF7s3HOCYPY9lTYcwyZxLg-o5B4zMLpVFZ-eLxbT2VqV_JbM1aJ7uYW0UkvkBZhuuoOokzMR58NKJHLs0faXFy-xuRjZrv3hdwLJyHGKTP6zQAgseOIRL8jXSzG7zBlKCFgzLT3KjQ","token_type":"Bearer","expires_in":3600,"scope":"user-read-playback-state user-read-currently-playing user-top-read"}
Spotify response status: 200
Spotify song data: {"is_playing":true,"timestamp":1784250703780,"context":{"external_urls":{"spotify":"https://open.spotify.com/playlist/37i9dQZF1F5p3rmiWPIYgZ"},"href":"https://api.spotify.com/v1/playlists/37i9dQZF1F5p...
Token response: {"access_token":"BQCeET6orQKs1YHNl6AG9uxgnN9_CRcOsL160P3c3enqCK9o9pwWMzj4s-G53uJd0YcowuzmYB5wBrtf7n--LL2l9EroLwEOdzWFJvrMxxlM3vNiSQf00R-_xkHeYI-O5Zyu1CLUevbzcO9m1eNrnTPErw1IXdH8mn36EFARcM9h6d-pM1lJXvVNgmxDPWNB6sAhQKdb37OsfZvr3Jua5qRBwfPHP7Zdt9c83jUFTP_XCWrNmz_MxMcGBUEzPWYgZ5EMlg","token_type":"Bearer","expires_in":3600,"scope":"user-read-playback-state user-read-currently-playing user-top-read"}
Spotify response status: 200
Spotify song data: {"is_playing":true,"timestamp":1784250703780,"context":{"external_urls":{"spotify":"https://open.spotify.com/playlist/37i9dQZF1F5p3rmiWPIYgZ"},"href":"https://api.spotify.com/v1/playlists/37i9dQZF1F5p...
Token response: {"access_token":"BQAXhTRt52M0NI6ZW1qhgZ7dLGB8iCQvf62wo_jI-CmommEcLQP9cxXHSKVLNVh-hw4htO8XgSs_6ppIYhNWxH0nhsJIyczevHO_Ev_jfqhkNse4jOxmKe-GaMkOCks5i1oiVJU2NXdyvIEd8tbiN_Kul3lqonyTBpaI2SyGUO5JhxxFvU27H6OjVuttrucN3sBcoAAwK7i2D4qejPfhhqTcmPyujOVv_kClCNinDSZx8bG2ft9apxoYPVGQjUmLGphyJw","token_type":"Bearer","expires_in":3600,"scope":"user-read-playback-state user-read-currently-playing user-top-read"}
Spotify response status: 200
Spotify song data: {"is_playing":true,"timestamp":1784250703780,"context":{"external_urls":{"spotify":"https://open.spotify.com/playlist/37i9dQZF1F5p3rmiWPIYgZ"},"href":"https://api.spotify.com/v1/playlists/37i9dQZF1F5p...
Token response: {"access_token":"BQD4752FMA-bJI9FSTT4USb4KFI1QimUDf5MjM4OHJUMdHpFNyzI-fBlEpxBnolhxBxHB-l4nbBNuKfL-03sNSupnQmY8W7NjTIxh5gDGqJM6DJErZmjBb4xWW5FcqOOR4aoG5j68Db3iNeYSB1YwaaLCKFWkeL0Pi-wZ2MF_92OUqSBEOTye7aWLLewOmnmbEQPUwWovdXdp7t9gEOwXmGGDCdbva33QQP__bLgQkW8xB8qYOwVIdqCdIhN6bwgaxqiug","token_type":"Bearer","expires_in":3600,"scope":"user-read-playback-state user-read-currently-playing user-top-read"}
Spotify response status: 200
Spotify song data: {"is_playing":true,"timestamp":1784250703780,"context":{"external_urls":{"spotify":"https://open.spotify.com/playlist/37i9dQZF1F5p3rmiWPIYgZ"},"href":"https://api.spotify.com/v1/playlists/37i9dQZF1F5p...
Token response: {"access_token":"BQAlSoo-NuyEDtmnnct_iEghKlryk27f2lMDXvMlDW9y9jOZaICbuyZb-dI9zSwwVpluOx_KxlBwsIffuOA72ZMupNQeYHj5QZRui59CRTcoy7fIU7kwoJICSZqKs04Mczu3wr9jVWYlR1VBKK3Zb8bYHALhO5vLs2f4LAjvMFiWkwAK25UhoO_O66gVkwX9EcCFZMba7K2h3vIGNNA9xUlpLN_Rb8n_fT9OlJhem96RvE1x3YM5IAOBJ_hNJLnt9crINw","token_type":"Bearer","expires_in":3600,"scope":"user-read-playback-state user-read-currently-playing user-top-read"}
Spotify response status: 200
Spotify song data: {"is_playing":true,"timestamp":1784250883359,"context":{"external_urls":{"spotify":"https://open.spotify.com/playlist/37i9dQZF1F5p3rmiWPIYgZ"},"href":"https://api.spotify.com/v1/playlists/37i9dQZF1F5p...
Token response: {"access_token":"BQCO6shsxloC3GhoBPXVhP0qBKgVG5rXgmoFVXssW0Pwd3sVV7dUu-dENSIB5nlceyARC0ia9XZsCohWelo3udte6MvXMZ27pbh_fd4FPTKFCwX1h0hGB1pv6sww9O9SCPLz77Psxc3A8Q1KsufoyKdvsK7kApr8HQh_EvqnG9xTeX9HCGh2D_qd7GjngkA4LDDm4Z6zoHm5KX2WyoWrjfGuNwIWVs62lH0CVNwGKrxzAUmAVv3a9OQj4ONdq7smS7_ZvA","token_type":"Bearer","expires_in":3600,"scope":"user-read-playback-state user-read-currently-playing user-top-read"}
Spotify response status: 200
Spotify song data: {"is_playing":true,"timestamp":1784250883359,"context":{"external_urls":{"spotify":"https://open.spotify.com/playlist/37i9dQZF1F5p3rmiWPIYgZ"},"href":"https://api.spotify.com/v1/playlists/37i9dQZF1F5p...
Token response: {"access_token":"BQAFYI4fsHXzKI-KVVmaj7M8RNA6y4-39H4tV-2YEGHSKNSn--uqK7w20OCZ234Mz037alsofMv1jfE_pQ0DQb1XMDE7VUROVHOhnPQ0AGCSmVXg3IfmS21DJLZq7y0IY2rk7NqbvPYMtJwqaHvVyOqnNfBlX_SYXw-0dlOHaI4hweGZQZNtq5tWaSbaIkQwij7aGAIHSzfncr5GwYr2Bb_XqR1k-JW3pD1GKOMpDD5Y1PeSRkNDypG0zVitK5zhveImUQ","token_type":"Bearer","expires_in":3600,"scope":"user-read-playback-state user-read-currently-playing user-top-read"}
Spotify response status: 200
Spotify song data: {"is_playing":true,"timestamp":1784250883359,"context":{"external_urls":{"spotify":"https://open.spotify.com/playlist/37i9dQZF1F5p3rmiWPIYgZ"},"href":"https://api.spotify.com/v1/playlists/37i9dQZF1F5p...
Token response: {"access_token":"BQD3dUvjQFBeaOkhjk3H4C3aSLTom9M0EWAWVQL0fgQSsQEnqJ3XvQ2sEAqeU0DLrGUnxz63f8O37gla38yJ7Cny-Yx5WlUcQmC6Dt_i70IVkqj29Aduq7xSmCL0cEHF3tHVSq3ub_v3rAOt-vRjdEPhFrR8y0ZhYIgBfIhD5nchhOf1-D9ZiMVcGUzAOmjFscq8KqpLZ6xKgOXAApbAlFSiPrHquMYtQOJ_L03c9aszKbMuhcU7ZLYEnaVS5SgcnmrcCA","token_type":"Bearer","expires_in":3600,"scope":"user-read-playback-state user-read-currently-playing user-top-read"}
Spotify response status: 200
Spotify song data: {"is_playing":true,"timestamp":1784250885840,"context":{"external_urls":{"spotify":"https://open.spotify.com/playlist/37i9dQZF1F5p3rmiWPIYgZ"},"href":"https://api.spotify.com/v1/playlists/37i9dQZF1F5p...
Token response: {"access_token":"BQDY9ak9HblPIxajB_5ZmHs_u1fLnIjFksKMLAgzBvQ3aQ1erxdp5Hx6U6G0TuGu57diDHA56OuaSuHBTlXwG28NHB0VMZuBxl6MvC_HUFYPIz7Y8WQ3Q_50GNhW7gL9ET7YTZkrkRniEn0qJEdTAZQDD4nhwR-I_u72eSp-lvjzyCXIb1ho7Buv3kR6uF4YvrzU9skkZIcI2k8xg1yAP69Ejptw1EpZK5P_TpG7T7uaDxhgEmDDMiE4FTewkh5KoEHOaA","token_type":"Bearer","expires_in":3600,"scope":"user-read-playback-state user-read-currently-playing user-top-read"}
Spotify response status: 200
Spotify song data: {"is_playing":true,"timestamp":1784250885840,"context":{"external_urls":{"spotify":"https://open.spotify.com/playlist/37i9dQZF1F5p3rmiWPIYgZ"},"href":"https://api.spotify.com/v1/playlists/37i9dQZF1F5p...
Token response: {"access_token":"BQCYOVBygsGgvl46ZrHU7Ad86Youlu8j19Na6F10-HHmi3rjnuP9mhDMkFtiYVj_ED4XA0hKSgeymYObPpnrQCBflRDnanvr3IhMWSvLlsqX5qMuBTHY1taeAfhcWM9pXxYKQghpEs0_yBN8lou1pDbeA8epHBuqD1GXJKYROZ0qhUDj9fxtYkmXt3VdYja1B8NoGiWLxyDnvX0N6SAqvV7rjbKh8Qv-HPwvtooaLTS4ijppEtI0uXvCE-BBeULwgtQwsA","token_type":"Bearer","expires_in":3600,"scope":"user-read-playback-state user-read-currently-playing user-top-read"}
Spotify response status: 200
Spotify song data: {"is_playing":true,"timestamp":1784250885840,"context":{"external_urls":{"spotify":"https://open.spotify.com/playlist/37i9dQZF1F5p3rmiWPIYgZ"},"href":"https://api.spotify.com/v1/playlists/37i9dQZF1F5p...
Token response: {"access_token":"BQAyFVOxd_HGU8l5_RJ4OkAKFNTdihbGSdX_7xvP8gghfOSva-QZlKUGpS5KX-vEO7s5UWFJ9OAU8e9AegsUrVJnHe9a6_RaCUm99Hg3Ij3Ogrp6hN9n3Pazo_XIMRqO0mCRhrolcTZTQSRM4NB4Uz40gidrOaf5gJf-OerI83z-1G-O-3eCNPkuh_dWwW-D3qP2WcUQWWphycgdWtkaDbGva9RpvqvYY6IhWL7gzdUdIkRCqVLR2hGHp-5gJhS3xjAUHQ","token_type":"Bearer","expires_in":3600,"scope":"user-read-playback-state user-read-currently-playing user-top-read"}
Spotify response status: 200
Spotify song data: {"is_playing":true,"timestamp":1784250885840,"context":{"external_urls":{"spotify":"https://open.spotify.com/playlist/37i9dQZF1F5p3rmiWPIYgZ"},"href":"https://api.spotify.com/v1/playlists/37i9dQZF1F5p...
Token response: {"access_token":"BQCAisAgStlMfU9sxZpHTEyO2AZvmPGm2zfiyijsfsPSvfHQt6e4P9Lxq1T1nEWtLFPRFM3zHfkmwKyV4PmycQBViktroBJJB-NVTdq7Cd_e44tU-1ZUSylBOGv4qInJd-WkOJkp8kLc5hSMMlzTh3DTBtVPTJCDXKbKZq7MOOGlc5EkOvP8WHbFZb80QjGwt1YYt4tMzT3h0QdmQabs6Gn9xH3t2pJdAGvNGSHau6aWzdDwQ-HAD995hmzlqzllA2Qphg","token_type":"Bearer","expires_in":3600,"scope":"user-read-playback-state user-read-currently-playing user-top-read"}
Spotify response status: 200
Spotify song data: {"is_playing":true,"timestamp":1784250885840,"context":{"external_urls":{"spotify":"https://open.spotify.com/playlist/37i9dQZF1F5p3rmiWPIYgZ"},"href":"https://api.spotify.com/v1/playlists/37i9dQZF1F5p...
Token response: {"access_token":"BQBo4qhKHsqMVx1SkRzHI_335jpRHCCDD9Wg4gR_Kn8HZIZRIQEHQoIs2ti3izEgzu0-5zvvje03FiC5Nzo0gECzZgiKGhwRjM5DxS6FV2YbZ0XNcyoa4PEh-JQfNrQmv5nqeBuWQ235Zn4mie5zFb_mfFSWR2qDZwnvtHpS6q8zVPLb7INRnval0nxoP6otPiDTnA8zbOEsaYHBIK4Cp7YeDGPkLfA4ZybtjDUvfrn6S6RkjDO38jzO9drW3SwkjRVXyA","token_type":"Bearer","expires_in":3600,"scope":"user-read-playback-state user-read-currently-playing user-top-read"}
Spotify response status: 200
Spotify song data: {"is_playing":true,"timestamp":1784250918560,"context":{"external_urls":{"spotify":"https://open.spotify.com/playlist/37i9dQZF1F5p3rmiWPIYgZ"},"href":"https://api.spotify.com/v1/playlists/37i9dQZF1F5p...
Token response: {"access_token":"BQDgs0LEmVslPPZDzmbpjP82YmpXnChzGJDBBbCkET0tG11Xb6i1jZm7Y12eBZ7dvvuoqSZwTpTOeHJA3CIKEbiHihvUZealJ-vSOvW9HD6VU_u82tPcx9Aym6qtOsuXmFRLZGtzAq7QhJoyGzjAFHPAImTP8rbC0Fm5C6oQmomDoVdRAqgI3VF06HVpNGTikLRK6Fugo1oIRbxbIWeLm4ntbZAzlVEzME6AN4I1Z_rY6oDvRnIYR0xiGK8yH3_eYElaOQ","token_type":"Bearer","expires_in":3600,"scope":"user-read-playback-state user-read-currently-playing user-top-read"}
Spotify response status: 200
Spotify song data: {"is_playing":true,"timestamp":1784250918560,"context":{"external_urls":{"spotify":"https://open.spotify.com/playlist/37i9dQZF1F5p3rmiWPIYgZ"},"href":"https://api.spotify.com/v1/playlists/37i9dQZF1F5p...
Token response: {"access_token":"BQD171Im0ytoMVyuPN0zZ6OHyWCGBzKutlVWcc3NltHJWuMpg7lhdf6Crboeyf4qWfzm00lZXBA1H-T203TAkA7UTLWWC7kcZUbCjwpAS-ra4LwA8evmq6AX4GaUcWDFsZO_f3gv8ObYPsIXevdg5D7VE_qnxYJlAtThcyczCM1pqX1PHcYtY0tf5gVNBgcOpBtKdq1anAkcxAL1XzimhmcARWYUqnqQTLy0TchYr3nlUXYvS52xHQQsL5aH7sTvCyH3kw","token_type":"Bearer","expires_in":3600,"scope":"user-read-playback-state user-read-currently-playing user-top-read"}
Spotify response status: 200
Spotify song data: {"is_playing":true,"timestamp":1784250918560,"context":{"external_urls":{"spotify":"https://open.spotify.com/playlist/37i9dQZF1F5p3rmiWPIYgZ"},"href":"https://api.spotify.com/v1/playlists/37i9dQZF1F5p...
Token response: {"access_token":"BQDM239GTjPnyZTHrXhnrVc8KJEPpoO62p-dMvPtoZnIk5dt6LR4pbkKTaxZOnw2UJsSzCpXVrYdIq1JwPUcaLlqEkSmihz0UcqESMWQ-TwN8IC2Wfsv0oBanJgbx7lwp7k7zDuJ4TYhjAtiHFRslq62kSVq3UOHSi1vl1zlGqo8W8Ed3acSDNwQ8zU6S-wgnvZPwqW30dCihCM5xS4gL2nbk_eKe7-8D1yPUDCoeIyC3uHuLSFeY4ks80iAK6R0G1mKig","token_type":"Bearer","expires_in":3600,"scope":"user-read-playback-state user-read-currently-playing user-top-read"}
Spotify response status: 200
Spotify song data: {"is_playing":true,"timestamp":1784250918560,"context":{"external_urls":{"spotify":"https://open.spotify.com/playlist/37i9dQZF1F5p3rmiWPIYgZ"},"href":"https://api.spotify.com/v1/playlists/37i9dQZF1F5p...
Token response: {"access_token":"BQAtMbufhwJ4luu0fKXG_ucJSd-mIHy5y8z6748iFibqV6MLitGQEhCyjWslJb_CaWlj-eNH0qGZCs6blGOnsGP1X57W2uBNWHvFv7ofG32GwBrfBKMgPP_vEqb6_7Cqq-2s9Cn1YwEdl9EvJ2Q8-IsRWJYYwi_5cE6buHpFefEao1pNtnLAqw1wnF37FghNmcrXULSpx4Y7jZt7HGwYGqc6j-T8p0VYD_BsGkVJ6mwaiwztxVRV0lnFoob5FiUWt1Bhfw","token_type":"Bearer","expires_in":3600,"scope":"user-read-playback-state user-read-currently-playing user-top-read"}
Spotify response status: 200
Spotify song data: {"is_playing":true,"timestamp":1784250918560,"context":{"external_urls":{"spotify":"https://open.spotify.com/playlist/37i9dQZF1F5p3rmiWPIYgZ"},"href":"https://api.spotify.com/v1/playlists/37i9dQZF1F5p...
Token response: {"access_token":"BQAV6eCQzsIeQm68-qSd7s9UA0kAdi_mJPJThc2axvRx8sk4jaWlwgNtGCLoRonzGQ1gPGk0noZuO9K_Xr20Cymbih3VAk6wGDhPCrjqeMCAONErOALarui931y0HyiFrV5IZ8AJ2mHcb2RKveSzYevGJJExpe_ZGM3cte7DsxyVznspdcQ8cvaJZMg8Xi9S6dYkwVq5ZdxkvzmZQ1s114fiFI7Gf_YEeilnowEDC0Cz8wmWhEumXPS-PFtVdhTb9KWYFg","token_type":"Bearer","expires_in":3600,"scope":"user-read-playback-state user-read-currently-playing user-top-read"}
Spotify response status: 200
Spotify song data: {"is_playing":true,"timestamp":1784250918560,"context":{"external_urls":{"spotify":"https://open.spotify.com/playlist/37i9dQZF1F5p3rmiWPIYgZ"},"href":"https://api.spotify.com/v1/playlists/37i9dQZF1F5p...
Token response: {"access_token":"BQDKYAx_Tnz2hmblKtlDJe0SNmzLBDgmF0JBc3MvRZRxhk-dA3rSXsIvf3_mp21SCjMDTVtyw3hdbgL2hsH8_UzuGs3JsTEbqSb_e0lmphVViqI47WrhsVj7JL-l4B3OAEb6hgSqF7Pj_fkYaIanG9Xy8C9nhG701GNtTUlp9268BoYkLSZfym-vGbj5Pq2sUqHUBNbrZFrSsbPOvor9z_69YiYAQHySdZqIicPtLZPLVqSD4HF4u3AF9mT7_y7mEmKhhg","token_type":"Bearer","expires_in":3600,"scope":"user-read-playback-state user-read-currently-playing user-top-read"}
Spotify response status: 200
Spotify song data: {"is_playing":true,"timestamp":1784250918560,"context":{"external_urls":{"spotify":"https://open.spotify.com/playlist/37i9dQZF1F5p3rmiWPIYgZ"},"href":"https://api.spotify.com/v1/playlists/37i9dQZF1F5p...
Token response: {"access_token":"BQCOgLQlz7QK7G7SPDuAqydbKhwE0VONG-RRq1eDfzXV3kYUz_NV_j1uzjnpvwHRekX-0mG3eQGtg693pbYZ2-UjBLjdetDSKOLmSkspDAqoGNOR694gtjR_hizt2dgN89zvqIBNoa5uBLjgp2z1nQ-2ljaThrB6E6gHLkvUUojE6xvv4D10DYcjibHms80I63waQNUcAU0Tz1YKtuha--eJRfPncWyR6gtkHt_rUQhSw4TL0gN3IDLj7kbH5L84YZis5g","token_type":"Bearer","expires_in":3600,"scope":"user-read-playback-state user-read-currently-playing user-top-read"}
Spotify response status: 200
Spotify song data: {"is_playing":true,"timestamp":1784250918560,"context":{"external_urls":{"spotify":"https://open.spotify.com/playlist/37i9dQZF1F5p3rmiWPIYgZ"},"href":"https://api.spotify.com/v1/playlists/37i9dQZF1F5p...
Token response: {"access_token":"BQA7EQGkqK8rdOgu50eD3elxVXSXCVFjs2f-EPjholGqDkqpsGMqYHhWeavG7KRVFFAPt4Y7Ivy5Bi9qd2FqNK3G0cKjwJ_bOJOoS1vntbiF-8pygni_l-Ra1uLlkM7ba5GQ1y2Yw0C8bD8yXf5QsKyIJ4odMoEBl2wMROgnQYjvBoqC46jyWfTaTySv86knMNOdRD9IQC2U0kMf97O6t2_YkqVPbgMMr6AlQBbd7Jslhj21ZS1u5wkLaMT_yRTb7YbKcQ","token_type":"Bearer","expires_in":3600,"scope":"user-read-playback-state user-read-currently-playing user-top-read"}
Spotify response status: 200
Spotify song data: {"is_playing":true,"timestamp":1784250918560,"context":{"external_urls":{"spotify":"https://open.spotify.com/playlist/37i9dQZF1F5p3rmiWPIYgZ"},"href":"https://api.spotify.com/v1/playlists/37i9dQZF1F5p...
Token response: {"access_token":"BQAKjgFHgs7pZ3h_RMdIt7j9YGHN7fIW8pc-YimSaaO0chQeSqGKkWYaQ-NbVD_z2niaLl7J6LwfyYSTlEM-Utgo9xcRPM7O4v8MQTFfCgCG-ZUVj5b0TqmvntVkwASmmbmGj3vDgbT18oeC-fMDDQ6KrG-TsFqHqyGpf4jaYGiUJG_UpAGi4ty2ztb1VhxNt5z5i_zTIKySp3k9uLwFBCkmr4o00JJxq4gTFhetJJ_sVAL5LdYk-QFztCLuyBMZoo1qCw","token_type":"Bearer","expires_in":3600,"scope":"user-read-playback-state user-read-currently-playing user-top-read"}
Spotify response status: 200
Spotify song data: {"is_playing":true,"timestamp":1784251359236,"context":null,"progress_ms":19993,"item":{"album":{"album_type":"single","artists":[{"external_urls":{"spotify":"https://open.spotify.com/artist/3SvsaUFZZ...
Token response: {"access_token":"BQBjK5CJXp5Lwlxa3zNc2LHgrn_hU6_lCmZpxvhEDN3qlsnNRZyeRFSGrAQTQXCeAIpxAtSxlYL_HUTvfLXTh79VV76fB7Rl5adTKwE112DLDXiJ1xBYJC0OHPPhMvX5j4vAQzkakDkQkAPSyeuovo3rc-3PsLalhJ6abcL-YfAf4MD90EJeo4nAFH1z8os8c5AwMQyA2UehSo6e1SoxDy2ycAIIZZNn5SOWyg_Sjo3ZtCMVEpasOxN77Wvhy_1OmUhq9A","token_type":"Bearer","expires_in":3600,"scope":"user-read-playback-state user-read-currently-playing user-top-read"}
Spotify response status: 200
Spotify song data: {"is_playing":true,"timestamp":1784251359236,"context":null,"progress_ms":23885,"item":{"album":{"album_type":"single","artists":[{"external_urls":{"spotify":"https://open.spotify.com/artist/3SvsaUFZZ...
Token response: {"access_token":"BQD-ARsLluL0ZMn0uc-8LLm9VzQ55DOSE5ydySuxsxzES_zVkFJwaomFRj7IBWCAeDarvKsCJI2Iv7QweMcqHohyWWKJ9XAPHsNTAkcYhllxoWGtYuivAn0NBg7cRLuc7aK_ZMuej27t97QUmyjyH0sq3kV-P83yqLsqJLwLnDLj69UF1OunwfU2-_QWUW1pPfpB9RYjXtA8rb6a_QKL75rc0LgF3Rm1VgfIj-mqqgaGfckH7WaIy_BV_0Hgl8VQBDtVDw","token_type":"Bearer","expires_in":3600,"scope":"user-read-playback-state user-read-currently-playing user-top-read"}
Spotify response status: 200
Spotify song data: {"is_playing":true,"timestamp":1784251359236,"context":null,"progress_ms":28903,"item":{"album":{"album_type":"single","artists":[{"external_urls":{"spotify":"https://open.spotify.com/artist/3SvsaUFZZ...
Token response: {"access_token":"BQD0xaU_JmDmcTy1IWn3NXN4Hv72YP5mqu9UK0Gn1Yv-ou8hkoQBifUx7Z-UOfyWy6urnc-fa8LvaLSGUJPdQa2D0Ju6n9REcYS3gHDDT7oHTnAX2VsaPEfhAWO1PXHbP8HjMwgaZIwe2b3Kv4GgTLu0FktqOdA1WFmtunPGr94OsrkCVwgnaDmwDZokQ3S7rsY3_V6-nI8PvUkQDKSMhzaUWgXeA4mpyb_i-Zem5fAAGiq_vClMxIFGlAJWdRUy4ratlA","token_type":"Bearer","expires_in":3600,"scope":"user-read-playback-state user-read-currently-playing user-top-read"}
Spotify response status: 200
Spotify song data: {"is_playing":true,"timestamp":1784251359236,"context":null,"progress_ms":34494,"item":{"album":{"album_type":"single","artists":[{"external_urls":{"spotify":"https://open.spotify.com/artist/3SvsaUFZZ...
Token response: {"access_token":"BQChqjNWTSyNt0kd7geE7XahFOWFXmxII64T7YjVbOEiaYsTm0CHi3Z1kXsFcF6jdSke9MwiAll9TNVYPHubN-mpEZixraChGAZ0hFdGaUwPO0GnEhzHOHyxOz2RiFcYXsUMGk2sPi_6ZWNyXE30WHC1bn1tkz23dDiKd7TW5cPK8_BUNnpsYMHTlTHRku_mmVwCGWsyMvX2Hzk0mXb9nN5nGzdRuXjCxUS65y9kW4l5xQH-gmhdbrg1PFGRmqgTbWaV0w","token_type":"Bearer","expires_in":3600,"scope":"user-read-playback-state user-read-currently-playing user-top-read"}
Spotify response status: 200
Spotify song data: {"is_playing":true,"timestamp":1784251359236,"context":null,"progress_ms":39138,"item":{"album":{"album_type":"single","artists":[{"external_urls":{"spotify":"https://open.spotify.com/artist/3SvsaUFZZ...
Token response: {"access_token":"BQBV1PnI_rdeU5XxP6QZjcVYfLDfd_pu9Bw3cPRVeqPu5CZTB5idGhGxb8XilBlEd0l3lAGpx1IJSHoxG1W1JWu2ynuv2_UAYdSWcHkByYsua91XeoJKcMi5eegFbBX2xXhu_5R-bSZMZwn-xQhk395OAZB0edZsOMG12Hjp7ZsElIlWfaRO64EfkTGu3tssi15Bvyw1GvFK1sXcFzBPGL4NEdyTdP6QbFTul0iGLlxgija63ZHZECI70jbEx_1eKcTuzg","token_type":"Bearer","expires_in":3600,"scope":"user-read-playback-state user-read-currently-playing user-top-read"}
Spotify response status: 200
Spotify song data: {"is_playing":true,"timestamp":1784251359236,"context":null,"progress_ms":44151,"item":{"album":{"album_type":"single","artists":[{"external_urls":{"spotify":"https://open.spotify.com/artist/3SvsaUFZZ...
Token response: {"access_token":"BQDzb9H0Y9Zdq8Dr3UJ56qexqLLGzP7TFJghEqlMAlBWCGatwkdt8H5NtH0M-3op5UO34Kp6QZvOwLZjk3VvzjGbyXdedHekqo04uhTap6meakK7Ym2Sh1GRFSab0OM1GfIuyAt5VGwuX-zRNwCM8-oYRXXYUyPp2kBlSk8aAY244T9XvQnRtFufpx_rx3SfGLrNoRhx5VEl8tmmwbfb9c5zWtXTuX6v6Ac-UvW_EA2CdjMEOQG81F8jtYITWkpe2zxJdA","token_type":"Bearer","expires_in":3600,"scope":"user-read-playback-state user-read-currently-playing user-top-read"}
Spotify response status: 200
Spotify song data: {"is_playing":true,"timestamp":1784251359236,"context":null,"progress_ms":49979,"item":{"album":{"album_type":"single","artists":[{"external_urls":{"spotify":"https://open.spotify.com/artist/3SvsaUFZZ...
Token response: {"access_token":"BQB4P1v-T1W3ZBugbg0l_4DtnFF2bI6kWnG0R7pG0Zhh5RPZ-b3nCCR5qFx_JvhLiOTvyisv_iy9bteR_nUzky_2K_kOxNa_AURLg8kbyY37OHWqH15r_GDFCK7GgODLM8iZkpTqRhmU2O54AnwFx2OxY39uRRI551uge2sJb5VXw-y33os63YbVwr5J1Xsb6lDqCXHQXartp66viH_IYrScJl2Q5ySSszNbHSNryDhyP46fTIplb6cGFgrC00z-9h-2QQ","token_type":"Bearer","expires_in":3600,"scope":"user-read-playback-state user-read-currently-playing user-top-read"}
Spotify response status: 200
Spotify song data: {"is_playing":true,"timestamp":1784251359236,"context":null,"progress_ms":54776,"item":{"album":{"album_type":"single","artists":[{"external_urls":{"spotify":"https://open.spotify.com/artist/3SvsaUFZZ...
Token response: {"access_token":"BQC3cXMrdEV4j9pwTsGTk1N0J9bbiuDQF2-IuXDjCHOL9AoAiaHHxrH-DV88fWK92MEpNNloRT0nStK634VeZUpcbOQBmdlX4M_cDdgcD_-xL9NTFHj5ZbF-Jjaw9In8uK2fLCIRy5Mb5MMpJxzzdoW2l8t0t7ilHbbx0PmfXCTcWs56s0-EguGj0_XUCzgoAlJFgAKGeiHjz4aZNoE7GyHvdHVsrfYvB3HdYNcdZDJXU4XFS-6lsuR9G3AOPt51O-jGRQ","token_type":"Bearer","expires_in":3600,"scope":"user-read-playback-state user-read-currently-playing user-top-read"}
Spotify response status: 200
Spotify song data: {"is_playing":true,"timestamp":1784251359236,"context":null,"progress_ms":59431,"item":{"album":{"album_type":"single","artists":[{"external_urls":{"spotify":"https://open.spotify.com/artist/3SvsaUFZZ...
Token response: {"access_token":"BQBUE-b09d3_0C_8Pd8nxxKCdBoH-OTARk5BzCRSS7nXHqP5GE5FVRkcJKe5ehHDTjMW2gVMmUnmsNPxbUA_UuUXPnrZhJgpQPGvLdZ-C983jzNCnl31KnuWjE0JpwjiGZnw1QhdaSINP6Xxzw3YGJn_b106KlFhhmMK5iIQHOCDA5DpMi2JWCZ9ED_51adhOEYutDBYH3vDJHJf2FLUjshG_LfBpkrKEyyK8io0HXp9zaAKfzebkStmzTPC9vXhCcrdkA","token_type":"Bearer","expires_in":3600,"scope":"user-read-playback-state user-read-currently-playing user-top-read"}
Spotify response status: 200
Spotify song data: {"is_playing":true,"timestamp":1784251359236,"context":null,"progress_ms":64402,"item":{"album":{"album_type":"single","artists":[{"external_urls":{"spotify":"https://open.spotify.com/artist/3SvsaUFZZ...
Token response: {"access_token":"BQBaEsC7ggRmSD6RCliFA7QTqWUdc3VgLaxaaaWKg3FvDQdb0bKJxjkL4mSeC7bSdmaBMyaCq9zE8QFMwNQmYDhgSI8_eMT_nGRWfmsBQeaMkRCTCB5JwVpyV_BQcydI-JfeDPuXqsjsiJzw4FIYKyMoWgMM3NR45xUEx0wEdKPQDk7BnTg-RQCVqJuHBqFTqTI3RHnKFhMNjf88H5q5aZPS0eDZSXn-rgYR48u9861y7GrxTOhIL11TT26oFlAXVlR33w","token_type":"Bearer","expires_in":3600,"scope":"user-read-playback-state user-read-currently-playing user-top-read"}
Spotify response status: 200
Spotify song data: {"is_playing":true,"timestamp":1784251359236,"context":null,"progress_ms":69621,"item":{"album":{"album_type":"single","artists":[{"external_urls":{"spotify":"https://open.spotify.com/artist/3SvsaUFZZ...
Token response: {"access_token":"BQBojqczmQdwdYVjJsHC5XLHZp72VCrcgnxCuhgFXZ9KUmYPUuG4g8DY2-ToVVT8IcfIIsIDfTvL2F8GKgsB0tAHf399wEwo7TON3dkukp6k4ByVtVBoU699r21wLAT7g70JbzPHR9b69MNoCkLL2gTmgLEsgPP78zmqJn6eTVjOz4adCsMrNzhlFjcvCxp7YY4emkvwmCfEmitHVarnRCrUsj_8cRxgT1rVZ0zPXS8YCjqvRvfXSl7nbIa5D4iHWrb7rg","token_type":"Bearer","expires_in":3600,"scope":"user-read-playback-state user-read-currently-playing user-top-read"}
Spotify response status: 200
Spotify song data: {"is_playing":true,"timestamp":1784251359236,"context":null,"progress_ms":74441,"item":{"album":{"album_type":"single","artists":[{"external_urls":{"spotify":"https://open.spotify.com/artist/3SvsaUFZZ...
Token response: {"access_token":"BQA-pgIIv66LXSSqSx9XYbWId_f0sLZeaPrEf-tv5M-Dxv7mUZN9IId7JJ6PwVQKd5J5kygPi-KR16t3_mI3Vhqv0clFjnvlo62CrGwS4D17WJ3Gs8UYwNLVFqrolxEKlKg5pi0XqLQ_cBn7_EVyKRcRpbUng25RAL0HuCotWa8RZgQkJze1efFb-q7St6nTdMOYQflYJg0Nd0-xUzsf0CJ7OgpcZuOqTQrVDQQRnKA9LEon7Inq8PWwM0qb2m6CJtHRcw","token_type":"Bearer","expires_in":3600,"scope":"user-read-playback-state user-read-currently-playing user-top-read"}
Spotify response status: 200
Spotify song data: {"is_playing":true,"timestamp":1784251359236,"context":null,"progress_ms":79562,"item":{"album":{"album_type":"single","artists":[{"external_urls":{"spotify":"https://open.spotify.com/artist/3SvsaUFZZ...
Token response: {"access_token":"BQCvumLMRDG9Ftz7EH88epiSz_u1AZr4gQe2dqwZqcUNVwGToQGhkLHgckGe3iPyBxU6_Gb2ZcACAmEa1KtIvK2euQB1Tx_1hioSF9VcS1UYjMfLsLatVjJEn7Wio0ofF5_dT-hhEb-OkrbYvFqQueXaV8ZNMxPY6Jpbm6XbgeX_ww8bF7qHqpy6KgUfo8SL_zITGDOG8FCwtvD8iN0nM4aRgFmzgYxIJSCCs8jPeVHD3EF25K9S1exy6gOjl8fYNAA25g","token_type":"Bearer","expires_in":3600,"scope":"user-read-playback-state user-read-currently-playing user-top-read"}
Spotify response status: 200
Spotify song data: {"is_playing":true,"timestamp":1784251359236,"context":null,"progress_ms":84448,"item":{"album":{"album_type":"single","artists":[{"external_urls":{"spotify":"https://open.spotify.com/artist/3SvsaUFZZ...
Token response: {"access_token":"BQCn7kIn9ItbeYcymFiKNr7YCgpQsoXi-Qt3jC6RF4BW6g4PQY-CgsubtJgRAYxhBKf4-15IDyEmi1UvVNRPHPmEfAofHmPQm8yyTBQDrVFPu4WbY8YOV8-dSdeoWstlo-j4k9OUW5o5xGZGeJTMK3CzuLWNOTMGzLwN1MhY5b5a6PkOwBLXctPA0XxAjbYz2my-x7dMjBZJkh-9KmRXc0bScmFFZjgq4Ua8NxkjBxw80CqnL0b41x_X9riToBejCY2p7Q","token_type":"Bearer","expires_in":3600,"scope":"user-read-playback-state user-read-currently-playing user-top-read"}
Spotify response status: 200
Spotify song data: {"is_playing":true,"timestamp":1784251359236,"context":null,"progress_ms":89433,"item":{"album":{"album_type":"single","artists":[{"external_urls":{"spotify":"https://open.spotify.com/artist/3SvsaUFZZ...
Error fetching Spotify now playing: TypeError: fetch failed
Token response: {"access_token":"BQDPqwgpaT1wXSpeYVd9b_7tx2wHhHJoteFkqJ-3kEXSAjMwAPI0Z-GYAJV6MI4xT8C9E2IkTMT8HevpKMam3JJamWV9fbW-Phz2y0I_mAgG2H5NmODuoqDY6pMkkTAwIF9tXmxifi8mWvtopy1jlIfNfiTo8dI3ECSSWDTMVgPcXhNkYElOU5wG0jWFAl6nWLZqaWyFYsHoKK5MajzJ3WxupoGS9OPy58T5-lPBmCiNFHLlmdw-CDIMuwA8i8WYZuhZhQ","token_type":"Bearer","expires_in":3600,"scope":"user-read-playback-state user-read-currently-playing user-top-read"}
Spotify response status: 200
Spotify song data: {"is_playing":true,"timestamp":1784251359236,"context":null,"progress_ms":105110,"item":{"album":{"album_type":"single","artists":[{"external_urls":{"spotify":"https://open.spotify.com/artist/3SvsaUFZ...
Token response: {"access_token":"BQCSrMQEd1W_75323n66t7tLHyE2Bx4zhAeZ6KZTCkoCArqBJvfJpe5rZjrPtnVSJKyke3F9l4QbREouKXrQG4anqiXoIKhxH8uATkYLm0X3VGckgEamRD6QduGyY91QpIwrhqtoa2RWAkcF7qgjCDV-Yb-u9scP-SKginvtz0hoDiSp99_L3taq1LBRgwuw5CBmflVsZ9UwD0BFj29bdhCR1ndA7y-Jz1I_w01BF-NFvoGDCv-cR3-wyH8QK-GB1zze4w","token_type":"Bearer","expires_in":3600,"scope":"user-read-playback-state user-read-currently-playing user-top-read"}
Spotify response status: 200
Spotify song data: {"is_playing":true,"timestamp":1784251359236,"context":null,"progress_ms":105584,"item":{"album":{"album_type":"single","artists":[{"external_urls":{"spotify":"https://open.spotify.com/artist/3SvsaUFZ...
Token response: {"access_token":"BQAy2hYXKZtz4sT3SPxxxmQ2dUDkwZc_V3ofxso3UYzFKFh9a_OeZgjt5aEo53wG6AEGjFo7Pj4NWpyPNpakbiz1pyXw6xvbsLBH9nkdYcYvCaO_MTmWY1MPe_zJSkRKRDoENUTuNckM91n9V74VONZYAPeAn2vE7rWM9ngXZ4SSCoAqG6KCTFmnCXCkUI_La_anVbu2rfIaaZKJ119CkseP2_EfLXbIDIk7DoSUCCH_19RBa6cNF7OR-zw0KABbxhZM2w","token_type":"Bearer","expires_in":3600,"scope":"user-read-playback-state user-read-currently-playing user-top-read"}
Spotify response status: 200
Spotify song data: {"is_playing":true,"timestamp":1784251359236,"context":null,"progress_ms":165426,"item":{"album":{"album_type":"single","artists":[{"external_urls":{"spotify":"https://open.spotify.com/artist/3SvsaUFZ...
Token response: {"access_token":"BQAmBhBlkpkBCn3jJ8VdA-1Bw9DElvtZklDXcaGtx37YRhPtTdVFnf-eviTb5ROMKMyjC3sYRZ1zEu3YnkBSWN-7Ma9VgdlYGegj2YeVwMDjCJAW2Yp8VdL5aqWwEBJ53vVrAi1R1rilP-25ydPShwXAdjmfVPJRIHzp4UmfwNgojNtJE3ADMu1ZGH1jN9b-UdSeCLVmsnaYs1fmk1vrRJq68IBNPjHi8KilDTxIhFfTESl6Fw6XnmA2qZRnOg1yi2Wtpw","token_type":"Bearer","expires_in":3600,"scope":"user-read-playback-state user-read-currently-playing user-top-read"}
Spotify response status: 200
Spotify song data: {"is_playing":true,"timestamp":1784251534533,"context":null,"progress_ms":12840,"item":{"album":{"album_type":"single","artists":[{"external_urls":{"spotify":"https://open.spotify.com/artist/0vTVU0KH0...
Token response: {"access_token":"BQDnjemmnZvDc9JngsIdgbPBat0K-rLdtjh-8n_pj4HupxexKxkDgvXU76bO2xU-eJCriF5oXNISQ2bYlOkMAbUJGdsmOasmVEPyCulqQRgAI6hyrkpZZPmxO1nC5W5hDB7oDt2sHmcLmK2YkbmXCzXRN-Qp78P17_S_h4_KVg1fHxAImDHC4NjlyD3EG3CXz761N6eF6bdxbm4x5HRscdClaSjy3ID7yTannrdKyX5b2iZT-uO68OY55C9DTuSsCOjK1g","token_type":"Bearer","expires_in":3600,"scope":"user-read-playback-state user-read-currently-playing user-top-read"}
Spotify response status: 200
Spotify song data: {"is_playing":true,"timestamp":1784251534533,"context":null,"progress_ms":13809,"item":{"album":{"album_type":"single","artists":[{"external_urls":{"spotify":"https://open.spotify.com/artist/0vTVU0KH0...
Token response: {"access_token":"BQB0cpx-a_FyWqchc0umtcaFpWIBAoSxys5wn7m2kZpCRb4fyRLTbrpciG6ZPNxS5QxfBiQEF2Q6xZnd1rrzPwNpIcURP5uBYvrv4Wzw-xPv7FD1iytuKA3nP6c6WCMqZwkP-0zNuktKy3006xc1RUlnM5sUlRHW2Jv_VsDkUCxmqWrLcFL1E4VU-gTkHYV7y1GcSKuPqro97z5dFn_DijAssoMryySJ7ucMBnhE-dnvUhIww4kn4p_VaK0XU6ooK7PvBA","token_type":"Bearer","expires_in":3600,"scope":"user-read-playback-state user-read-currently-playing user-top-read"}
Spotify response status: 200
Spotify song data: {"is_playing":true,"timestamp":1784252229785,"context":null,"progress_ms":56415,"item":{"album":{"album_type":"single","artists":[{"external_urls":{"spotify":"https://open.spotify.com/artist/4qLwtWhlh...
Token response: {"access_token":"BQC0lVBswYbSVZwVbhs9I5UdjHIx65LCdw2QRQrWD3qHmAcBYNT143W9rCAEEGLhbGlFdUw6WAZvd7efMdsb0B54klQ60JTz02BPzKT8A132BBBushfyJERJ5-lwP-TvPXhWGO9qNw7xaojyMTdWrLYymjWns4OAWvC2HEaCpeoESG23trmWLRKBgOtzFsPp4T7OVNfj9o8_1euNSwPUnnMoB7A3EjPt-tB5iznrreSmqOY4UVChv17k-yoQzyuLA66X6w","token_type":"Bearer","expires_in":3600,"scope":"user-read-playback-state user-read-currently-playing user-top-read"}
Spotify response status: 204
Token response: {"access_token":"BQDyu7oxLs2aoxNuhB1rtqBAISKR9cXvx_INqLAv1tyTXBkr8kbaphJYmETPotGNX3HPbaavDqI8DT1qnkDyRnxqDeTyEqKdNJykI6uSjK2Bcf-6s-ADvbbLiQJZwSjhAQZMqWso0abi-gi8KVfixnvfAZG3DRA4zyW6_kK7g3AnL5p0f3UjyQykvXJMIPzRKVV7VB-mGbBl5nO_xSAB87v8UPvMIK3d4aCA3LuwEm2PlrxAnXmgnc0Q-Su0MnTThc5lQw","token_type":"Bearer","expires_in":3600,"scope":"user-read-playback-state user-read-currently-playing user-top-read"}
Spotify response status: 204
Token response: {"access_token":"BQCd58WN6cvQupYn9VGCvPC6RpVV1wNps3deIzRpHHE1tZglb-xLpUXi_bX0YjIs0iXEzRuNvxJ_5reZ4WiaONAv0Ao5C48UuH6XbnAeCHUAk138tNyglxSpqiMFUUs-ojL_bSUQ6Zdn72Ta299PjFiBO1cJOZtQFRvzCk3ZR4v-gdj3iLo8yDGCB5AC2M2EKjeztBPPHkiNE4N-3WRvHBXtLhMig_j-TRNnNN8pwrik1gYv7TEnylr2Gv5uOah6HEfw2Q","token_type":"Bearer","expires_in":3600,"scope":"user-read-playback-state user-read-currently-playing user-top-read"}
Spotify response status: 204
Token response: {"access_token":"BQCbcUtyA5yjzhJTcH-GHUGLnYSxXg_a8asSlGuPFDzq-xoYpUzpOKvYaveqTKog4aMa4SgBrA5zdH9fZM49puXArs-8w2jWMaPEn3eEDo-YX5-y0q76CVtGJGmQkfP6fn_ItVf-YQVxy8gMigziS_WW-l3bBQEY_67rYJ4SEKydKczSgSgEnf2N2teI_RM1q3zjCzRBOZrJBH5EjfiXRElZk6rRRjpy64suSRUTeYKkzMgDAafhcKaKk-ZV5i7zAFK2PQ","token_type":"Bearer","expires_in":3600,"scope":"user-read-playback-state user-read-currently-playing user-top-read"}
Spotify response status: 204
Token response: {"access_token":"BQDbe9VNTdrBzWf1wxvNIJlBj5W61wU2rHp0o9RofAJzlezAZY4DLpZKeTNxPPY2Ups7tnI6zByzHZ2xMMssX-pfQL3Bv1VZbe5GNhQML0Lk8FHlvVgXIu97Pu3oxEeiMHteY4WkE1kqBxKlEzA95phpXSscVYs9XTaoLrKh-hwXDvEF-JamqlVTwN1BhKHhfGZzzmcu2_rxL0z3x-1BQ74WgMSPC1PXmPcNmOSET_Rz2cBkvl8ScKlCjPON0bEuGUsKmA","token_type":"Bearer","expires_in":3600,"scope":"user-read-playback-state user-read-currently-playing user-top-read"}
Spotify response status: 204
Token response: {"access_token":"BQAadfQ5T8uoTC1gMQtMKjzhtH-xYX5vVwIfaRgzDjB6piUWeNE4l4NeUoquLNDOIy8a--FrRyGjXvGWu0cLntt33UciOZ5hUp8fFBHb35kPFdeouwQP-pofV2TmQ2rgoc_WNG4r1JVzAWf98y_Fc2CoDAXINCtbOBmhPFuMWceWA3aclbYygTVX4Ncad5XH0tBULtDj_TvgImR5S96JirfXl2W8Z7Os962DMmPmn71Zhs3irePUD3QJGSbtOtFL_wts_g","token_type":"Bearer","expires_in":3600,"scope":"user-read-playback-state user-read-currently-playing user-top-read"}
Spotify response status: 204
Token response: {"access_token":"BQBP6P32EAdRpMmFODODt4a_RElA8SjSY64hiP6eiBORj9B1tIsn6BhpLVIDx7rC7sNqMEHE7NfaOeXYv5T4P4Yu7oNwenaZzmegBCXQ3PtiUpXrFJX-jurinTY62C0pvGxKTU9FhkFEz81ap4IMq5m90Dp8yYl978NAbmXAq3hcBcrCJSLTJ_m1jcpecFaA-H_B7H2nlhyFZfRSllUUp21yrNjYCSz8aHUhn5g5PdocvMqKWpeucsTSYq3UVGGsa0pWrw","token_type":"Bearer","expires_in":3600,"scope":"user-read-playback-state user-read-currently-playing user-top-read"}
Spotify response status: 204
Token response: {"access_token":"BQBX94Pi0m4JeRjgsZxHDFXkifHBF-5PFF_6AIu-EwiXMHTxQReCpmR4Hyw9-NKac7chmiJ3cJVgsUFS43tTvkPOrTwor0uk1HdiLsoRGWxI3HP-IXLj1wVNpwlEq4uuTLbU-v2pD4ByJ32BfIkqy9LdLPW40dma41Id7W-H0gkiHVd2eUTDeS-zxT9rLIUioP0EgTI1nJVLrPLvxRqpoevXNrnzRxU9IKYdm9vbZ2FdSCZcsyrUhDLbHpnr3RZT2OvMOg","token_type":"Bearer","expires_in":3600,"scope":"user-read-playback-state user-read-currently-playing user-top-read"}
Spotify response status: 204
Token response: {"access_token":"BQCG8HTcgEcNvPwMNShfumGz0SfjmBEZC3Tfck3Q79kqv9lV1Q7CaZRkjh1pkqMnP7tEnePQk1ILt2eVU5MtD0r3U1oK9SGC007h6x4VYeEazBqOU_zkF7pPkT_ITkUsGLrm2RxpCEiZsAsAhzj0n-Cx25g8YkTmx3rnRbO4L7eyQw4l7dBnMFwYymfRgIbjo2GlRHOS6NOjCbOxrPuK3Bo0Det6OHLztGJEpMbRJkekjKAs3MjgkYBK2Sm8loYxddu5uQ","token_type":"Bearer","expires_in":3600,"scope":"user-read-playback-state user-read-currently-playing user-top-read"}
Spotify response status: 204
Token response: {"access_token":"BQAalVSHoCH3wduXLMN5Qpf3BQa6AemCuvzm6bLEVnWEPD5C7zlsm4RnshGaXrfQvg8rKa0mZhN8Kkk0pUPGwgVxZX_6sOfWWsyHFIBt2A0frkvAVGoiecjjC9hCt8wKqW5Th75-ypRjbSpOQFAl3522WLgErZ7zTr8xpCPXtyNMJeUbKCPMaHJrameqRabXjJQVg_auJo4UjzHEqDK4jmdHt8IL3clO7c3s8xrGPuX7A-4Qdf6PaLMmp0XHuBOThZ0IKg","token_type":"Bearer","expires_in":3600,"scope":"user-read-playback-state user-read-currently-playing user-top-read"}
Spotify response status: 204
Token response: {"access_token":"BQATq7JyOMpfKxHH8NPQovrW-XRZuSSSfx9MAPH5KeWkkBm9vAguQLqQpV08z8mKP2M4ne20l04xMZGs-K-3TDO64i3EEcchG3BMtaDdqwkCHOFLHbWNiWQ_ABZxIlQVxRYCe8ynPlzHmq576vGESWz3VibBO4MPtU_yzL8YktslvWZhh1VRBS8D5i-TBpFWF6X_Mbws1XTjjoDVyiU8nViUd3_PN3b7_Qq2d95TAjhS-rvyJrFk5kMUNR7wjNLOHqkB8w","token_type":"Bearer","expires_in":3600,"scope":"user-read-playback-state user-read-currently-playing user-top-read"}
Spotify response status: 200
Spotify song data: {"is_playing":true,"timestamp":1784272294264,"context":{"external_urls":{"spotify":"https://open.spotify.com/playlist/37i9dQZF1F5p3rmiWPIYgZ"},"href":"https://api.spotify.com/v1/playlists/37i9dQZF1F5p...
Token response: {"access_token":"BQBgI9MsqGi-ThumrQCGAsNK_0R_A2kwBapCGUFC-5YLRuqwxU-z8Tq2pnCqMhQjHtlK8fYtdO1C_fO2WNN253YiubmyHc6IQMvUQyXgb7sIOcgO6TQ0GGHZ9poPlwohWHpD5FQn9paTj9T6vIThMhTxhTCYeghFjr7LCklBcBp18NXxVhhIWGhYL6ypcMta5THpdyIO963z3_U4ZdGRxF6lGYfq9V0runolIPlt_J1S04gIHTp3_MAA6Smt6xIT7WRBQg","token_type":"Bearer","expires_in":3600,"scope":"user-read-playback-state user-read-currently-playing user-top-read"}
Spotify response status: 200
Spotify song data: {"is_playing":true,"timestamp":1784272294264,"context":{"external_urls":{"spotify":"https://open.spotify.com/playlist/37i9dQZF1F5p3rmiWPIYgZ"},"href":"https://api.spotify.com/v1/playlists/37i9dQZF1F5p...
Token response: {"access_token":"BQACjNwaAw_GCgmmYBqqQms3cWnANm__CzW3solXQYP7f0uHWS-YanCf0FIWPnlmn6aUXFkODR8efXdUa7v0QfvCSWU7VN3wT4cxEJhUfc7Nq-1h9czcgRcbT4HOiN940bBQrAdUpL7RLLPZFncjxdcny0FfhCDtVMzI-4Y7mTQy-I0Rxj9wFwyNs444qpw3z0NL7vzOrIJ2pijr0S48fjJrt_RSuh0Z8pGCjbe_djZyuRwn-eSazqA9WIRt3GnhnP_YLg","token_type":"Bearer","expires_in":3600,"scope":"user-read-playback-state user-read-currently-playing user-top-read"}
Spotify response status: 200
Spotify song data: {"is_playing":true,"timestamp":1784272294264,"context":{"external_urls":{"spotify":"https://open.spotify.com/playlist/37i9dQZF1F5p3rmiWPIYgZ"},"href":"https://api.spotify.com/v1/playlists/37i9dQZF1F5p...
Token response: {"access_token":"BQAPUILR5r17OIfYIJTdqD5JgYX1cNctv7RBjN5FiEFqev6ZiPW4VbFgIWXlMJU-McyK09mGNInuvKq6KZ3TAGgQDRQdG74x9z6SWIvQcFpqGhRWbe8cK_YjlxB_6lbGa75EIaDBmn8_e7bxu-F9R8KUxsST6su6bc4N77q9fwdKLDfJkENhdM0Xapv0Fg19Fiw23k8ESqRoVa3iZLT6c0gXLW6vJQQzf18nD0p_ubuIxM0hQgRyY99fjC1mppvoeTJDQg","token_type":"Bearer","expires_in":3600,"scope":"user-read-playback-state user-read-currently-playing user-top-read"}
Spotify response status: 200
Spotify song data: {"is_playing":true,"timestamp":1784272294264,"context":{"external_urls":{"spotify":"https://open.spotify.com/playlist/37i9dQZF1F5p3rmiWPIYgZ"},"href":"https://api.spotify.com/v1/playlists/37i9dQZF1F5p...
Token response: {"access_token":"BQAEpIs8nJbWZDhr3Qi2hW_czIe0X2KwJfWVnwrqYcwtxrw1EOA8uAU0_rav_bRYtmSzZXI38fEaNhKJ_GlhptN84EmI-QNqM7sCnQ6vF9c1FFp8tWhAf0buXH1g32GkFb-BXn9mJXn_FGB01JZz2hR8Y8JrluWSl4xLTQiLeawsYwgP8GjTHIq0-an5BLYlHGcvtqMvk73e_NUo7xloQ1qPfSM9_IOuMEVQT_Vo3JVbhd-EiMcsi3FX79Ly3IOSi1tEgw","token_type":"Bearer","expires_in":3600,"scope":"user-read-playback-state user-read-currently-playing user-top-read"}
Spotify response status: 200
Spotify song data: {"is_playing":true,"timestamp":1784272294264,"context":{"external_urls":{"spotify":"https://open.spotify.com/playlist/37i9dQZF1F5p3rmiWPIYgZ"},"href":"https://api.spotify.com/v1/playlists/37i9dQZF1F5p...
Token response: {"access_token":"BQC6mFVEcFY9EdCtcA_pDzaTVFx_g1BNV_ux0fxUlUKTq8rH-5JVVs-2gioDn78sTTZFdoCYkd0tqpSbGP17Kn9EFi_daMZer_RityF8Y2QDbCoXjf2ea6H2Hbxed9QvhlX0cxs3o8j5tnzzEKqBT3p_r2TzWi4C2y_uJ3JeEAjIyxWhX8G1_eALTB6l4TDo2eprAHxI1dCnQBcz6m-RrkOyekRHMAue2IY4_t7VABz9YYQHC7-4C7g_12UZX2dfSYKWIA","token_type":"Bearer","expires_in":3600,"scope":"user-read-playback-state user-read-currently-playing user-top-read"}
Spotify response status: 200
Spotify song data: {"is_playing":true,"timestamp":1784272294264,"context":{"external_urls":{"spotify":"https://open.spotify.com/playlist/37i9dQZF1F5p3rmiWPIYgZ"},"href":"https://api.spotify.com/v1/playlists/37i9dQZF1F5p...
Token response: {"access_token":"BQC2UKQk3ovg3P7lDlQKsSh1qH0OYTEho1Xrq_gRRqk9hDIvjf0NNLk3FGEii1-4YVOgSIEv-wVeSo1pCX2Y1yKu8HPXqZTKlfsIkV8Mw3TRm8RPXJbn1eIDcZ6VLGwLqOEfgIdXTkCx9dd8CgyDXS_5QyHLUfMGwgPJJ3CA7g9VQ4lYqP7oSU7eIkasYlLGEv-odlUgtsvTIB-yPcxQeJu61Qh-7RyoPXXCKDr4wBeanV6Nmx-JHZGQ3nYTd5NtVMgxrg","token_type":"Bearer","expires_in":3600,"scope":"user-read-playback-state user-read-currently-playing user-top-read"}
Spotify response status: 200
Spotify song data: {"is_playing":true,"timestamp":1784272294264,"context":{"external_urls":{"spotify":"https://open.spotify.com/playlist/37i9dQZF1F5p3rmiWPIYgZ"},"href":"https://api.spotify.com/v1/playlists/37i9dQZF1F5p...
Token response: {"access_token":"BQB9NSPfgrkfCv5nm01vNPtBTfH_jIfk0Y-U7_A8iFbpdqIqelr3ybLUxkEoIArK0QJFkLTbxC88X7_BF5OP4W6ENmgA0JEhiAmvmjbYI49ab8xga7ND4hmF4FpKEveNN8kHJZiQRYcuPCPPThyeK21Vtlvne5CK3VtRbAGBc24lj9aoP10w509WvFRAVI0z0IrXmIny3Wp8dM3IpwFXaww7XrNOeg06AKhXvn_WrTfBPWPOOJd3beCX_2AR0hwFWihHkg","token_type":"Bearer","expires_in":3600,"scope":"user-read-playback-state user-read-currently-playing user-top-read"}
Spotify response status: 200
Spotify song data: {"is_playing":true,"timestamp":1784272294264,"context":{"external_urls":{"spotify":"https://open.spotify.com/playlist/37i9dQZF1F5p3rmiWPIYgZ"},"href":"https://api.spotify.com/v1/playlists/37i9dQZF1F5p...
Token response: {"access_token":"BQDvb6eTpWdWS6e0Ka2kffVEMySbjkGMoWV2Mk9ZhEfDjW29nGLARLbWNfmj9MLDgbqYQZXy70B1HhLfLs7Lg0hRamxpmYDnDkWQcpQKfGmyVxmtzWGj5VEaeTxybYNrTSBU6lkA1NVH8TJIcHo7uOtwj-8Eh6XGtNlwM9m6ksk4B8amjxUxjlY9psz1hdJOUlAvvbdFgsRJFB8yteb6gTr2Jn48yNhyMbjr3uL8sseg_DhJMFBSYrjQhqGT1jWHKIVFOw","token_type":"Bearer","expires_in":3600,"scope":"user-read-playback-state user-read-currently-playing user-top-read"}
Spotify response status: 200
Spotify song data: {"is_playing":true,"timestamp":1784272294264,"context":{"external_urls":{"spotify":"https://open.spotify.com/playlist/37i9dQZF1F5p3rmiWPIYgZ"},"href":"https://api.spotify.com/v1/playlists/37i9dQZF1F5p...
Token response: {"access_token":"BQB-hRFi5bLs4_zGf07-uEP9iDqmCsicA9TNZXtrWcxfQqTp8uhbpO_z3jd2A-xf4YSPmx29YmUsHfF5T0d9J8IwF-M-HLsnZafhMI9_RgsVd3tlUtMvno_lnAsWdFKl6XE5l6PUbB6h3-0WmdIhpvCQfeA8oThpBCOFMEbZs6qntUxwfEPo3YaiFxwCfrczakBRGs9D_MLNAn2Knwsor4ghThm6bKw_3ihCIHe3TIa3DLRiUOMG7GQXZJoSsQNQL_kZJg","token_type":"Bearer","expires_in":3600,"scope":"user-read-playback-state user-read-currently-playing user-top-read"}
Spotify response status: 200
Spotify song data: {"is_playing":true,"timestamp":1784272294264,"context":{"external_urls":{"spotify":"https://open.spotify.com/playlist/37i9dQZF1F5p3rmiWPIYgZ"},"href":"https://api.spotify.com/v1/playlists/37i9dQZF1F5p...
Token response: {"access_token":"BQCwVEGde_6Yzpxh747GpHqx8WmSpRTUv1OHY93Wg5G8Cx7rZ3_mxSmwHUiqb1nFS1Zpe2VoHjs9ZIlsDYUb3qi5YQginjf8k3slhzXxTeYHHi8fFI2zmlSgeSywrMT7ImwfKYgNIRqfAhr_R9_0p5iEGMt-TNyqyHOeGfStuDOyebhFA5oALT3gzAJUVos2d8u9mLuIlJ15qyItlUcOWm2yUBqGzOUftkY_FXy1TyFc7Dqeuktu3iWY2IwkhD6B7_oqzQ","token_type":"Bearer","expires_in":3600,"scope":"user-read-playback-state user-read-currently-playing user-top-read"}
Spotify response status: 200
Spotify song data: {"is_playing":true,"timestamp":1784272296441,"context":{"external_urls":{"spotify":"https://open.spotify.com/playlist/37i9dQZF1F5p3rmiWPIYgZ"},"href":"https://api.spotify.com/v1/playlists/37i9dQZF1F5p...
Token response: {"access_token":"BQBnR3IRX-hqG454TqLpn03gS6P348nfc-jhVTpGuHsB-ELihkrCxoGa2wjhMKGYhN0mv9fDzRP_Z0IpKSFxdJoKViu7Klb7eoHVe4-jKtxD8hAq32Htkilo--VuLVS_mO4nhWYeV9uZ6gw3J4C--9j2J94ExwWT4iYLEaYFkm6Cm9PRGgzjVMcQaKR1J87495FGXJq4gc8seK7dSoYhWjMnYTBO-T-j9SmnOx6aKwPY6jJurLKjk5hCzK19XySSPsJxSA","token_type":"Bearer","expires_in":3600,"scope":"user-read-playback-state user-read-currently-playing user-top-read"}
Spotify response status: 200
Spotify song data: {"is_playing":true,"timestamp":1784272296441,"context":{"external_urls":{"spotify":"https://open.spotify.com/playlist/37i9dQZF1F5p3rmiWPIYgZ"},"href":"https://api.spotify.com/v1/playlists/37i9dQZF1F5p...
Token response: {"access_token":"BQCe9-PkcwZzTQz87zQQeOTXYqUyf1NWLj1hv2duN_NJSmy45Gh1CYndo_AgGmJc31e2E75nKU7CjsXXQ1NV37bEAN5LLTQhvltIRj5QQaQyrsdEPF50oJSGnjXWIn4i0HAGW0C1MeijJo9laqRAKnJuUN9AukW9oRk-OeFGpAKMd-sS4bNH1xqfz1ujGPTsWMo7ZHJ6ZjQ6g6QEdHyjpV3TgWWkCj5Qy00NIT_GUokPsajxRmAMeRg1h6vd43RAqwRqHA","token_type":"Bearer","expires_in":3600,"scope":"user-read-playback-state user-read-currently-playing user-top-read"}
Spotify response status: 200
Spotify song data: {"is_playing":true,"timestamp":1784272296441,"context":{"external_urls":{"spotify":"https://open.spotify.com/playlist/37i9dQZF1F5p3rmiWPIYgZ"},"href":"https://api.spotify.com/v1/playlists/37i9dQZF1F5p...
Token response: {"access_token":"BQBVZR8qrx4Utjxj5zz8z0F7OSLH6GlNqO2F75-h17YRShpwiMLRlVDRK3VGom8gpFHXB_prArKstJMAExI6H6KxpNR93pT5uSaKTHcflZHejn7-MJnhByFAQaRxNa-4_Aw4iK6LZTC-TU2BOfO0_AtkI-G8Jx3g9HYkP1qoubBE8aBEEC2Gomphxy8EGN0HO2OWmf96ZmeCpEy_hYgp3U3qZG8wjqXXq8ImtvhRAdAC3SlTwIgxXRzqAU4q_Rng8U4nAw","token_type":"Bearer","expires_in":3600,"scope":"user-read-playback-state user-read-currently-playing user-top-read"}
Spotify response status: 200
Spotify song data: {"is_playing":true,"timestamp":1784272296441,"context":{"external_urls":{"spotify":"https://open.spotify.com/playlist/37i9dQZF1F5p3rmiWPIYgZ"},"href":"https://api.spotify.com/v1/playlists/37i9dQZF1F5p...
Token response: {"access_token":"BQBaLBGHXOyMmADfVhauukRQBd4Zueirb7EF_9UAWfdLFRq_VNclixoQAO7ofbJxQ_Xolh7CqDfTygzmuYOb5ESh3nnL3W93tiLOxR_pydOP4arKNmVhpZN1UHXf3gEqT1yYv3PbRUsVND7H2dq8zRJgr7q1lrXYA6J0kxjy6_wm2Akv4g2OsMSnNPWjGJz7T0EKMFoqUqlyvvOa-rtzuxb2KqzqRXNvlxLJcdswhGx0DeCI2btkeEqFjTKUVe643j4oKg","token_type":"Bearer","expires_in":3600,"scope":"user-read-playback-state user-read-currently-playing user-top-read"}
Spotify response status: 200
Spotify song data: {"is_playing":true,"timestamp":1784272296616,"context":{"external_urls":{"spotify":"https://open.spotify.com/playlist/37i9dQZF1F5p3rmiWPIYgZ"},"href":"https://api.spotify.com/v1/playlists/37i9dQZF1F5p...
Token response: {"access_token":"BQCByVbkZqob1S4NIpqna5VhOzkrPaX_EqkPpsSx4LGfT4rSekHrgSs8aCHSqKDj3W6iySSVyN-NFpPCJfrZa_MAo1TIz5Z7vAjVDKV80sik_YrWAZ8obpSROjDp23YFnbym9r2EaWIE4EC2xc0d4LFHRYVwlb_lewsG9_uoLyfi1-RiLChIiTjpxxo1ZCMpXG_JzbFcY4MSv8AiQ8rBdUqlPk6TlQcf5YzK4fDuGSV3cZKXiDkJtr1_6RGzn6SiNQ6urA","token_type":"Bearer","expires_in":3600,"scope":"user-read-playback-state user-read-currently-playing user-top-read"}
Spotify response status: 200
Spotify song data: {"is_playing":true,"timestamp":1784272365421,"context":{"external_urls":{"spotify":"https://open.spotify.com/playlist/37i9dQZF1F5p3rmiWPIYgZ"},"href":"https://api.spotify.com/v1/playlists/37i9dQZF1F5p...
Token response: {"access_token":"BQDPhvv7rymazUYMG_kNO44WsG4r9HLCPVsftKnDBK4JWZHo0ZqoeeMDQX_i9_fowTQez5hZRta4ExP7IC6bIdvW9T3N39UdIABeW1EMTh8eFwfKnvOuCvVGQZ1oqHkRRyQrsYv5klthjTnAaOnJ59rlfhnao8IGqIhdqnpjrLmhEHSZlDimlh33xGdTgKL0GTLYpE1nZmtaGxPggF_G00M7MGfh_GO8Tw75KUmRUn1NHoyrDdgZ0SE9ude_GxZZuWl4sg","token_type":"Bearer","expires_in":3600,"scope":"user-read-playback-state user-read-currently-playing user-top-read"}
Spotify response status: 200
Spotify song data: {"is_playing":true,"timestamp":1784272365421,"context":{"external_urls":{"spotify":"https://open.spotify.com/playlist/37i9dQZF1F5p3rmiWPIYgZ"},"href":"https://api.spotify.com/v1/playlists/37i9dQZF1F5p...
Token response: {"access_token":"BQDCv3QDuW-p7GhNI7gx-VJUVfDLTjv_T-RKstcWT4FGCLb4K_-UgaZfiI0prPiiWX_1oq9MQkB3sGXIpNoFDDGyZueBOu8Poe2bX-T4-IlXARouNZ_IQxl4Gd1DEJfVJELtEZ6uM34bXVfXSlUSjP8VbslDRi9m_d67We5_MQrWNP3dwqDRWJ7SSRfg75_BZYclPZQsRWAR4YDO10Smv4k15rzgZCp3Rw4O4ZiYgtEdtyw4SlDl5I8xufX7WlHlQ6mfiw","token_type":"Bearer","expires_in":3600,"scope":"user-read-playback-state user-read-currently-playing user-top-read"}
Spotify response status: 200
Spotify song data: {"is_playing":true,"timestamp":1784272365421,"context":{"external_urls":{"spotify":"https://open.spotify.com/playlist/37i9dQZF1F5p3rmiWPIYgZ"},"href":"https://api.spotify.com/v1/playlists/37i9dQZF1F5p...
Token response: {"access_token":"BQCbIPElR6CAq5Ix6hcJxhy3ayNsAzIQtWkilEBL3SrATnEPWgn-lseHNr1_LzAzvNVnAF9SInccvhNwyzmwIhRFAStFTKeC2EEN0Rw0-BETEQW-n_Mtf2eGiXPrqwTgvIptwMK-nkn34YljnmJFz62p5gpeEW29zKAv7VZVmaexSJ35F1MtV79gTUGDtgZIpuzyP16s7OslA8HT5pNi_kBwPglpK8FwSmDDnVLIUo1MG158z6diAlv8_27dmAggFVecQg","token_type":"Bearer","expires_in":3600,"scope":"user-read-playback-state user-read-currently-playing user-top-read"}
Spotify response status: 200
Spotify song data: {"is_playing":true,"timestamp":1784272365421,"context":{"external_urls":{"spotify":"https://open.spotify.com/playlist/37i9dQZF1F5p3rmiWPIYgZ"},"href":"https://api.spotify.com/v1/playlists/37i9dQZF1F5p...
Token response: {"access_token":"BQBP5C7ZgJCp3y1nGvcj7JtyA2NwlNs1KrAgEVLF5yCkfvl4-2Jy9XflTzCku7mrhL4tDck_fDMMu0JduJTEWNinicEbx5BH5DRrtv1yCDYwgf9vv_2Xpf_7oj3AkguSu0B0hmb_xVhQ2EThiYUdAVpGFTLk5aXh0Uo8S0V3rMn1fQLLgthgay5Um3j1v4WvTGKtV92_7AVYNiNVI2fmYiUi_qRYQZb5PGajDTIwWAbyNDYePUaPhlBAH_wzd_mgDp5G9A","token_type":"Bearer","expires_in":3600,"scope":"user-read-playback-state user-read-currently-playing user-top-read"}
Spotify response status: 200
Spotify song data: {"is_playing":true,"timestamp":1784272365421,"context":{"external_urls":{"spotify":"https://open.spotify.com/playlist/37i9dQZF1F5p3rmiWPIYgZ"},"href":"https://api.spotify.com/v1/playlists/37i9dQZF1F5p...
Token response: {"access_token":"BQDEiDUED3iCdiqy9HEHQ1f1zG_02k3F3_6McjdlOPd1ztEzuU4svp4YaCgc0eUjGD9FVxnEtMXVE2Fvlig-EHAEB_ELBwyynsX2TV7vGJBSKAN2txMJygORXk_gNKoUvw5IIyZQHnJZ1gUlwcsySmU0F9vlRqIW6s6cpdu887RKTuZYSgZgp8AiJZ7aIkEXj6eWpzO-GCexaqxdcMYvQowBNWjtPG44zBl4faRBf4gyL4ERDKDRJe7j_Fmq9Uwvhaichw","token_type":"Bearer","expires_in":3600,"scope":"user-read-playback-state user-read-currently-playing user-top-read"}
Spotify response status: 200
Spotify song data: {"is_playing":true,"timestamp":1784273700464,"context":{"external_urls":{"spotify":"https://open.spotify.com/playlist/37i9dQZF1F5p3rmiWPIYgZ"},"href":"https://api.spotify.com/v1/playlists/37i9dQZF1F5p...
Token response: {"access_token":"BQBu2KdQj3eNcoOoHuwiEniit5mDf4Cwx447TuyrHDmGLcxvfrzOK9GqTqjDcd13vMtJf6Qz56-iHDGGTM3UXMg9kPJmhzLe7UJuNCnXiXcmXfTW7CBIPkPIb9OgDB-rin0st0UMeUKBym7-vxbLkcRrDP91mJfSCya0fgSLTMbDbD3zflXfqVwdPeId614XVjd9ySHLOYKzYTeUp_lOP9cbXVOjw-FbdJ27ZXrQ3BzhztZOfYX8O8Lb1XE9PAiVewrn1w","token_type":"Bearer","expires_in":3600,"scope":"user-read-playback-state user-read-currently-playing user-top-read"}
Spotify response status: 200
Spotify song data: {"is_playing":true,"timestamp":1784273700464,"context":{"external_urls":{"spotify":"https://open.spotify.com/playlist/37i9dQZF1F5p3rmiWPIYgZ"},"href":"https://api.spotify.com/v1/playlists/37i9dQZF1F5p...
Token response: {"access_token":"BQDG4hNEgd8VgpyBoQgcdKA30BmE1sa8tH89YIUuVn8ivOHbU4v1FaNSGP0uYDqHPcFkGfE52TDGab2YXNrWa00JRkg0eBE1QT-SZ0nepHTwsbuA86tD32XCj_Oa4_F2rwkVtG4J7k5vQITJmiN_2H9afsam6mGyOewwqbHmltxw-V6T2bl756C8HxCpil3vmbShGRYDih1g3L0pxMlI4Som2egdHbIhqdE-PNijAZhXjIETbvxoSlXnAp70py8Pm2P_Yw","token_type":"Bearer","expires_in":3600,"scope":"user-read-playback-state user-read-currently-playing user-top-read"}
Spotify response status: 200
Spotify song data: {"is_playing":true,"timestamp":1784273700464,"context":{"external_urls":{"spotify":"https://open.spotify.com/playlist/37i9dQZF1F5p3rmiWPIYgZ"},"href":"https://api.spotify.com/v1/playlists/37i9dQZF1F5p...
Token response: {"access_token":"BQAuTAM3idx-RDgR0TZAXw2V2snviMTzZC0ZuueoBbRdk3iHoTah_SUrpfNH4hLgfTgRDRBCFeITwF80NaQfnbWWWkmZGAOh1hkohP7HH3dGRNZYXEfpXWU6y4tranpIL8h44VisJyXJQNjz2ccOQSDtKion6leseodIQnchUGpkbciqkoP_XvNOttQQ6WLQM7vxDoPpF7fG6jFe4dtr74t5fM_tDnYv6bNTJIxhikJGOsDwoSKfbyDdNinbC2F09xB-9Q","token_type":"Bearer","expires_in":3600,"scope":"user-read-playback-state user-read-currently-playing user-top-read"}
Spotify response status: 200
Spotify song data: {"is_playing":true,"timestamp":1784273700464,"context":{"external_urls":{"spotify":"https://open.spotify.com/playlist/37i9dQZF1F5p3rmiWPIYgZ"},"href":"https://api.spotify.com/v1/playlists/37i9dQZF1F5p...
Token response: {"access_token":"BQCHqf5lY9FjyhE9gCTXvqcndVd3_E7LnTOe4B6shTjEHmoz3av2U9qEyOgi5RSxXcoYo6CuGokHtUU_T-P44XeIKlISwQoUWBDqfVK-ZWGlmyzmNJOXx4Llc-sA5z2Djhy9lCVBClLTpiH3WOJYWWOUqZKULcEhfcGV2yXMLC8UY5HkvVFdAJ-pWpFGFE-S8cvPDWRLiarAcZXgZoQwGwAAclxBzW_SGD7j2h1OfGbbdGld-sW-0sythNRvFjzlaBm3uw","token_type":"Bearer","expires_in":3600,"scope":"user-read-playback-state user-read-currently-playing user-top-read"}
Spotify response status: 200
Spotify song data: {"is_playing":true,"timestamp":1784273700464,"context":{"external_urls":{"spotify":"https://open.spotify.com/playlist/37i9dQZF1F5p3rmiWPIYgZ"},"href":"https://api.spotify.com/v1/playlists/37i9dQZF1F5p...
Token response: {"access_token":"BQBHoHFaS6tL6gYcNIwS5nLHYvLipThp0_bY0ilQXMhpnWyvmsM4omlPC-r04XC394lxzuXayRsGjYmsqR8ud4r2O2LQJLsw0JUZZN7rBYG1G8Q5PqNTjFW9iJ3VtHWiZSXTck-3b4bGpibHO_avSZRBQYn7rVFbjZYMz2KuLOdctldgWEXxL7ov9Dz8sQiFNg393zc2ACgxJMOy4UZYHvA6vNqC8z1oA6epSBZczZKtFUqybvfMnCFXNaBSeduOjrsEPg","token_type":"Bearer","expires_in":3600,"scope":"user-read-playback-state user-read-currently-playing user-top-read"}
Spotify response status: 200
Spotify song data: {"is_playing":true,"timestamp":1784273700464,"context":{"external_urls":{"spotify":"https://open.spotify.com/playlist/37i9dQZF1F5p3rmiWPIYgZ"},"href":"https://api.spotify.com/v1/playlists/37i9dQZF1F5p...
Token response: {"access_token":"BQD0gk-UUl2c862RrdlwOORc9V3pdjQdMnXjD3M0HHwXNLwOK_-i57mdX7FApC4Ilt-lW-0ygHoCTY0Xe6YQq_9YI_IG0aXh4hwTiB8qFjSSUZRsn8xRt4Kg-JflLYsDEgMEmBF1j8EaZJrGb9yzkfF-DI85QCZtscyES0sbQb85j3nWtciH50Oa7RJmXt3d_Slu_MoyLbhhqGNn8bgiKELajiBKevYfbLE6kPF9ho5vIrKk_QENBTRB5PNPWvBqly54Ow","token_type":"Bearer","expires_in":3600,"scope":"user-read-playback-state user-read-currently-playing user-top-read"}
Spotify response status: 200
Spotify song data: {"is_playing":true,"timestamp":1784273700464,"context":{"external_urls":{"spotify":"https://open.spotify.com/playlist/37i9dQZF1F5p3rmiWPIYgZ"},"href":"https://api.spotify.com/v1/playlists/37i9dQZF1F5p...
Token response: {"access_token":"BQCz4_96IqG7WZ99lry8ryMFJuOIXwZcFUmnW0BoWtkp6OVQVLJma3zBU4UL4UuKzaP0R1iO-EqmoDoj2LZG3HosV20huaFlXeDblHGliDGAH2FUSWwhUxSOIB0aR89C5R9hfoF9RmL_wPQo1NDvg93EThV3E4IObgmHZamISUWO4-XRbdCfrhmkTSOhwVczUDJ6LLXj-LSsvT9JNBeY0PfKjYC7bvjO9LBnyNbly8Ywd1DrRnbaZYHBMfHAuJg2JgyBzg","token_type":"Bearer","expires_in":3600,"scope":"user-read-playback-state user-read-currently-playing user-top-read"}
Spotify response status: 200
Spotify song data: {"is_playing":true,"timestamp":1784273700464,"context":{"external_urls":{"spotify":"https://open.spotify.com/playlist/37i9dQZF1F5p3rmiWPIYgZ"},"href":"https://api.spotify.com/v1/playlists/37i9dQZF1F5p...
Token response: {"access_token":"BQBSGY5eysSULyn5VNXlkkysJ0rp11UTh2qFAgZxujrlNyOMHECnnIOrEaHhDcafc2thX443a9hz86s-4-RoCaktpHdMuQOr9AUsRjKu4TpbGD7DIJ2zizSjTGjzP9tCASYRP0DOPUZu9J6KZNzDOmI70xc7EmvI0lW09k9BjjP0UyyazP_LyAkE0Aes11Ew9FRpomYO2d4SJlFWbTuZNnIysQ1xBlx_HyoSUN8H4XO9grb8em7H4R5oYzoGads5r4lPAw","token_type":"Bearer","expires_in":3600,"scope":"user-read-playback-state user-read-currently-playing user-top-read"}
Spotify response status: 200
Spotify song data: {"is_playing":true,"timestamp":1784273700464,"context":{"external_urls":{"spotify":"https://open.spotify.com/playlist/37i9dQZF1F5p3rmiWPIYgZ"},"href":"https://api.spotify.com/v1/playlists/37i9dQZF1F5p...
Token response: {"access_token":"BQAZQKILCUoPIp26KvjBGivShzBLMjwVvJBvG07OuXAJZ40JIqAZLnSHmVs3d9z7ncoX-Mh3Vfgu9GUNMR0P_EYUHfEm0HqpyRLkS9wWEdfYDoS0VQbdslqoE3gBNoOx4Cf7EpwdYQwwpMORSBtDEhbnZWRNG8oNVN7pxdY0w4PjB8uklN2wJ-9CaEYYh213aWTsovqRtGxeYD2LWZ9N2P7gfHjg7qflCKhiqBnegnCxNglt4pVu1TFlNWMXJzX8mOSf7w","token_type":"Bearer","expires_in":3600,"scope":"user-read-playback-state user-read-currently-playing user-top-read"}
Spotify response status: 200
Spotify song data: {"is_playing":true,"timestamp":1784273700464,"context":{"external_urls":{"spotify":"https://open.spotify.com/playlist/37i9dQZF1F5p3rmiWPIYgZ"},"href":"https://api.spotify.com/v1/playlists/37i9dQZF1F5p...
Token response: {"access_token":"BQAzOloHUZQh9FMs3MPNpW0kUBUfm9QAPfVoDJvHs7tGCYi30TVTBwY9-h63ADiqRJ31_tBjXTwClqdbYXbt8tbJnlg71B9NQ278EKT8OCPt3Dy-WWmbatp3zyuk6fPEaNY8moqPH9hY9QVCt_HJz0Dr-VuiQ6exNwFrIJMYQmDjWUCyaBa4KiuNlxeo8SWd9cDSefkD6hCX4a7v_bV7-ILDDBOEPOVWVVXA0gbrp8DI51CnU9me4xH0eJtce6el_Imglg","token_type":"Bearer","expires_in":3600,"scope":"user-read-playback-state user-read-currently-playing user-top-read"}
Spotify response status: 200
Spotify song data: {"is_playing":true,"timestamp":1784273700464,"context":{"external_urls":{"spotify":"https://open.spotify.com/playlist/37i9dQZF1F5p3rmiWPIYgZ"},"href":"https://api.spotify.com/v1/playlists/37i9dQZF1F5p...
Token response: {"access_token":"BQAuCCVhBLoGjkInYKlJxdi4nZQ9qKoec8SbC66BsmE8HX2IJUnJbWgfVdRCDstDRarKZ6mYJoI9KSd44N5DGlSn9H_n5_cNe7oO6aSv7i-yd-VhYCVxsNe-o30OTO4ysRfNu5K2Fy8kFcLlyQW3zOcfan8ApYVTB4gUTmf8zFJZFrDsunrf4k6uJP-9zx5uw1YMZQmSvx6-g6UuKrOSp_56eUjwwUNVS_dAVkF0u4Y30mXIvuoZ289R-aiICc7Mpzc_7g","token_type":"Bearer","expires_in":3600,"scope":"user-read-playback-state user-read-currently-playing user-top-read"}
Spotify response status: 200
Spotify song data: {"is_playing":true,"timestamp":1784273700464,"context":{"external_urls":{"spotify":"https://open.spotify.com/playlist/37i9dQZF1F5p3rmiWPIYgZ"},"href":"https://api.spotify.com/v1/playlists/37i9dQZF1F5p...
Token response: {"access_token":"BQBs98Xv4hOM9H0Rvf75nhVP-2Jph0szrEXVY11-6qGKV2PXiUSlVixB6hy9P5XIjsIJj5eIcAZNvU8usYD1fQ43VSFlEo7Hhzs_SWhzyRtpmULU89xXZmikvFsJi2i85JhEfhKg2oKoCRQ9mNnFeuxtBBJzBsSeEA7cIDIn3wV6k2cAuF6at26kjOmBPqf1St5N0lgYBRUkWXoA-ElmpVFiQRVHMPtRw9HkF8Xkojb7FG4fJGYVNw7S_icoGfKXtjs0PA","token_type":"Bearer","expires_in":3600,"scope":"user-read-playback-state user-read-currently-playing user-top-read"}
Spotify response status: 200
Spotify song data: {"is_playing":true,"timestamp":1784273700464,"context":{"external_urls":{"spotify":"https://open.spotify.com/playlist/37i9dQZF1F5p3rmiWPIYgZ"},"href":"https://api.spotify.com/v1/playlists/37i9dQZF1F5p...
Token response: {"access_token":"BQDipg9lNXcoT8SjX7JXjiGoGAq7MyB_2WEn_Kz5dVxS52T8MNUPJtNR3BObychKyOFjv3hrSSBnDpowoR6OugV-ASg_NnnNX1ouaJZbX0jjQ2EQ7TVmZogctP1RN28VjKzJOcK4fFqlxFHpsZ3ozHkqiHbI_Br0znDiBuxJ7OdLvFS9MqJEfam59RzErY4MbC8QygHujj21AKH6nuDsvM4kYukQWL58lliCni9ufWRY9fvZJS17Yip5B1ERfThj-72FCg","token_type":"Bearer","expires_in":3600,"scope":"user-read-playback-state user-read-currently-playing user-top-read"}
Spotify response status: 200
Spotify song data: {"is_playing":true,"timestamp":1784273700464,"context":{"external_urls":{"spotify":"https://open.spotify.com/playlist/37i9dQZF1F5p3rmiWPIYgZ"},"href":"https://api.spotify.com/v1/playlists/37i9dQZF1F5p...
Token response: {"access_token":"BQCBuh40iWn1_hYOsvQlyopT5kFQxKv8BoAUMwELyn8qJdosSnK9iUTqoUPvHwVYs5JuN9JL5-Tu2aOYR32STWFX9v7wllznwFx0x-5a-Op3iaF4c9HDJxzGei4yFh0I04vjbaqE38phtNR5rVuQmz1yIgtp_ltapNxfI6RXO2_RngC9FrWyTn9R4_QgAQ3OG3OAW7Sn_pjvqNtqiZP3-YoA0nmeSnQPTdSpgC5lSzY1kJQya2j9EYoQpP8Fjn2nkHdMjA","token_type":"Bearer","expires_in":3600,"scope":"user-read-playback-state user-read-currently-playing user-top-read"}
Spotify response status: 200
Spotify song data: {"is_playing":true,"timestamp":1784273700464,"context":{"external_urls":{"spotify":"https://open.spotify.com/playlist/37i9dQZF1F5p3rmiWPIYgZ"},"href":"https://api.spotify.com/v1/playlists/37i9dQZF1F5p...
Token response: {"access_token":"BQDtDJbC9xyFq08D0khMUCCFL1vzcyh1PJwDO5HdM8NAjksC0r18Bo6vcjXsR2HTuzaw1yZsFhbyoNSTkFtI81Pm361B9gUuUwSjopmmF1Zl4eTyx0w7ZO8d-uiwCWJLot-Nz8Z6ItLV9pOxulkve5Oi3wogEtq-BLOtUSRrlZmCeDZsDOFWKWBNiQpYx7qmmeSqJESsiVclHxZdGRfqR4Sj7sCKedfILXQpT8s05N0rSrQ4_z2t-UvMKhKECWbP0XYiRg","token_type":"Bearer","expires_in":3600,"scope":"user-read-playback-state user-read-currently-playing user-top-read"}
Spotify response status: 204
Token response: {"access_token":"BQAe4e2tO4u7_VJ1r4OkSp3UY6OEeTPv4F6-K01dJpDePnIkRqx-3tL2mh_0oskjgOZyiNe3yRaAYZ1LML-IQaEoBzAtRx9YMWN3j5SyrZHz-Q49Ne95JA1kLEGe1LdxIJ1TfxXOMX5sYw99f94IaSE1GEyOHjTK5u7xtrYQmyT3cIVcnXEbkckA1osMiDXO_ChtJjpTgk75-1nkInlQEolgjmIvMy7L10M5o-5Luvsz4nIOzIRPP1qj35lc--BEpQjAew","token_type":"Bearer","expires_in":3600,"scope":"user-read-playback-state user-read-currently-playing user-top-read"}
Spotify response status: 204
Token response: {"access_token":"BQASLoltqR10szjMd7aeQ4HVY0kXhpMTNETP2D3IFYqYvKdpxGPMjFng3ZkGQud1wKPc0R-zitaKSqBffLZpWvVnTh6xgmghiY7rngKLGbN25Q-EB0YXCVtPRrc8HoDZFMh0EPpbQvYCTWM58cdsgYfpKrJxU6PxPWLaeX85xHYqd2Ed3nNVok4UL-8C9SdGmq94uMttURB3ET9_Kn78TUgoNxgodKJicOKMKl6vKXxbuh4y8a6KdRBaiQnk4cJA7-rVyg","token_type":"Bearer","expires_in":3600,"scope":"user-read-playback-state user-read-currently-playing user-top-read"}
Spotify response status: 204
Token response: {"access_token":"BQBtEi7qNel0E_1jSfapyWBV3W-hxKY9H-w4hC_HQtOa36SUq6bsoOoIn4Q7zpgEN75mrDyH3Y4QrxQi-UIwlyUsJuDV-z68Hg-xzkFBAst-Srjip6Y9B8PfSGMUnbbv6l1AewA8I9l88GKbidAfFRswcYqyLLPy0QKbLJmK5yyR4hxa_j1Hm4ufPwa1l6VWnLT-qZd_j8YXbm0m73ApgksT8TegbZaembHxEejZcJXBwipT1gTpzmQFSvuE-WTp_HerIw","token_type":"Bearer","expires_in":3600,"scope":"user-read-playback-state user-read-currently-playing user-top-read"}
Spotify response status: 204
Token response: {"access_token":"BQBP_a9HnzW2cRp0JPJyxJ2WU77uIZfeAnbzOeMRjHlIIF8oHzJNDKsirpPtCYr5NaywrgKS__dXkTq_v_HBI_PhwZiDTsPYUzUUAEav7pzOZtXXFo0FQaETjp9xq084MRiA1xKo5hXoofQeVM9FhVDdNGcPxRSYuuFUliIE6NPixnAb4NETcwcjzQdOEfnCQdVQg9ziJNkhd6PSCPJGeUbaeN9khZlpPZw46TeneIt556aYIVZQy6u4fs0GRTScb6hapQ","token_type":"Bearer","expires_in":3600,"scope":"user-read-playback-state user-read-currently-playing user-top-read"}
Spotify response status: 204
Token response: {"access_token":"BQCFu-AtcUpKGd6KWw8n-Gi7KoGSwvBTxXi8b0nsE0qg9pw7e1nKS45n9MfXtWEuIMUVwROU5cZFWZe1WBYWwYB-7YjZs7Aflow6PixlE-VJKOFeHYholAkT54grTBES3O8cSfPaHoiECxAj-HHoyhiUsr3knD0CNbv4SHlku45Le9J641lPuh8wXjBtlyK88j9fEmsn5n33XIjDrKKfbLBiyYIF6b1XfVQ51SrAJd_ya1ugivPT12uGuwOZq-XrXidKzA","token_type":"Bearer","expires_in":3600,"scope":"user-read-playback-state user-read-currently-playing user-top-read"}
Spotify response status: 204
Token response: {"access_token":"BQBK9IVwnsbkcnnVjaTRLOBzVNlmn1HKZOnsX5W3x_AB0d1mK9vgvYB4nmoNU4gcApR9IeXMRIF2iOM9zFxqFW0xrVFk07mBlT5KY_bxDxPtTwfF5fAi_c_bT2KqZYVwzza3ZOpuIA8HU5rEJxRXHvcKjDY0FrO4KGY_FYXIqwH8gV02zKC9O_BYN-0dNNK2iQYr0ZLro3NBfSQGIAxCY2c6-nwFVA_L_6ahIVymhXdudxCtcgdsn-U5l6K_3XcmFPi66g","token_type":"Bearer","expires_in":3600,"scope":"user-read-playback-state user-read-currently-playing user-top-read"}
Spotify response status: 204
Token response: {"access_token":"BQDIAm8Tca-2skPBIXZ1vKN7mkWUQg9PfHc6Ib22ripDU9UkqkyKkEt3BQufWt9D3htCGUoBxbTMf7vsYVnOfToAZanxQTI4PYQLAjCfQS7XseXgyBY5By_Psu_ULQlKDnL5PSDQPcD5iMlFsPf2YK6oFu6wiYbO_jw4B-UuRDhcFZjBIQ1mOX1ER51wT8XRKwN6gLz6kPkf9qiUe7J_SWqQVdDEsNQVZ7i3S4ihd7SWpo9bbwliuGI_fkrYN7rvrwK5TA","token_type":"Bearer","expires_in":3600,"scope":"user-read-playback-state user-read-currently-playing user-top-read"}
Spotify response status: 204
Token response: {"access_token":"BQADcfjTxD7l5Y3lLiqZOdprGnTm9iudriZYsTvztbYrl9ZZ7LGf4dLELlv0IVgwtxvBKKS722WtXA7LgDLNWHn0ZvCD4XDQ_3d49zzaCE969ZhSsjoq8K4GaZ5sBwezZ0qTGwbR3cEYIkooIXxN55DjfoiyiXpadiKsm42YpBoFiVR8j9Rz1dDT02pwkHuOyMVNk6SbbFFt9IUFezcKmS0FpkfKE0PotdhbSR1a-OV3TweEvctGUPRelOagHSHMxGea1g","token_type":"Bearer","expires_in":3600,"scope":"user-read-playback-state user-read-currently-playing user-top-read"}
Spotify response status: 204
Token response: {"access_token":"BQCn5XGGq0kfGvnnQ7VVE4GkSHNbh4u1e9iqrv_sENSHGtHz_GjjHLLZkTdZUvfD0dl_Wh54BolsmYP6sB0_1KagxNyotjV8vfgAOnT8BSAJR4NmX-3JYw8SkDqTRz04Qr7IDh8-4qD_QQlFeFt-d-dWgz2vV4Tsvokb33r2gxLkDr_xgbrXfTojzKwO7BDsouNvh49VlnUZ-w84Blkj2qTH1ypDjSFHX3QU3PFNXhSomux6EaD4PXSXmZio6-IoUa0n3w","token_type":"Bearer","expires_in":3600,"scope":"user-read-playback-state user-read-currently-playing user-top-read"}
Spotify response status: 204
Token response: {"access_token":"BQDa0wIWwadEntdLZey01qQV84j7vBwm91NAouVQ5regf7ysP5IDjmzxUPAdzp9AYPOvfADXsinz_X0Gb6X5yUjqV1HPkyRz8iVwLxEbssrUjpimiVvX0u63o8_scTDcZUWy0UQajD4iO1KsA69O1qHiJ9pQwfmwBSt_0B9wD3jR4wy60Wj_YngsAT7cEQ-CtbyabrbWr8FeYHCDSBR35iOp7nGJwdWCqUjX04URcQRFeWyBfbIGATdj3sorwhnKptluKg","token_type":"Bearer","expires_in":3600,"scope":"user-read-playback-state user-read-currently-playing user-top-read"}
Spotify response status: 204
Token response: {"access_token":"BQD3zIXzF_sLFPnso4V22It4MDQgjy-Qy1__sc1Dm_HQc_h87FT-WJsOVfbFyBSfUqy6iyevxHkTcZPQ39Fq1Roo9mJqQ6yhzN74SjVdy0Pl2ARqBWlivY_fKgppORJiIOTKZB2IqWH1KsGDiOftZEe2T19qdWFg8jXhNR5VpjxH-EKDnBfUMcymmH2uF3d5KpkHWDrcAahumZWyRr6CrM_whV7d01SBIv5MAWxK08QiJG29CIrNdM-xC3UwLVJwi0OETw","token_type":"Bearer","expires_in":3600,"scope":"user-read-playback-state user-read-currently-playing user-top-read"}
Spotify response status: 204
Token response: {"access_token":"BQBM2u5pj335U1XiZRG24wH0zakoEQLmoa-ZOmbAwF7VkeCd2LU6fmxScaLsh0VGob_4CxHeVHQ9073g2wHoCcOJmF99kitQLPJyul5u3pydmdeU-QdCBvwsFjrPZMq2XlJCez9n4o1bDYpcy00yNR_8V3eg7hTNoRaLvDWgupPrd-Mxh9sOBehUySuljERuyYzxMqpFdoLUhMyILqJVBp2PuXIeSrPrXZd-akbXVrGaH9TbJxSnOhTSUrqk6wfhR9Tezw","token_type":"Bearer","expires_in":3600,"scope":"user-read-playback-state user-read-currently-playing user-top-read"}
Spotify response status: 204
Token response: {"access_token":"BQCvYuU5kghABZ2Dnm6RKYBtapjLOSGKyKBOEraa3z5RbiDqMYkihkeDHMwiLE4v-tbq19SNHnwEytfgFRaDOnoo_4O1Xo-R0LfC96HqvOgTd37FSlPWtDALwuLRT2DNBanKeB0HAPJtgMCnInghtC7IIu6jDhLxQ9XGypOmSewmZGqDK5WVtf9eB-UawLEh8R6Pjt4I46re9FgaArol2H76MzkGHhwPEKmFvfWi7EOiFCjpI6LVQYO0v_Hc-RmmGpKrLA","token_type":"Bearer","expires_in":3600,"scope":"user-read-playback-state user-read-currently-playing user-top-read"}
Spotify response status: 204
Token response: {"access_token":"BQCqq0Pi6WqKm3t1et9hLIYoPMUqlpixt6SC9Jd0Tu0dlP2g1l0mkpx4yxxyzYUxAr6WS-lu_H3TgvimQpJNifwhTAtYDTCi3dNW-D-luCkst2oHf-vOjYY6du3NwgAF0c6wOSKSlwd1ON9ugQXdDho_MK8oNv_eJPUPDX6E0RngRFJohmI-UaV0Iz8eInDU1L6oG5_SMwv5a0PXJh21ZzbdlnY5HgD-fasnHHdyixUimL2XWxBUtfG_omd_rsnldyMMzA","token_type":"Bearer","expires_in":3600,"scope":"user-read-playback-state user-read-currently-playing user-top-read"}
Spotify response status: 200
Spotify song data: {"is_playing":true,"timestamp":1785477222510,"context":{"external_urls":{"spotify":"https://open.spotify.com/playlist/37i9dQZF1F5p3rmiWPIYgZ"},"href":"https://api.spotify.com/v1/playlists/37i9dQZF1F5p...
Token response: {"access_token":"BQDNvB7EaxP5FdqGOsY8qC29tzfu-vczEBbSI5l2YJcnh-qsNTeV8nl-Eb0RYxcI4fL-Ou8FbxjDbJgsF4iwac2n2_LhUYEb8grXVUv6KzIPGsw-Kd_1AWpCFNa5zO8hJIRTEoPRb89gai5d_GwxyKeLWuKmGEYl1DbZNnaKgsEQ3s3m2p9ehWJYIdBcklskdSIfrfpHBUHue-_fpjHTRQAqONgvtcTDXqnZAqTfxpX1DM9BsoLWCJB8-Jj1qkKtIxncMw","token_type":"Bearer","expires_in":3600,"scope":"user-read-playback-state user-read-currently-playing user-top-read"}
Spotify response status: 200
Spotify song data: {"is_playing":true,"timestamp":1785477222510,"context":{"external_urls":{"spotify":"https://open.spotify.com/playlist/37i9dQZF1F5p3rmiWPIYgZ"},"href":"https://api.spotify.com/v1/playlists/37i9dQZF1F5p...
Token response: {"access_token":"BQANQNje2k2WQwuXBCkZesoO0WgyUiDCrYfCppV3AKPgc26a4HtDHIxvoKhQ6aGpgC4VuZ0ug4HUi5JkfJq6R1hH_hgUsWfuTX3TEjHqzGDS5lk5jFizIM98gJ9JTPnDONTWgiZi827XZBt-A2i0DHIkZYFh75ebW6rh9lT-UNmwloo_J_Ipad-tf5LD5igdIBE670K7HoYoU-yiZVO00ITiUG0VebUUnbvjzrn9PkhoidbvcBOEc_kwHEKNa_fshGNajg","token_type":"Bearer","expires_in":3600,"scope":"user-read-playback-state user-read-currently-playing user-top-read"}
Spotify response status: 200
Spotify song data: {"is_playing":true,"timestamp":1785477222510,"context":{"external_urls":{"spotify":"https://open.spotify.com/playlist/37i9dQZF1F5p3rmiWPIYgZ"},"href":"https://api.spotify.com/v1/playlists/37i9dQZF1F5p...
Token response: {"access_token":"BQD1pAWXnN6R_fvqv5eLB7giD2JAOhJUnFV5mifurLMFbjKWDp6LNTbsdmaYhXMkFs-7E42TS41hwHvXD4l-6bxO02AKyOic4S3MsGS1b7zh2qgIN8r6QkhpXIOaOudZAwh0O4PFuGJg4nLN_85L31HLU7g8rCjciNofX4x0slQB7WQGHup7CtPG271HZQmXjYYFv6kKbdUAUMKc9DTIWB4_6eKHjbrqvHjFOJXCEL2-J5B4um1YWMZjp9zBDuCHSNiLZQ","token_type":"Bearer","expires_in":3600,"scope":"user-read-playback-state user-read-currently-playing user-top-read"}
Spotify response status: 200
Spotify song data: {"is_playing":true,"timestamp":1785477222510,"context":{"external_urls":{"spotify":"https://open.spotify.com/playlist/37i9dQZF1F5p3rmiWPIYgZ"},"href":"https://api.spotify.com/v1/playlists/37i9dQZF1F5p...
Token response: {"access_token":"BQBw_UldH3HjcOM7M7Y6_U0Qd8x3Sc1MqqPHQy5_PnNG9K0OF8VSMQ17NwoNrLRr1qEgWkQVuOlQp5KQcl9-kDMUNm0yJEQ6Bx1LGmBx2E1DhBl0WJqUciNF0lfAXHQeojuBC9bgHsDYo6AJtp965kI4A5wD4OIGPUqrI6iMCsjuiYotsvvOeh8eoK_2vuUb_iMaTTVCRzlEzlgxKkncLAMutIKpvNwzeY1WnEE7frsRfWXOQj6EGD5KbR83iK9hqY_htw","token_type":"Bearer","expires_in":3600,"scope":"user-read-playback-state user-read-currently-playing user-top-read"}
Spotify response status: 200
Spotify song data: {"is_playing":true,"timestamp":1785477222510,"context":{"external_urls":{"spotify":"https://open.spotify.com/playlist/37i9dQZF1F5p3rmiWPIYgZ"},"href":"https://api.spotify.com/v1/playlists/37i9dQZF1F5p...
Token response: {"access_token":"BQD6Db31OPXGSh6cKdlhi1Y_mjiyXcm4kNgnFujRDWeHb72Dx_ZPyYTqCydpGNcOSOUyrLATeUMEzY7s28r5FpzEp5_UoGKfmi0LzBw1FXi-ncH7Dt0nOLq6byziro8nehTkpsdsESvGaChotibCmZBeE7Ph8M4E3A0x4yKYqowKXkHHNV8jelAo7EhLW2eq3xtcyxgQswumsj7-vM5sus9pkyR9Lcjsk-5I19tdWd3CG9LYpAzraM-GcqctdVb-H5UWcw","token_type":"Bearer","expires_in":3600,"scope":"user-read-playback-state user-read-currently-playing user-top-read"}
Spotify response status: 200
Spotify song data: {"is_playing":true,"timestamp":1785477222510,"context":{"external_urls":{"spotify":"https://open.spotify.com/playlist/37i9dQZF1F5p3rmiWPIYgZ"},"href":"https://api.spotify.com/v1/playlists/37i9dQZF1F5p...
Token response: {"access_token":"BQA0O8XxOH16ksqhgQwk9hWcD1s2Ue-Z81WvNvVyYMppT7hI_njHKjjWcajQStvoPfiwo92HLEFBF8b9fQ0_CnWiWij2LfkbMIIwABLJn7ww5lTHUJnbI4fY7_gtp-Oc_-qS3qrIKWg9XKsHjPlcs8eEO9r9OdmFRTe8f4tGAiL-DeYjpJVsMFUZtHjt6yRhlhA0mEEkQS7RD5ty71NVN_vIPv1_kSGZY2cIU3gRft12ETGIdzLBO7gqTHBNNKIetnKXgA","token_type":"Bearer","expires_in":3600,"scope":"user-read-playback-state user-read-currently-playing user-top-read"}
Spotify response status: 200
Spotify song data: {"is_playing":true,"timestamp":1785477222510,"context":{"external_urls":{"spotify":"https://open.spotify.com/playlist/37i9dQZF1F5p3rmiWPIYgZ"},"href":"https://api.spotify.com/v1/playlists/37i9dQZF1F5p...
Token response: {"access_token":"BQBq_d8btoGCOdyDEFLt6b9G4FLARFGV6T8WxgAEGlJ6dJyqw-3alufm96sCbWmdwSxOuvUqP0w_6NG6JYfwKPUzdNq3MIGiNt2srF0zVZ2NFW_dcHlWXlUX1YAVbl9PW6QIYKz5DWHqiZxRQy5K9zeQ2vNHaO4MaRPKiHyTlqaQab42A_rBMycrXkhbLHWyQOtFI6V9PsRpoUcoSjZzTVwDK4PReWQZtDR33w4_-Lwf1QvrltN-3EXoIH7AKIE-hY7kJw","token_type":"Bearer","expires_in":3600,"scope":"user-read-playback-state user-read-currently-playing user-top-read"}
Spotify response status: 200
Spotify song data: {"is_playing":true,"timestamp":1785477222510,"context":{"external_urls":{"spotify":"https://open.spotify.com/playlist/37i9dQZF1F5p3rmiWPIYgZ"},"href":"https://api.spotify.com/v1/playlists/37i9dQZF1F5p...
Token response: {"access_token":"BQCzFZDo2iKHgjGDm4EUECh3t8nUDGx60un9XHtVWwpwq2eqGSdlfm0eEVqP254Eevy502pr8k7uxoSR5sE4w5mC_MFzZXwFF6Zgj55ej1fFXzJLCj3BOjD8lBc1MWk7sP9IzXMFgEE1TV59rjiRTyU69lc1hszM5hZQXu5jar6dLlyKiTd8t64zy8b2Q9fusoZggcWzJFGSqV0DxqsbWjzUlcZUQkXkQX2lDS7GhzX-PDuEiXGjZwvZgCbkjNSB3ozsiw","token_type":"Bearer","expires_in":3600,"scope":"user-read-playback-state user-read-currently-playing user-top-read"}
Spotify response status: 200
Spotify song data: {"is_playing":true,"timestamp":1785477222510,"context":{"external_urls":{"spotify":"https://open.spotify.com/playlist/37i9dQZF1F5p3rmiWPIYgZ"},"href":"https://api.spotify.com/v1/playlists/37i9dQZF1F5p...
Token response: {"access_token":"BQDH_9lTSUT97wXi1iOmpPsp-rxGlfzFi3S1bBmNdvNlVPeX927e36VxLl0EZQnbZjGH1vX_MiYXSzMIlr-ntUVU0_kc1vn8lrXFQZytf2k7tN91zOSlDcHyHPZcEjF7qvxTI_fYcJy4eM3FF7uJxqRRx1sF7ur5aGJ-rE6k4S0qVnIlkUMHpy5KKb8q8yR6963m-lBUJyLsrahLelnzDFiYTHaBIsI1TG961r4N8Otx46n72mkhw5OOJ_eZiXE3FAimPA","token_type":"Bearer","expires_in":3600,"scope":"user-read-playback-state user-read-currently-playing user-top-read"}
Spotify response status: 200
Spotify song data: {"is_playing":true,"timestamp":1785477222510,"context":{"external_urls":{"spotify":"https://open.spotify.com/playlist/37i9dQZF1F5p3rmiWPIYgZ"},"href":"https://api.spotify.com/v1/playlists/37i9dQZF1F5p...
Token response: {"access_token":"BQAOllUGW55c_D0mGYRXSCwhipqQyB_V6blPbf3SGfM3HJewWxKE6YrhVh19gs-8tUlSCDBxzj9ucnruvqWT7189KTXVtd-3_--qggdKIqAjLVkPyPGi9zJ0rIlkLciulKzbmuW0bbyXRXL0cv2Hpap4G8q-d0QooKHqsLMk1fg-OXjrcEQpoZ-LDntQNMmu4Lnj6c9OxP0-4phnbamOQ93bLgMI9mg9pOFELxkXXpwV_hkmgPF9kTSwtbpEQbR4f0mynw","token_type":"Bearer","expires_in":3600,"scope":"user-read-playback-state user-read-currently-playing user-top-read"}
Spotify response status: 200
Spotify song data: {"is_playing":true,"timestamp":1785477222510,"context":{"external_urls":{"spotify":"https://open.spotify.com/playlist/37i9dQZF1F5p3rmiWPIYgZ"},"href":"https://api.spotify.com/v1/playlists/37i9dQZF1F5p...
Token response: {"access_token":"BQDeUhEWzqHOng0k_tl7OHfQ11HtgrrgepeJSyoFqVfJ8YnpIMA3-pFI2pZ6tOn-xQlktQu8fcxSgfaHLYCz6UCq68evQH7_R58dkXW126hjN5pRm8qYc-GuGHm62UO6CAF_LSJNJCaeWL9Fq0lFjlEUsBIZaahqzUNJRcfXlbiarZ6q83-Htq8exdnX0GVEKWzhHs7N76VHhqudaioMJJvf891561OtyFDm-wGmbt6nYW3X4BAWEwAU8p1LB4GffNVQpA","token_type":"Bearer","expires_in":3600,"scope":"user-read-playback-state user-read-currently-playing user-top-read"}
Spotify response status: 200
Spotify song data: {"is_playing":true,"timestamp":1785477222510,"context":{"external_urls":{"spotify":"https://open.spotify.com/playlist/37i9dQZF1F5p3rmiWPIYgZ"},"href":"https://api.spotify.com/v1/playlists/37i9dQZF1F5p...
Token response: {"access_token":"BQDUR22FZjQKfO7NOIU9MW2k50oFXNxGcKztezQf_zI337AVvTYO4wGkYXLudLJ5a6qSI9jGut_3QnPaiNPSQukpzrHSD6FN_8_SsGtApVVxzYGffT-SguHrcgsBhdq7Cz-opmQJVjyYTtIw5UddrtDyqvhMkkWWuk2uoyceE3jcO-TIiDZSr5ikVkv3BBqvWYuiMDfAlTm7dmOOBcKV8zhH3E0cFd-eXEQKaOp2hubihqygitIwcbH1keFAb-ER0kd7Tw","token_type":"Bearer","expires_in":3600,"scope":"user-read-playback-state user-read-currently-playing user-top-read"}
Spotify response status: 200
Spotify song data: {"is_playing":true,"timestamp":1785477222510,"context":{"external_urls":{"spotify":"https://open.spotify.com/playlist/37i9dQZF1F5p3rmiWPIYgZ"},"href":"https://api.spotify.com/v1/playlists/37i9dQZF1F5p...
Token response: {"access_token":"BQCBrkItmr5icm_lwu9Z4IfT7XkMKnoJEEjyNb19D5o5a0SLqhXizxT_iy0xrlriqHmOaemIMkk_XVDTgDZ-1X0ON8H-6Y936MJejKglQzKtkKbuxkpDI4er2W4CnQa4XG-vo5Bj-_4kySzYSISdqT7zPQTwQrRBFK3yDRATvQKA5hp4Y5Fx2yavUg8h0vDkZtv4L4T6153kEIuu6zFJd_HmSy6sUgrFRLFWQjPjTwA082hSKQ7u5wUodtHaZ7f_Ep92Gg","token_type":"Bearer","expires_in":3600,"scope":"user-read-playback-state user-read-currently-playing user-top-read"}
Spotify response status: 200
Spotify song data: {"is_playing":true,"timestamp":1785477222510,"context":{"external_urls":{"spotify":"https://open.spotify.com/playlist/37i9dQZF1F5p3rmiWPIYgZ"},"href":"https://api.spotify.com/v1/playlists/37i9dQZF1F5p...
Token response: {"access_token":"BQCK0nW9rJO7zSE6SASZTWOVHkgjzbleTznQcwQAn52mhzfLiqqi6eYzab5aBYVRJHTHqUESfkEU65CmLG0f5kmfFcnWDPUeu9xof3wQqHljojpu6dq3EU5JgiXDQ3JvlQOlMEh8g42BSYYn3jjwz8_gzaLQNY2vSvrskXd8btfQn9q0kmCXfU3hLBIvc3hP7vGxmKpW1_5cYOFC8ceNjBxWJt68zzbCbnFd2XxsqGhYHpBkoh2k3wfUohA4NgCXypPN6A","token_type":"Bearer","expires_in":3600,"scope":"user-read-playback-state user-read-currently-playing user-top-read"}
Spotify response status: 200
Spotify song data: {"is_playing":true,"timestamp":1785477222510,"context":{"external_urls":{"spotify":"https://open.spotify.com/playlist/37i9dQZF1F5p3rmiWPIYgZ"},"href":"https://api.spotify.com/v1/playlists/37i9dQZF1F5p...
Token response: {"access_token":"BQDFa1U5tnvEkZL82aaibtNWi8iQjE7MjJy32JngQ1iOUOO75Wm1InDCFza3Fu2RAqsvSujuffKbNZOJksIwI81qjKceKyk8wh4QRV6U3OKWb7fi1O4jiNKZA1YqQErAGBYXVVN_bGUtHJSn7E04tiCjGa-SzviBEeH5wHOlrbwYrPygFuGy6-gSAwxUxIivL7aWDZZGmBQPcfyINtk9xNrbttSRK8pRcqqxBQWh8AL6mrEOJxzO1D7Djpnezu_QxIHZ3g","token_type":"Bearer","expires_in":3600,"scope":"user-read-playback-state user-read-currently-playing user-top-read"}
Spotify response status: 200
Spotify song data: {"is_playing":true,"timestamp":1785477222510,"context":{"external_urls":{"spotify":"https://open.spotify.com/playlist/37i9dQZF1F5p3rmiWPIYgZ"},"href":"https://api.spotify.com/v1/playlists/37i9dQZF1F5p...
Token response: {"access_token":"BQC84E3CCYqN8Rh1FHoIXw-VrLTNt4_YyzNycbfYdNxpHa6mI8KVhVX8Qqp654MMzST4I_TYnYTfb5LiNwhrH7YR11OEYWHtKexKbG8gyCbeV1Zk2QMDTkL_iBl657h8vgjUVpVjZw6o0AAtpnFFfbaetuK-qqI7_n1bLbLVcaPnEvaprp1Y-Cf6QGvHLWfc2p9E1HDeBUz5QP7pq4_vShXhaw6JghCgpjIDXkySPKLqOgM7DLoi5Z3oZFP0XiO5syd59A","token_type":"Bearer","expires_in":3600,"scope":"user-read-playback-state user-read-currently-playing user-top-read"}
Spotify response status: 200
Spotify song data: {"is_playing":true,"timestamp":1785477222510,"context":{"external_urls":{"spotify":"https://open.spotify.com/playlist/37i9dQZF1F5p3rmiWPIYgZ"},"href":"https://api.spotify.com/v1/playlists/37i9dQZF1F5p...
Token response: {"access_token":"BQDurkDXFMfQdOyuqmJ2sziMx2Eik7NhjrtGqIIDDG4tPKlvGiR76K7xr37XqV4smMn0saaqKIEOyJCUonvGtcwRvP8lyBxPm0Up525bi51-zdqLaUFJXy28V5aahV1FJD_MHM0-4c4y6eFD_CjpF2TSsOdYseN8-aiH3O87NHsD1cIdzfA_B_pCCq6-RTTTAYsdXNAuZmDjkSQjnIM3--Iy_MmLecHZ4_-gauuhM2U0eS86STeCbbwK9SjqxXa9Qz3RSA","token_type":"Bearer","expires_in":3600,"scope":"user-read-playback-state user-read-currently-playing user-top-read"}
Spotify response status: 200
Spotify song data: {"is_playing":true,"timestamp":1785477222510,"context":{"external_urls":{"spotify":"https://open.spotify.com/playlist/37i9dQZF1F5p3rmiWPIYgZ"},"href":"https://api.spotify.com/v1/playlists/37i9dQZF1F5p...
Token response: {"access_token":"BQBwpianZcpl0ZTPzCqYCa8X5aAp9YiMHp0r9p1WPXnr8Cbmd6T5xWtDLsl6pQlj2kVVzTWLYonTFCuKUxn-JP-UQaIJ2rb8ZhZ_QnSZtnCh3RyQ1EtKdIcJ2mmkiYMcKf8XrvhFqJzimK7SPvOGWujYkCUju5kVUaSM6iedQDx906-o3pgypVMA8DGZNF3H3CKyrwHi5iD9G6dyAZNl8I4TSgl0Pq48H5Bsxxnt3execnIUOFQbFXnJsuDi_6pyti-NYQ","token_type":"Bearer","expires_in":3600,"scope":"user-read-playback-state user-read-currently-playing user-top-read"}
Spotify response status: 200
Spotify song data: {"is_playing":true,"timestamp":1785477222510,"context":{"external_urls":{"spotify":"https://open.spotify.com/playlist/37i9dQZF1F5p3rmiWPIYgZ"},"href":"https://api.spotify.com/v1/playlists/37i9dQZF1F5p...
Token response: {"access_token":"BQDw3Q4u7APefSyXEnskXji2ZCVkkiWRqGEVsXmgCZcQfPPGCh8DTf40A9kTkbXI7E6ghxRSG3WjQC1ecwlo3SClzqxqPDTkDugu7wACaFFEAPOPChiWnm2GgJLWe6_UuxN0edCe_zQxcFkW9IfKJCV5dzP8dQ5UxRyzytSQ97TcqxbOp-7bCFG8o7WiOBsx_huutfCEE4A2bMHUKX26Snpk9E9JH9DCnZ7ym3Ve8RnqSHLx676I03eQ4avOh5YCbgfHkg","token_type":"Bearer","expires_in":3600,"scope":"user-read-playback-state user-read-currently-playing user-top-read"}
Spotify response status: 200
Spotify song data: {"is_playing":true,"timestamp":1785477222510,"context":{"external_urls":{"spotify":"https://open.spotify.com/playlist/37i9dQZF1F5p3rmiWPIYgZ"},"href":"https://api.spotify.com/v1/playlists/37i9dQZF1F5p...
Token response: {"access_token":"BQD58Ujapezab85QW--xTiMbzvzjAb7dafAxM7SB1MZGONafvADC_JWySKJiUVvVvobJ4T7AR3dQNsVHkxrMRFN6_XDUiTGWUVt0JkqhdNiU3eSETH8iRCY0k19__mkBOYMWw5OgBIUu9Y4GPRjU4j5IkZtgaizBKA6SmtK9x26q_oNoyMiYqO6zPUjseXyYPOqq9ezIBfUkGgEnyRFBNqszDvvftIhSP-HZpEusB0i9GFSBUeADeIaDPZc09mNnKku3Fw","token_type":"Bearer","expires_in":3600,"scope":"user-read-playback-state user-read-currently-playing user-top-read"}
Spotify response status: 200
Spotify song data: {"is_playing":true,"timestamp":1785477222510,"context":{"external_urls":{"spotify":"https://open.spotify.com/playlist/37i9dQZF1F5p3rmiWPIYgZ"},"href":"https://api.spotify.com/v1/playlists/37i9dQZF1F5p...
Token response: {"access_token":"BQCb3LaAi1BxLO2M_UeDFxG5_aG9OXomMI5ZC7GEvXtcYcWPEHfRifsjq8BCLzIyRKPgQa7HTqy8cR6S1khEhThn2_GdmycHBwpAJverx8mxIKQApvqgKJCz_55gJlzgDC_zLiYtdH4rD9IKDgcBNyldIeRZONMxSFXVU7y-irUTeSViPfDoeNIUd0pMX4n9dNpwIc1GEf1WxP15vLjrx6xL6hsgB-DGAB_PrNuvDGtwlXcqoGyqBxXQVQgwzBzXJ3Qwcw","token_type":"Bearer","expires_in":3600,"scope":"user-read-playback-state user-read-currently-playing user-top-read"}
Spotify response status: 200
Spotify song data: {"is_playing":true,"timestamp":1785477222510,"context":{"external_urls":{"spotify":"https://open.spotify.com/playlist/37i9dQZF1F5p3rmiWPIYgZ"},"href":"https://api.spotify.com/v1/playlists/37i9dQZF1F5p...
Token response: {"access_token":"BQDOWLI-TvUsu3wlKgPQ-DLD8SfCVlgobC8cpzf22BvUlm4Afx1ICt55OmlmyGTjVCWCf4sKse83lTCRe612o3W0v_2R1JL0WXcs2Ug-Ifw6If6Vj9I2PNmMoYl2sfRS51i0t3z7DRASS5_Ds6wNmFPFUYWJ1QSQam95gisjsxD0qKldsxZWxrxFekAx0-8ZcT34Vb1V5c9RI8awmWvFUabZn-oahHynAGH5WlYyAzMOb_-gzL1j2GnjJqsB6taVUYoMfg","token_type":"Bearer","expires_in":3600,"scope":"user-read-playback-state user-read-currently-playing user-top-read"}
Spotify response status: 200
Spotify song data: {"is_playing":true,"timestamp":1785477340884,"context":{"external_urls":{"spotify":"https://open.spotify.com/playlist/37i9dQZF1F5p3rmiWPIYgZ"},"href":"https://api.spotify.com/v1/playlists/37i9dQZF1F5p...
Token response: {"access_token":"BQDOmdRhl8gw4PfB4iTIKaKLK-uVgesnjijbMmdex8ZfRsWswu5FrcQ1wyO506zJ8i_DaIT0ASOODC9-R_tCafhE8MHf59TEIh5TyUWNRusWon_v_IbQP5-5_skdJcNWI0oCmA92VkQQTZ5tc0XETpZhtN-FBYJ1K8K8BAg8_gQzZehiox8AePkyBIyCNCfmWw2Z0gcvqO1_qDcIVDI_N0WmdRaCZOiOhjkMnyTlttJeBAb5St_uMtSNRUENkxV1OFaNzg","token_type":"Bearer","expires_in":3600,"scope":"user-read-playback-state user-read-currently-playing user-top-read"}
Spotify response status: 200
Spotify song data: {"is_playing":true,"timestamp":1785477340884,"context":{"external_urls":{"spotify":"https://open.spotify.com/playlist/37i9dQZF1F5p3rmiWPIYgZ"},"href":"https://api.spotify.com/v1/playlists/37i9dQZF1F5p...
Token response: {"access_token":"BQDWXEKqE6udd8aodMWYhUTYsOOyQXT3fOjJAfANwizKdNJOiIyFu68BhC7BsgM7BMrKerrNcRNt8X3SyPf9czOaPiAPmidibmhGtlNo7fukpygGZSmoISL6edT5-iI8cUsnzYwSGB2wjTdiGLaUR-VENQsmH5WOCkk2zryY5lRfJUVCkmtmcQZy-ZFfJrDvosUm3ZWhS5Px2e8jnsYtJyj0hOc4-v4C1B-8y3NDLnS-YoK0g0A5kSt0-5uTo08LuKrfOQ","token_type":"Bearer","expires_in":3600,"scope":"user-read-playback-state user-read-currently-playing user-top-read"}
Spotify response status: 200
Spotify song data: {"is_playing":true,"timestamp":1785477340884,"context":{"external_urls":{"spotify":"https://open.spotify.com/playlist/37i9dQZF1F5p3rmiWPIYgZ"},"href":"https://api.spotify.com/v1/playlists/37i9dQZF1F5p...
Token response: {"access_token":"BQAoDJ32OSzF-X8PYC-2DOVkuqKdbDfUjMLCSqLvCtCEPDo7iQVI-2zwpZfNqCWm1ALmhtj50imTpkPvI0YoYiL4mQMsXjFBRaftFx8e4-8TdJO9wqILdcPT-J8UxZA4bVVon6SsGymhcJQzvLk54wF5w3drf1bfLuRLW-43ITA9oSxl0rqdS49Z7PpGoCFO4_TD1UA7aSHRc5F-aLtLVj0QdcjaqS8uZ0Xgp7WQiXf7EnnOSA7bH5h0c0tABX3qS-0kgw","token_type":"Bearer","expires_in":3600,"scope":"user-read-playback-state user-read-currently-playing user-top-read"}
Spotify response status: 200
Spotify song data: {"is_playing":true,"timestamp":1785484463079,"context":{"external_urls":{"spotify":"https://open.spotify.com/playlist/37i9dQZF1F5p3rmiWPIYgZ"},"href":"https://api.spotify.com/v1/playlists/37i9dQZF1F5p...
Token response: {"access_token":"BQAOv3jg1oNOO4BPh7pZFGSzfn5ElNeXhefFBEJpUmuQTWNWfSONsbePh5bZpYx3bRPysd20oJDK-GsPnPCrsWIRUNEueCGFd-ymPU-Ta6iWqHUg_hT9GKJ51_1aREdoJScEFeScWyBEinTXYT-cEYvLuaEmlq8v2hy3p6fMWam_wVCWXWJIJMqReZ4_IabYGzFUgfdeDYJIcpcW6mNuN8HFfBfrDfyPsPoxKqPAjvCDJkE0phSR5Zvh_Sd1kX3426RUIw","token_type":"Bearer","expires_in":3600,"scope":"user-read-playback-state user-read-currently-playing user-top-read"}
Spotify response status: 200
Spotify song data: {"is_playing":true,"timestamp":1785484463079,"context":{"external_urls":{"spotify":"https://open.spotify.com/playlist/37i9dQZF1F5p3rmiWPIYgZ"},"href":"https://api.spotify.com/v1/playlists/37i9dQZF1F5p...
Token response: {"access_token":"BQAZE699q_HxHzBeKXT7e9E-XnLZuV1ZPontPzJbRjsEhj8v_e3iNI_CTudUzxhNHGj3aKzjBZMHfgwB3AToIqRGQGojvs69VSbI2zxpRim4vbxUCHDKvVNp0urYT4rrzrmpYr7pJIz1h6Rdb-mKvmFxRN_5uWSBgGIHh4X1iliAczNTq02hK5HrG_ZPVa7qe6Ysue0Yfv2-xyPthO3bHbbBq97lRB5BFSsYzu2-5sVjgWocrLu7_pDvfwzHFd4nAImYAA","token_type":"Bearer","expires_in":3600,"scope":"user-read-playback-state user-read-currently-playing user-top-read"}
Spotify response status: 200
Spotify song data: {"is_playing":true,"timestamp":1785484463079,"context":{"external_urls":{"spotify":"https://open.spotify.com/playlist/37i9dQZF1F5p3rmiWPIYgZ"},"href":"https://api.spotify.com/v1/playlists/37i9dQZF1F5p...
Token response: {"access_token":"BQCEO4f_6Ban6Y505hltnKT4-0f1S-yCED3OnyZTXZLiWBKnCwc22kSCgXcd4eEEmS9hx-rxiQQxWAVlSWp5yiEkniQmoA34bxfBP0qLvIJYsiaco62cvZifHEF7YyOoed0LnvaaUSU5rf0joxB5EssPhqythBY2zdhmUqJa5FhLVyABUlV3mkZw-05caFV9PxbYOPLnzfdhhhumCdT8jaz1jghC3Frg16tAFoWLC2vRY7l--39U-knpm5YB-ktZstT1_A","token_type":"Bearer","expires_in":3600,"scope":"user-read-playback-state user-read-currently-playing user-top-read"}
Spotify response status: 200
Spotify song data: {"is_playing":true,"timestamp":1785484463079,"context":{"external_urls":{"spotify":"https://open.spotify.com/playlist/37i9dQZF1F5p3rmiWPIYgZ"},"href":"https://api.spotify.com/v1/playlists/37i9dQZF1F5p...
Token response: {"access_token":"BQBB5t-1tDH9_kiejGyv8tGXcnLr4mJLpZvuxLA0cVKWsxRb2WwZC-74Q74N19E9w0fXvbyMR2j6vUBrroRQulQYV4_zYFPahVVAn-MGZMHzXan_NJG1d90eby95Oe73Trr-wH5fyX2sZAKinfmh1dfIMW6ahdhbDiE9WmFhq49IyoVwPH6adBQm9-quu_SeoSziix6oE-qLxzIYCsVGn1_QQ3pE3rbrlccVwwRHYd1T3R7LZKVmjU_9qqNTIQF-q7qjTQ","token_type":"Bearer","expires_in":3600,"scope":"user-read-playback-state user-read-currently-playing user-top-read"}
Spotify response status: 200
Spotify song data: {"is_playing":true,"timestamp":1785484463079,"context":{"external_urls":{"spotify":"https://open.spotify.com/playlist/37i9dQZF1F5p3rmiWPIYgZ"},"href":"https://api.spotify.com/v1/playlists/37i9dQZF1F5p...
Token response: {"access_token":"BQBDUC3-h7AuaTTHo6YZh5tzl-7BXeI2vXbRmc3vug3sKZVmlHz6aT2FqiEqKRaWL-X0ASljdFOyts45MTG_q_WMfFJwA8VfJQPLwZCa26V1SQqOcRwVaRaCN_dxrZZAY5ixhvNvkDkpNcAyBlVXgzm8rsNE8HBNqsvXBPmvWWhBa83r1nN6-ItdlUEnlIBHRDwxK00TC4VSan5SrI1m0mMA9Vo-3Z_M-tBzLoZS39cRhEgSfBvXMt062GHWTW57fp86XQ","token_type":"Bearer","expires_in":3600,"scope":"user-read-playback-state user-read-currently-playing user-top-read"}
Spotify response status: 200
Spotify song data: {"is_playing":true,"timestamp":1785484463079,"context":{"external_urls":{"spotify":"https://open.spotify.com/playlist/37i9dQZF1F5p3rmiWPIYgZ"},"href":"https://api.spotify.com/v1/playlists/37i9dQZF1F5p...
Token response: {"access_token":"BQCwFxxV1PzBLtGOUiyd9RQXGolxQxhy12QIrcJWqQs4cfGy2WFVZ5pCKLsUHRufBI6FyPwjv9_AS346HwWWOJHAhsjMbTxtghs3WF1fkcxspnKGPSizJgOTc3ClLTOTjTjyA58X-_JO9E_KyQ-6fjGCXjaRN33JTlmkTBp666Uq12rcXGsQLQEI8whtu7kGst8NlXgSJRXRxrt5ufxf2MiLsIqjMOS3VdaGGA9Ns4R3xrP7cg2uTe_K-sisxrYMjxZAyw","token_type":"Bearer","expires_in":3600,"scope":"user-read-playback-state user-read-currently-playing user-top-read"}
Spotify response status: 200
Spotify song data: {"is_playing":true,"timestamp":1785485139517,"context":{"external_urls":{"spotify":"https://open.spotify.com/playlist/37i9dQZF1F5p3rmiWPIYgZ"},"href":"https://api.spotify.com/v1/playlists/37i9dQZF1F5p...
Token response: {"access_token":"BQBiwzpzPK1R9wlAcIKjtyhD_eJ2so3629yrMBxjU-FFAyQXxuadNOR6bg_0WHThm4KOKrFjzAv5U-2BTRj9LNaf1Hbi65BYmyJzlasT-ieZEeYBm5AYS8ZyjGVoH-RPej_P6zThFlpkJ0zJhDoHlvLYRRI-5LHjcD_S54x5uxrw-vDJTIFt_qjjGDCjikoRelNfO8wdx3C-nYsPTcysvOyIbxZSxn5xcYaLwiiHwtWAXBgCofiTelETM2PwYAPcI6f8BA","token_type":"Bearer","expires_in":3600,"scope":"user-read-playback-state user-read-currently-playing user-top-read"}
Spotify response status: 200
Spotify song data: {"is_playing":true,"timestamp":1785485139517,"context":{"external_urls":{"spotify":"https://open.spotify.com/playlist/37i9dQZF1F5p3rmiWPIYgZ"},"href":"https://api.spotify.com/v1/playlists/37i9dQZF1F5p...
Token response: {"access_token":"BQDUjbwLyKAHkGWMWcJCINRjvX4P-LcNQ09GApEI8RCkVABgERax_RrTeowzd2MGEuwE9Usgi0RO5lFIcd-guyikKyCHALzC3JljJPlpe3clI0PGHBsMBGpCoN_u4dzHlYa5Eh2pRt8qEsTxIF6esSqVUYTNKhm2jthKgDBtbZ2PtuFKRxGcRR3wDHlsRflCmFFkmDbwfgPxeuxIJLHbYgP2eBW3Li8ihqFAE3xo2tNQyLsADDIvoue5u8y34MV3shT6Ag","token_type":"Bearer","expires_in":3600,"scope":"user-read-playback-state user-read-currently-playing user-top-read"}
Spotify response status: 200
Spotify song data: {"is_playing":true,"timestamp":1785485139517,"context":{"external_urls":{"spotify":"https://open.spotify.com/playlist/37i9dQZF1F5p3rmiWPIYgZ"},"href":"https://api.spotify.com/v1/playlists/37i9dQZF1F5p...
Token response: {"access_token":"BQAHyE8RPa5V6q-Y6S6szcd_ZwLZRYBoZGnX5-74QP8fTJWnToYmrJAPUkwcmOKHDIUsHuLBOhL_4WhCWUuOf4zCBaSGv9nVQ0ax2XOrFbce55NnQuzzJ2YybJWJv3xPBgtb7UglvhWKaTBUL1Q1_S1-Wc28_FDP6003Bm7eLJvla1FmZqeyw_QGVyOYf80vNnYWG2aGS-y1tdxCGOaYlTmVbU9edNfuldPmz2GePMhHx9v46ve7R-LwiGbgkp0-1Gx9cg","token_type":"Bearer","expires_in":3600,"scope":"user-read-playback-state user-read-currently-playing user-top-read"}
Spotify response status: 200
Spotify song data: {"is_playing":true,"timestamp":1785485139517,"context":{"external_urls":{"spotify":"https://open.spotify.com/playlist/37i9dQZF1F5p3rmiWPIYgZ"},"href":"https://api.spotify.com/v1/playlists/37i9dQZF1F5p...
Token response: {"access_token":"BQC6uQbDg9RwWwhSRPhO4xdGrbVW2QCXjyyGX5cCvSdJKXlNIxc4B9hJv2CVf9y787liFSOl7DX3_wvJOf7alMyHUHWeJaittFQ3JlYGhc1ep1DXx9H_mYeQbVgu0_MQWT2la57W6rYFVvhLm_UAbpZ-wdp1KMn5g_1EJuryL5XOFmASNUyfE1OPVSGqbizy6kjZ1U1gh-ifRqXJvs6c4XzV8jQmWO_uVCT2K27h-ZybNvcIhRAPcy3E56rZej0Qwj5M1Q","token_type":"Bearer","expires_in":3600,"scope":"user-read-playback-state user-read-currently-playing user-top-read"}
Spotify response status: 200
Spotify song data: {"is_playing":true,"timestamp":1785485139517,"context":{"external_urls":{"spotify":"https://open.spotify.com/playlist/37i9dQZF1F5p3rmiWPIYgZ"},"href":"https://api.spotify.com/v1/playlists/37i9dQZF1F5p...
Token response: {"access_token":"BQDBwk8xGBW7sAx96iP9kSqRnwEH5qWBjjrymkBD3lygkbJ10OriD2dSNdF-BmP15cIREq0cazMZYHgUNcy7HC8eiWFggLCMHozXrsgRyezpFlJl70MitbEOdy_WAvTppEbF7xsIlZ-mi0FYZAUo2j481susawixY5M5CIm2oaopqyGHU6DxLQepzxmFvntQyTYE3emk2UHilPPbxFEPtPlYkcxODdwu3oqQoVB8ydzowW76S3iYiqUAXZfJRk-dTAGvvw","token_type":"Bearer","expires_in":3600,"scope":"user-read-playback-state user-read-currently-playing user-top-read"}
Spotify response status: 200
Spotify song data: {"is_playing":true,"timestamp":1785485139517,"context":{"external_urls":{"spotify":"https://open.spotify.com/playlist/37i9dQZF1F5p3rmiWPIYgZ"},"href":"https://api.spotify.com/v1/playlists/37i9dQZF1F5p...
Token response: {"access_token":"BQCeJel9NEF_yIX2U7iX3gQdxdqPAvltvc658ywMo4oEzINZ41lakSDHt8HmJwYjVSqWxmpy3eRan4SVYbUGudT2sP7KSz422fHybEr4Kd8z6zAiFOBRowl9D7GQkm2DxlSWmlhKCK8PKjZNZ6xt8nFPAcRdqbGOFwjI-Uc5M_PtXOIuan4mcVBgm0JztIh1c0xqg8ZbikVMnNOhITLKc7rFIinbEhf4H1QxdIFap5WvQQaFko-sUyPWnJMi9AlGEOJXkw","token_type":"Bearer","expires_in":3600,"scope":"user-read-playback-state user-read-currently-playing user-top-read"}
Spotify response status: 200
Spotify song data: {"is_playing":true,"timestamp":1785485139517,"context":{"external_urls":{"spotify":"https://open.spotify.com/playlist/37i9dQZF1F5p3rmiWPIYgZ"},"href":"https://api.spotify.com/v1/playlists/37i9dQZF1F5p...
Token response: {"access_token":"BQDBBG8gmPVe8NalN42tAV_GtvWmOrKRrzzNaVLWhQmWyHt8I826LIo0EB-OjWBrR9JzUtTaQmFedILtxMW6o_xkN__MU0qiqZQ_75eN4ybzdr2zaMIyvRg5IhGsEBhsDlSA3-juQBPTGbAUqqy3mYd747g8_2jAnozWRtWfXNXS7Pb_huFfyEFrccGdTa2xbL5mxb7_iTAPNuCkoG2Bf9Ix9itFHwZVgRP9tGNba6Rkc8P1xQdZZyM3IG2i3IXO0TNM1A","token_type":"Bearer","expires_in":3600,"scope":"user-read-playback-state user-read-currently-playing user-top-read"}
Spotify response status: 200
Spotify song data: {"is_playing":true,"timestamp":1785485139517,"context":{"external_urls":{"spotify":"https://open.spotify.com/playlist/37i9dQZF1F5p3rmiWPIYgZ"},"href":"https://api.spotify.com/v1/playlists/37i9dQZF1F5p...
Token response: {"access_token":"BQB0IWRpYqGXzvu37QH7oo0Mm8X9CIBbyCghFjVAmau759pTbBR54wHQQNWjpjcONWstusOlq4hiSlSLc3tYRNre8P9ILbJvJV2-pl3se7om7W1iIVmJArOGdChZoCq-g-zv0g-Wab3XpkYmqrMdhXIgN3LInptrcmNh0fnPsM1del_S3mHIW3tCPaD8znKow4eerCNzLgZXmW3IAbLLR0P8B6ijy1izr6q4VWy44HOSIQ_U8ZieDjMSn6KeJ93M7rE8Ug","token_type":"Bearer","expires_in":3600,"scope":"user-read-playback-state user-read-currently-playing user-top-read"}
Spotify response status: 200
Spotify song data: {"is_playing":true,"timestamp":1785485139517,"context":{"external_urls":{"spotify":"https://open.spotify.com/playlist/37i9dQZF1F5p3rmiWPIYgZ"},"href":"https://api.spotify.com/v1/playlists/37i9dQZF1F5p...
Token response: {"access_token":"BQACqavQfejWNxUbAPvnOfxVzhrHpMHvFnYKrMAhJug5Bvo0n_ntMo0r8IAXMI-jRjj_kh0HzrFnexdDTSLdxlw8EMLs37wWTgHwBvFsAYqi_2Rs_PBYIHZPABDBM-I5HlFaKJ1rZgBAmhJebRyWZhe4T989gQZ94hWthzSuJ9TjeQbDqNOLwwtEFazNnBuoimBxUJVYrmldCrbsRGS4AzQDqoQkgiWx9l4YIoXWudEbfI6_SvYE4_UlgBe3w-KdTniULQ","token_type":"Bearer","expires_in":3600,"scope":"user-read-playback-state user-read-currently-playing user-top-read"}
Spotify response status: 200
Spotify song data: {"is_playing":true,"timestamp":1785485139517,"context":{"external_urls":{"spotify":"https://open.spotify.com/playlist/37i9dQZF1F5p3rmiWPIYgZ"},"href":"https://api.spotify.com/v1/playlists/37i9dQZF1F5p...
Token response: {"access_token":"BQDP3MMK23uwr1Dft7aBQ9sPE8VMJT9GARJHEo0H-nRnwg3aP4UvTnae3aN5jP3-0_GCS2iiVgTSrMX1sXeQdOmdAoxUFm0HcdWFBOB7e9i-jKiB_Aq3LcQfLuxYd86nzgm9hMQsU9KML23OPaaRmyMj05oPPfjDlQ6e9cIL5nc9c31WKubBxsT9vbC1qeIsRk4_en0tyH4VW-Z-46XOnCcEn0VNOyM_R_VL-EDMOUyBLlNCUWqHU9gGYlEedSov96_OEQ","token_type":"Bearer","expires_in":3600,"scope":"user-read-playback-state user-read-currently-playing user-top-read"}
Spotify response status: 200
Spotify song data: {"is_playing":true,"timestamp":1785485139517,"context":{"external_urls":{"spotify":"https://open.spotify.com/playlist/37i9dQZF1F5p3rmiWPIYgZ"},"href":"https://api.spotify.com/v1/playlists/37i9dQZF1F5p...
Token response: {"access_token":"BQArPm0lHTJiKH-Uxh_obfHhwcbDlh4om04Kvq0PN2e7WLOYZXr2Q8lszk1HxgwCWXUJHHk7nhcEVZoR0piL439npTjSxBbZ1ixH7YVnakrknvqlJmQOS9VtLyrBmWWZJRnvL0jptDLDQx7dCnMNYopwYvvGagHMylQ6YeM1kp9wVMe-nAI8U9ydHkl5jjE9m3So5EEDrUU910IFx7in0tUXVOhRaTWtZzZNhl5rE-QtCSkSEiVYSeuwV_f2vQCYzKbHiw","token_type":"Bearer","expires_in":3600,"scope":"user-read-playback-state user-read-currently-playing user-top-read"}
Spotify response status: 200
Spotify song data: {"is_playing":true,"timestamp":1785485139517,"context":{"external_urls":{"spotify":"https://open.spotify.com/playlist/37i9dQZF1F5p3rmiWPIYgZ"},"href":"https://api.spotify.com/v1/playlists/37i9dQZF1F5p...
Token response: {"access_token":"BQCrDhDlEasg8VBg1tFY7waha8z3AgTSpO8Min7Q4GTj8xskoEdjSCRJWQ7mojbLZEPCSpsiLVT5Zr1WzzLzTTlNCwDD7eFJ8FsUFsZhwSQ03iVGiE1YnOGJ3UITuuLTNh6m7_nYCIBe-io-D-p1KMsaBf3-KMgeL6M_5KuWw-dFuBfdeAebmVKJquUNVUXrjs7tqLL0xwJ4FvGCcBl4QlkgjEcmrtyQpL_KrykqpGzJpx1wWb2wNSgJPjwzLQXcx0IzEw","token_type":"Bearer","expires_in":3600,"scope":"user-read-playback-state user-read-currently-playing user-top-read"}
Spotify response status: 200
Spotify song data: {"is_playing":true,"timestamp":1785485139517,"context":{"external_urls":{"spotify":"https://open.spotify.com/playlist/37i9dQZF1F5p3rmiWPIYgZ"},"href":"https://api.spotify.com/v1/playlists/37i9dQZF1F5p...
Token response: {"access_token":"BQBddiLI3gCgO74e5rC6SIfNhJDPuFu9cUoSUpH5L_FZFhd758yAfsdhrJrqgGSyanchvNQKvoMc-W2A0mzrhc3aatxzJxz9TayMmQ9jn3C0xpDuLA8jZeRYf2g1tTj1Fp9sDRA3brlBBn63uRUy_vCdiVnjeGZAYSsHDKnbqQ3s3vb8eiXvDZU-cjKbnEEmGrdX7LX-flGQ1bWj3sT05BxvxjOME76OsTMnfyad1etYFSAoKdZRP0ElqYlJQY5Q-gnjsQ","token_type":"Bearer","expires_in":3600,"scope":"user-read-playback-state user-read-currently-playing user-top-read"}
Spotify response status: 200
Spotify song data: {"is_playing":true,"timestamp":1785485139517,"context":{"external_urls":{"spotify":"https://open.spotify.com/playlist/37i9dQZF1F5p3rmiWPIYgZ"},"href":"https://api.spotify.com/v1/playlists/37i9dQZF1F5p...
Token response: {"access_token":"BQDp4GoeLcfuWVBlp5BAK9T9ad0EmR62njhoF4h--OqvbxnOJ-dRL3WVjX_AdxLaRgbFtcObmrxFJdGCOt42dFj21jgphXLwTk_Es0xwP2x5HyY5oB5puNw5-3cQmGCorpJuvortROOOuqi8E4LRSC3wX7mmPTCSSNcPYzj6hacuPV8Us7qpvRdF9Rrk0NDoK72UjLN58CCHXkTQWbZGR9PYLM2JEl3RZsYB7rVjX1uUSXUgx_vrY7kvP1nvMKhFEhjXsw","token_type":"Bearer","expires_in":3600,"scope":"user-read-playback-state user-read-currently-playing user-top-read"}
Spotify response status: 200
Spotify song data: {"is_playing":true,"timestamp":1785485139517,"context":{"external_urls":{"spotify":"https://open.spotify.com/playlist/37i9dQZF1F5p3rmiWPIYgZ"},"href":"https://api.spotify.com/v1/playlists/37i9dQZF1F5p...
Token response: {"access_token":"BQCj2bcVmy7u8Pzbqazxf0D3KYyC9TH7eDSqFBBMeme-gx1swTpJZl-UJAG-IRwq8PH2jAE4jlB63dDW12fis43HJxvRDBopxfv4pidvl7WNc9EOXWS2gWfFq_4UtZQ9G4K8EwW0ywXaYX5lb2NfVytUVW5Nl5Nq3dJd_CNdll0GkTHkLJ6mG_SpGCNaU0qvF1WacEWMWEHiShJ_fzqWctFrvhJzlk5BkB2CJekyQB4xHeaUVAu3JYmJm8MyL3yvECcG2w","token_type":"Bearer","expires_in":3600,"scope":"user-read-playback-state user-read-currently-playing user-top-read"}
Spotify response status: 200
Spotify song data: {"is_playing":true,"timestamp":1785485139517,"context":{"external_urls":{"spotify":"https://open.spotify.com/playlist/37i9dQZF1F5p3rmiWPIYgZ"},"href":"https://api.spotify.com/v1/playlists/37i9dQZF1F5p...
Token response: {"access_token":"BQCPk2D-R9wyoW5Yj-SDxCeQUKi27er-eGxSDQMLgyTSmr_l8icsUgGbDhpcn325s0g6BoVC0IzUQxT83bE0GO5NEfNIhcK0XzlE2J16JG0pgAach43wLUhOo6QMrryytmesq4T3xUtk3gH3Mh_SepUkJ_cf_328_zYkDrz-oh9xu_s1EbCL3LXkir4zI1NGrsvTtr3MBtQNSxKmNxsWi9dbwU4JvZWJGbgSl9YRkOSUOI0oVYjs-a3NmQr1LLc63b8p6A","token_type":"Bearer","expires_in":3600,"scope":"user-read-playback-state user-read-currently-playing user-top-read"}
Spotify response status: 200
Spotify song data: {"is_playing":true,"timestamp":1785485139517,"context":{"external_urls":{"spotify":"https://open.spotify.com/playlist/37i9dQZF1F5p3rmiWPIYgZ"},"href":"https://api.spotify.com/v1/playlists/37i9dQZF1F5p...
Token response: {"access_token":"BQDc9Quw4GvMHeYchaYslQulgs2F5qVFqMfKdK9VuvMpYoVeu7vXeo95NE1e5yhg3xcLv5ShwjNKeB1frH7n1Y0gHhClhXy-P_3KKyKsPSdtuNIN2lEfE4OIYS82UAM24OFqrwhyWoGIC-hi9Qwz7w42PVFv4JLtaazAAPvaAIUGe15xscaLqjk7FFYDAKxg3uljHuSd0gbYjK10oPDCEYm7B6pMkHzHEujQ7Kg5LEUhpGpR4Yrdy2_B3K2nVgI4o4X20w","token_type":"Bearer","expires_in":3600,"scope":"user-read-playback-state user-read-currently-playing user-top-read"}
Spotify response status: 200
Spotify song data: {"is_playing":true,"timestamp":1785485139517,"context":{"external_urls":{"spotify":"https://open.spotify.com/playlist/37i9dQZF1F5p3rmiWPIYgZ"},"href":"https://api.spotify.com/v1/playlists/37i9dQZF1F5p...
Token response: {"access_token":"BQBMFz5tN-doLSjTlxrceCudw3bDhmnrJ9PzByRDAeGCdE9OgAp4LwrDxREZtN5XVc5FdC5ogjp8tCG6HYvhzwSvl6ExAWgxb_o7mwSxR-sUPFlj9PDOo1vizhxUf56NhJupAjqJwLyVI3_OFh0MjXugd3JcV3cTdlUpTs5o27G2NOJuENfXyBpZ8nuWNyuWosXJilXiGC1Bjn_UQf7LpBwMb6ySwI76NyI_GBm8qDvs2fuxSgf18waM6K70BxR0lYNjKg","token_type":"Bearer","expires_in":3600,"scope":"user-read-playback-state user-read-currently-playing user-top-read"}
Spotify response status: 200
Spotify song data: {"is_playing":true,"timestamp":1785485139517,"context":{"external_urls":{"spotify":"https://open.spotify.com/playlist/37i9dQZF1F5p3rmiWPIYgZ"},"href":"https://api.spotify.com/v1/playlists/37i9dQZF1F5p...
Token response: {"access_token":"BQAlF3L8CQJfK81g9JwayBXBlEaIMDDhFOXB7cr4gO2Gz5UPyiLOfx3LxCqqQY_Hhvft7AkCo3nVlSHXl7hmKaWQxb6B-C3jYeQ3yeagm4xGJpxvWgifid4kheSvOsL5N1SPluU6fPdUv8bXgpNXAy-ILcvGSa7tV8WrQx2pvmVTRWiqGq25pPeE-47CxQAuVc1QZofjf6Ws8-xrPR03Y_cjqRz6j36Fu3oAEwNxvqZTgmXGP3VPgtN5gNfYQrs3jmPK5A","token_type":"Bearer","expires_in":3600,"scope":"user-read-playback-state user-read-currently-playing user-top-read"}
Spotify response status: 200
Spotify song data: {"is_playing":true,"timestamp":1785485139517,"context":{"external_urls":{"spotify":"https://open.spotify.com/playlist/37i9dQZF1F5p3rmiWPIYgZ"},"href":"https://api.spotify.com/v1/playlists/37i9dQZF1F5p...
Token response: {"access_token":"BQCxmuEMPhZjjs9bScPO8PSJhtXufwW1uhHVOwxS6BPd4_Amh2YPeAUiiCBJcNvVCz9eF6WWlty3Lf_XwgFrscfGXcOroS6Uc_35zAcmrd793ZiSLV_DS2qrnmsZWEdHX0sglXIQW0JzzNiZpBHyZCop327LYjPXEDmqdaTm1EvAEqSwSZKq3MsFQ04-JPHAmEMYEhTuVtEjWJTMX2Krk_4OnvzkdyN3rKknkJFNqHv-xgbGGEUWOPgrbO-WLSADOCaKEw","token_type":"Bearer","expires_in":3600,"scope":"user-read-playback-state user-read-currently-playing user-top-read"}
Spotify response status: 200
Spotify song data: {"is_playing":true,"timestamp":1785485139517,"context":{"external_urls":{"spotify":"https://open.spotify.com/playlist/37i9dQZF1F5p3rmiWPIYgZ"},"href":"https://api.spotify.com/v1/playlists/37i9dQZF1F5p...
Token response: {"access_token":"BQCuAvwP8GD7kMQd2IHf69O6Z3zoU2_vR_yIbWQLQzJ4vB2KvQRYntq6FUuws9P6KzkrlmkNSQHnqmbHiJshIwq_CAYFIitEenF3YRfGN9XHEFNFLotsD8I8UJOspCJY1j0hph64xL3cPOolW0mgqN9faLPFTyVJOq23yIQVQNM7UbPLsBdoFfSOpnJzLuYgtoUqzdV5lmPVy3GRk-rDO4Frsos8UcCyZCexYyAyIxIfX8uOsmzG0VhvvfRE84LckDItbA","token_type":"Bearer","expires_in":3600,"scope":"user-read-playback-state user-read-currently-playing user-top-read"}
Spotify response status: 200
Spotify song data: {"is_playing":true,"timestamp":1785485139517,"context":{"external_urls":{"spotify":"https://open.spotify.com/playlist/37i9dQZF1F5p3rmiWPIYgZ"},"href":"https://api.spotify.com/v1/playlists/37i9dQZF1F5p...
Token response: {"access_token":"BQAqUS9CB9ElS5qb-fvwZXlD6Q-c1pnaQrrHWxyctHRn5Nv5gU85N2X_IIBUnByUYmGGWsOGZ37C_IZCM0jI4LGEIx16Kw5fimnXyconhfJFd02T7Ffi0CeQJ35NAXwQdq3_O7Xkklb0x8Ucwpy8wfjQ97bK6B9hRzQVh3nTwV4dMBAi5tO0SO1yqhWpshQEAWEEhwcfDNr_l6iMk2vCU7e9nYseRM62RWWjPBGT1sgud982gajwb6plNnu5GJBnH5ZDeA","token_type":"Bearer","expires_in":3600,"scope":"user-read-playback-state user-read-currently-playing user-top-read"}
Spotify response status: 200
Spotify song data: {"is_playing":true,"timestamp":1785485506358,"context":{"external_urls":{"spotify":"https://open.spotify.com/playlist/37i9dQZF1F5p3rmiWPIYgZ"},"href":"https://api.spotify.com/v1/playlists/37i9dQZF1F5p...
Token response: {"access_token":"BQCvt0TGNMy8Ml2qa__mgkAhCI1uGXLYCV2AV6h_BDXYacvItDdtwHiFVaFLzr_mgo9l6xO6dLg8h0p3YbEI4ITtQvHjgWBrbNAjQkXyNanARFL1nzjs7qrNy-2jcARBQr0ifuHgs-jNlrVZ2I6o-KgxlmVvxra5B7RqYMCkMJfV5eoWdW7eRHdCnSti49_ZMzMOGqkUymeLuXo43kPtrdF2aT8uCC2qiM8W14nMbYBSu9sEhKLFw_YUIs4vDYjzwJcHUg","token_type":"Bearer","expires_in":3600,"scope":"user-read-playback-state user-read-currently-playing user-top-read"}
Spotify response status: 200
Spotify song data: {"is_playing":true,"timestamp":1785485506358,"context":{"external_urls":{"spotify":"https://open.spotify.com/playlist/37i9dQZF1F5p3rmiWPIYgZ"},"href":"https://api.spotify.com/v1/playlists/37i9dQZF1F5p...
Token response: {"access_token":"BQAQNkNDHStBeIiN2cG8TG3Py2bw6Ohb-pTi_4kvbQk6EFIppnmVdm9Um_NIIZQOBVB_5yaecGDg4qDf07Jn5MOnt45Ur1ps4Lqm6nypmhHFvESuqHoZ-hgV-MMSxkwBULEjiMTrCT5dC-CLhx1tgKvhYT4UgWmjd-582TmDDwr6NnAqqvLpWORTLTAiFY2WexAw7RK_KOH3gCSopOZ0IHrapzfg2hC4R-E0v1XF0uZcm6RcszWFpHrBHkW4sQAdS2aMgA","token_type":"Bearer","expires_in":3600,"scope":"user-read-playback-state user-read-currently-playing user-top-read"}
Spotify response status: 200
Spotify song data: {"is_playing":true,"timestamp":1785485712456,"context":{"external_urls":{"spotify":"https://open.spotify.com/playlist/37i9dQZF1F5p3rmiWPIYgZ"},"href":"https://api.spotify.com/v1/playlists/37i9dQZF1F5p...
Token response: {"access_token":"BQBkT76O5hYDWXE_u6u9ujlXSvwqXu_wWGdPZi6P9GS3U3r7gF2kzDPxVa4LzxOlYDoIt0TXDWjKEQsdtbnJsAlIOP8xZ8jpEyS3cIIS0NRWtMxHw8hfFbglxNrwBXcXJWwtiF8xSPTro7PFu4M-tPPwEuto6vfCxIWqGUrpQwC_ivfNWXD8rr7ctaSH1VAf3tIihDNXY93NPpDtHCiDTfFW-Dskb_LSRBQlkCGj4VRjucCF-RFLuXMIJYdIRjXsensywg","token_type":"Bearer","expires_in":3600,"scope":"user-read-playback-state user-read-currently-playing user-top-read"}
Spotify response status: 200
Spotify song data: {"is_playing":true,"timestamp":1785485712456,"context":{"external_urls":{"spotify":"https://open.spotify.com/playlist/37i9dQZF1F5p3rmiWPIYgZ"},"href":"https://api.spotify.com/v1/playlists/37i9dQZF1F5p...
Token response: {"access_token":"BQAZp-wVx5yiyDkOaKC02BCtgFTQJ_W4kQ9f9MepidhuSB6PZYZWDB_r1LsKlKq0e1gQtvo5Iaecjo3po5QmWMLbfx9TVer21DQlYXg23aUJVqtcQf8hVvZnl7jZ0qVwpap8XPLLwWJx7tt1l5vFEkRClGEUzih6r2E0J8fIoJjmbExhi8oCJsszSGWgVqXc7AGUS5UYflkpYLjv4Yf8javc-eM_-rZRwgEF76dazZjoafvwwoNHBKY8qSsJlzzXI56w2Q","token_type":"Bearer","expires_in":3600,"scope":"user-read-playback-state user-read-currently-playing user-top-read"}
Spotify response status: 200
Spotify song data: {"is_playing":true,"timestamp":1785485712456,"context":{"external_urls":{"spotify":"https://open.spotify.com/playlist/37i9dQZF1F5p3rmiWPIYgZ"},"href":"https://api.spotify.com/v1/playlists/37i9dQZF1F5p...
Token response: {"access_token":"BQDiYol0JEnruVSkB-yk7VlCeQoCoIFwftrUMsXLMAnw_dymM0nY_XlP1tUZnRI1amiN2L4O1ppnZocDZ6dqVePKzM1sS_eVIILagS_dd-HXt1DEEKuiAATbOfUfzFlmsPR1UVdjksSiYNofAWAMuFXlJdwPIqv4XJmoWP9n_5kwzCCiXjK5XsdfR09yYgHMUuEJFpD_skyCDsbYnw7-b0ZbDkBOTL17NLgLQ5CwugKlsOzddaZnZ7cM17D1HPlrca2Cpg","token_type":"Bearer","expires_in":3600,"scope":"user-read-playback-state user-read-currently-playing user-top-read"}
Spotify response status: 200
Spotify song data: {"is_playing":true,"timestamp":1785486512753,"context":{"external_urls":{"spotify":"https://open.spotify.com/playlist/37i9dQZF1F5p3rmiWPIYgZ"},"href":"https://api.spotify.com/v1/playlists/37i9dQZF1F5p...
Token response: {"access_token":"BQBN-SPJWgWix-x4POVvbAtVZX3PEwcWsyf6jDpWQ3d84K4QpVmfRBA-YQ0cF0Pn0c4WjiTHniFyY6E4fR73CNkT549qYgSYM1TB6UAcJ8xu74KWX9HiZBENHvCZQIfitBpcsTBy00ZJvUbUvccAtJUNSI5TXbPLjfomgkLNnG5vO5AnqoH6iyeA-H7fyvYsOKFLFOq0yC5XhN5Hq8BGVigPBwhR7CxXnPWQQx8voVnWsisxWuMqOZ4AY2vK6wxYbM3KZg","token_type":"Bearer","expires_in":3600,"scope":"user-read-playback-state user-read-currently-playing user-top-read"}
Spotify response status: 200
Spotify song data: {"is_playing":true,"timestamp":1785486512753,"context":{"external_urls":{"spotify":"https://open.spotify.com/playlist/37i9dQZF1F5p3rmiWPIYgZ"},"href":"https://api.spotify.com/v1/playlists/37i9dQZF1F5p...
Token response: {"access_token":"BQAZ49eS0wXwbHPeUkMlIjg4gqVHmZytsEVtD5oPHxql1WkRCJKi-O-VOvD7U8pokjOSz3-862fJlesk1h9NT_RkPbWZCSQD7zocc5OYSPi8AndwetCmXoCkETSAoF_Jg-V_92x6w2pQ5T6YsuzS5xnrSVq0v0-mhkj16DWOAhtz1cGul4i-mkRPkEJjjpyQ-vo_RGgujAq42puDkN5fWWM6QTyo79FtGU3ST_CsWQmiFk2Rmo4SaKm_WmEJvLZGgOijkQ","token_type":"Bearer","expires_in":3600,"scope":"user-read-playback-state user-read-currently-playing user-top-read"}
Spotify response status: 200
Spotify song data: {"is_playing":true,"timestamp":1785486512753,"context":{"external_urls":{"spotify":"https://open.spotify.com/playlist/37i9dQZF1F5p3rmiWPIYgZ"},"href":"https://api.spotify.com/v1/playlists/37i9dQZF1F5p...
Error fetching Spotify now playing: TypeError: fetch failed
Token response: {"access_token":"BQCnN1BdHaa28aZ7892C7fMs0TSD8-XVSpEiw0rlukNQYxLq2jEv05nFtxEjY4PCLzSZqrqkFfdIQusZaf7f0pKCU49mPVX7GXLSHDcZDKG3ep5DiG9aqsC7S5I_PAiX4A-wKvWCfqFpkt1TJHcsCPy9lRxHIUU2LSaf8P2W-sukiwVVinVqznAoqUMegMhjZX0FHvkVwswcjiyi-ZLSACGPktesMrN-wEi-bPU3UblgnwJ_n-bKUszr6a0P6gi9VPHFwA","token_type":"Bearer","expires_in":3600,"scope":"user-read-playback-state user-read-currently-playing user-top-read"}
Spotify response status: 200
Spotify song data: {"is_playing":true,"timestamp":1785488199577,"context":{"external_urls":{"spotify":"https://open.spotify.com/playlist/37i9dQZF1F5p3rmiWPIYgZ"},"href":"https://api.spotify.com/v1/playlists/37i9dQZF1F5p...
Token response: {"access_token":"BQANQ2YrmnmwV7q7DkIOoeVffyRmkeoOlUq2gxLSZtZLb9l-RghkJYMxN9LkEs8Q4vliR56v79NN4-YwfvSNYOCswc3gwIB4E47PmaaxEaE13bd_XEgjJT195XQRTi56ugP9tA9B7iKrwT5mFqOqAeszondYor4PeUPOKPmSVgBOo4MV_cF-GY8uLoJXCTwm7DlHS_DUnIyNkBzR5qmmblBgisGh8rKvbQsJ3J2krQYSRhEktBxmkxj-sQZE_X4GA1JvNg","token_type":"Bearer","expires_in":3600,"scope":"user-read-playback-state user-read-currently-playing user-top-read"}
Spotify response status: 200
Spotify song data: {"is_playing":true,"timestamp":1785488199577,"context":{"external_urls":{"spotify":"https://open.spotify.com/playlist/37i9dQZF1F5p3rmiWPIYgZ"},"href":"https://api.spotify.com/v1/playlists/37i9dQZF1F5p...
Token response: {"access_token":"BQBcUzTz4TRPqTRSpCD3rxoqUG7DaJhz7QmnQMqOw0ytldZ5XcDtHW7_zbOM36jNuPKIhz_uw_Z6PmRm0S3-gNGrBfVt61uAU-uELfGf9JRljB_wI_uDaqI9FmhE8mLB4w6aftkuZ1q5s1uqXeFHP3_2dHuKDQ--rwBaHV3x-TTnvVRQrjsdGJuhu3eGSRd0dUYSKL0dCUIuCUKKsELCKt_PTn0xnLHOm2XxTyujSFp2hmcZ-89t-wJjAiD2MKxKDuA5ag","token_type":"Bearer","expires_in":3600,"scope":"user-read-playback-state user-read-currently-playing user-top-read"}
Spotify response status: 200
Spotify song data: {"is_playing":true,"timestamp":1785488199577,"context":{"external_urls":{"spotify":"https://open.spotify.com/playlist/37i9dQZF1F5p3rmiWPIYgZ"},"href":"https://api.spotify.com/v1/playlists/37i9dQZF1F5p...
Token response: {"access_token":"BQCEoUI66wj4-T_ppYOQUVFkeZ_b3f5sFftjLbF8e-z9bToAq8GxifWFvye8gTxooTFyyDJ5OX--3vRBlFSALo9DLZPJUlofNvtcfUOVGgGt5dT8HzFLaPQ95RshSexFIL2KZmnIqFp1Xpglczj5OofCEJNGAq0J6EuFhD4Q5vRIATN6fDXoriWNUwQmY51wiACE4qnlEXZB5xapqrEFmAuED71bEw6v9v2_iRK1_pq5GZoS4J3YQgarfvS4Fk9LYkFLzw","token_type":"Bearer","expires_in":3600,"scope":"user-read-playback-state user-read-currently-playing user-top-read"}
Spotify response status: 200
Spotify song data: {"is_playing":true,"timestamp":1785488199577,"context":{"external_urls":{"spotify":"https://open.spotify.com/playlist/37i9dQZF1F5p3rmiWPIYgZ"},"href":"https://api.spotify.com/v1/playlists/37i9dQZF1F5p...
Token response: {"access_token":"BQBeHH6FeRgLiKw-_uCOVzAyqJYLrndaugxHqqHG_1ETaZhBswm6AHltAllbCNzD2fS6fJXK7PzF_0TU1Eo-kb5gtAOhCIfeSZwruKpsikikEY8J1x8JfxHpuafvHAXEvYIWWEDeftYlPor3gyLjMIEkLmnJRFD3ehUTPQMiQ5-t7tC7V5uPdrge_tF5JT77QedqWy9DE6mgx6Q6-DseZ_MpZ5jREX7dA7-3yhzoOlndWJpek2-Ei5zR-8etfX5vrWJaXw","token_type":"Bearer","expires_in":3600,"scope":"user-read-playback-state user-read-currently-playing user-top-read"}
Spotify response status: 200
Spotify song data: {"is_playing":true,"timestamp":1785488199577,"context":{"external_urls":{"spotify":"https://open.spotify.com/playlist/37i9dQZF1F5p3rmiWPIYgZ"},"href":"https://api.spotify.com/v1/playlists/37i9dQZF1F5p...
Token response: {"access_token":"BQCn2ChZSINRg4w8YoBQcMOHLiPOd0IdARP5hCTyFogTdEapkjWqSYGeu6jKkk-7J6Gpg5QfQPN-dcl3fcyQdzKY4HmJgsk_qZi-qy_m-PMMWEYy6njVXSD-HJ2qffEHZKKx8p_Xq5j5gb0XkfI2fSR1F0JPNrc2zpeAZAPEHWKzO42rpZ8vbi35vsa_oY3WHz-aWOC5HMeqZaVY7QpFmWZ004bwrcbybo-sLp7-pVHu7-YqTeHUFoS8yvvhcH0g34fOSQ","token_type":"Bearer","expires_in":3600,"scope":"user-read-playback-state user-read-currently-playing user-top-read"}
Spotify response status: 200
Spotify song data: {"is_playing":true,"timestamp":1785488199577,"context":{"external_urls":{"spotify":"https://open.spotify.com/playlist/37i9dQZF1F5p3rmiWPIYgZ"},"href":"https://api.spotify.com/v1/playlists/37i9dQZF1F5p...
Token response: {"access_token":"BQBuISMmvQ_WALUYIxJJI2zcwN5h5i3ygZm0z3FjZ0qxpuhLZ7yHOq3e2tFQOKqvL74kmOvUqIxkXleId2gTrzwUjSan5bbYYtP7zuX3nukkAb5zm5TtzcizmgLk-eSeGXaXubvUFezV9kvJeRp6A1HXn3aLG3hrLLydvmU4mR7VVyx0bhkFlSbY6f1iW2MGp6eQlre_fT6yY72WQgVQbNytq0osvhPlk8FcTAT90yD34d10CWxzImJkk4_ATm5ES9uGRA","token_type":"Bearer","expires_in":3600,"scope":"user-read-playback-state user-read-currently-playing user-top-read"}
Spotify response status: 200
Spotify song data: {"is_playing":true,"timestamp":1785488199577,"context":{"external_urls":{"spotify":"https://open.spotify.com/playlist/37i9dQZF1F5p3rmiWPIYgZ"},"href":"https://api.spotify.com/v1/playlists/37i9dQZF1F5p...
Token response: {"access_token":"BQAfoz0rKCYM_0VJ08B_XzgDAzDhm9APmpgOSVEiF3P8PO-SoS-V76wbJr53DF__IJKC0soFXNNDeaT4UGvr9CNwQMube5sux16Tpi42kDlnFhhKlKNjw5z3RkoHGHEmJnDMqHwwxFFTl5ENHuHpTtJdW6SjqYrlQZgUetzEkD6qpsflqqJeceKhsmW3v3yW6I9bzHUzylZPTapy-DSC6B6nsIdT20G-ow_AfCysdV-xvnkgIfzDi0cYhdee02W68zjQJg","token_type":"Bearer","expires_in":3600,"scope":"user-read-playback-state user-read-currently-playing user-top-read"}
Spotify response status: 200
Spotify song data: {"is_playing":true,"timestamp":1785488199577,"context":{"external_urls":{"spotify":"https://open.spotify.com/playlist/37i9dQZF1F5p3rmiWPIYgZ"},"href":"https://api.spotify.com/v1/playlists/37i9dQZF1F5p...
Token response: {"access_token":"BQBdHdf2z-oPvaSWXAJmDuBJaWnyHltonwAXTA9Zk10bBKR9jAywZtwTJhTztRJsuLO_UnX2L5RDsFfGEQnSRgMbqPbMxm9QymlYMXUJ-bZtnS6mAkQSA-jM0k_oR5cokGf-y7kXsXLZwiBeyAM3QeuTyWVVyHa-juiXa6oBFr-OvWtCy5VCruQy2YyGTLQ80Ht6XtBnnossWMCVtsG_NU36M9ebxxKwoOtsAmDn0EOe4WxeLkVDFcyb557ebl8COyu9SA","token_type":"Bearer","expires_in":3600,"scope":"user-read-playback-state user-read-currently-playing user-top-read"}
Spotify response status: 200
Spotify song data: {"is_playing":true,"timestamp":1785488199577,"context":{"external_urls":{"spotify":"https://open.spotify.com/playlist/37i9dQZF1F5p3rmiWPIYgZ"},"href":"https://api.spotify.com/v1/playlists/37i9dQZF1F5p...
Token response: {"access_token":"BQDWsn-VRz68VP3NEIp5iubGeweHE8OmaUe_rs5a7aw5D9Gly6VELUQ3p5If0w46G-IfE8xyJfOP5YnkSo0fjEEK9nQyU7rzAaSu6xrGbLytchJswSI3X7Wq0wVcAkMdhZDk2RScKnKHGiMQjPHRJl3qhva-6PChzmLtiMCZcs-uimHrMS6I5EGN0Axlv9xfqcAt4dxangO0N2g8YAMdW0bPnFgurDAKGoGr3UnrzPR3hyAVeDwyIoo0N2nccWHY6qFdTA","token_type":"Bearer","expires_in":3600,"scope":"user-read-playback-state user-read-currently-playing user-top-read"}
Spotify response status: 200
Spotify song data: {"is_playing":true,"timestamp":1785488199577,"context":{"external_urls":{"spotify":"https://open.spotify.com/playlist/37i9dQZF1F5p3rmiWPIYgZ"},"href":"https://api.spotify.com/v1/playlists/37i9dQZF1F5p...
Token response: {"access_token":"BQDlyaP57uXvUaAd3dpmsGXjEEVyq6YqYstEQ3fCCx-tZWcDYauhh8Z01UxSYwbSHhe-o8XibHHrXLtd2B4CWdCUMpxgrCBbav8ETY5YoGneVE9J0P8Ftbkv7yBl19mmOItm-zm7jrsNDOHzrtN37rIG54YReAMnmthgJfJXqJQgQwSjJn2QZFnzR1S1JIzQTgeI_LHsbp2CXqeZp5epVu7ji2TkcNtlWazijga57Qr6yy3TMRnxIIzRFdvP5iplZiitAg","token_type":"Bearer","expires_in":3600,"scope":"user-read-playback-state user-read-currently-playing user-top-read"}
Spotify response status: 200
Spotify song data: {"is_playing":true,"timestamp":1785488199577,"context":{"external_urls":{"spotify":"https://open.spotify.com/playlist/37i9dQZF1F5p3rmiWPIYgZ"},"href":"https://api.spotify.com/v1/playlists/37i9dQZF1F5p...
Token response: {"access_token":"BQB3RKfNWVDXAAKF0IPBtQGzBYzAX8PoRuXilUK4NkGkeInjXNEbkvrcdD_hUqW3dpYtRZh1BcO0h_UCtEjQ8woatA9IaxCQk0sToIbAsZCd-OMs46RSJKDzW4dxTy0NRRJcnP1wQhQnYm0zmEVjjEV48YdlOSRyJx2U8qrICLQQEkwj8vcWsJe8TiLwsYwr6NDd95Xck_9PTNkp8z5_7n9bXXlPMfDj1BDOWDq8OOA9I-8tQ5Lcmlkv2vAUgggS-ggYWQ","token_type":"Bearer","expires_in":3600,"scope":"user-read-playback-state user-read-currently-playing user-top-read"}
Spotify response status: 200
Spotify song data: {"is_playing":true,"timestamp":1785488199577,"context":{"external_urls":{"spotify":"https://open.spotify.com/playlist/37i9dQZF1F5p3rmiWPIYgZ"},"href":"https://api.spotify.com/v1/playlists/37i9dQZF1F5p...
Token response: {"access_token":"BQByKC3Ijhqv_wrldPOBq-BOrsD5PiqJ0EX6PQPQC66J03i1pIYwBd63cA5n94VgQ075hM0DxP4Kp7VUpXJLZ_KAuP_vplkWC6P0NLXWR7bxwOS9AoAuRBfunvzRfHgc5DAbDgjl_tYiFD_eYJfCkERNagFBYbo2Y2f-a0Ag4r814Bp7QlTK54lSYUjHJuJrRgwoRz9e6buseSy5ODfj_DPBmQfPrVHumSy9pOGJZGyYQIKmE7vz4vXhfIMdlfo5TTxWFQ","token_type":"Bearer","expires_in":3600,"scope":"user-read-playback-state user-read-currently-playing user-top-read"}
Spotify response status: 200
Spotify song data: {"is_playing":true,"timestamp":1785488199577,"context":{"external_urls":{"spotify":"https://open.spotify.com/playlist/37i9dQZF1F5p3rmiWPIYgZ"},"href":"https://api.spotify.com/v1/playlists/37i9dQZF1F5p...
Token response: {"access_token":"BQCYHGhJcGwG9ry9i3g_TqA7EXQob4rHAZwOnjpVZogVEA4WwQPyoU9rqHQXN0Z9N2E5aXFtR8VyOACS7NRylzfwTA5WHKjt69pjzg5pPHz4aWPAG_92iW3CsHB-5agK-nEUdLdp8uDIIpPjtl35QF4N8MS0AGJDuZ6psSZms4z2GeH8beIxQshmmf6W1dbzzUFdYyknBreBipHGkyjxIujIxP6DBivtHve4FDGsZbCyhyLBCBVofUdLhII1Pi8obRovDQ","token_type":"Bearer","expires_in":3600,"scope":"user-read-playback-state user-read-currently-playing user-top-read"}
Spotify response status: 200
Spotify song data: {"is_playing":true,"timestamp":1785488199577,"context":{"external_urls":{"spotify":"https://open.spotify.com/playlist/37i9dQZF1F5p3rmiWPIYgZ"},"href":"https://api.spotify.com/v1/playlists/37i9dQZF1F5p...
Token response: {"access_token":"BQCA6XEQWfY8hNodWsOi7hF-k04x7j0ei8TYjZ2PGQ1_uYKA5WysPtTRwAhltVE4thhiFN9ns8bu0Vt_qHJIL8akUePoaUm6jidWqwCnjJQebGNE8ofE_9-m8bE-shRR2D36BYKqdupN5oWjdCrlDoxscOYMPmIhEgrESkp7heX9STBmekM7Uz8ZC_WAJkQREppodui8JZMgYTIDfa0mgtgwNYRxOsXXnWvogw6OTjdl5KKLdkmoVs_f2BQ28oBgOnDW5A","token_type":"Bearer","expires_in":3600,"scope":"user-read-playback-state user-read-currently-playing user-top-read"}
Spotify response status: 200
Spotify song data: {"is_playing":true,"timestamp":1785488199577,"context":{"external_urls":{"spotify":"https://open.spotify.com/playlist/37i9dQZF1F5p3rmiWPIYgZ"},"href":"https://api.spotify.com/v1/playlists/37i9dQZF1F5p...
Token response: {"access_token":"BQAlRO4zhIWzo6DMhiODPrRxLDFSaqatNfnplcec8M6EDEC8iHgRGemcNwkK02Mg9_zE4ZdSqETBKEBcCZTVfNIvrfA59rFr0o5b8J7CGoDUT7EI56MLOq4pidD6_kCruU7wiR9FEyqmrB-Pq25xQHNgUkLudcuf2lPifhdkwyUZOTiRBP4GORGpdiOEdCaCahCKtAohquPNQmXrHb5RroBsskq6YpjiCQb1_cxkwmr6TTi_qod7o3W3i1A8Gjmrsgr2ng","token_type":"Bearer","expires_in":3600,"scope":"user-read-playback-state user-read-currently-playing user-top-read"}
Spotify response status: 200
Spotify song data: {"is_playing":true,"timestamp":1785488199577,"context":{"external_urls":{"spotify":"https://open.spotify.com/playlist/37i9dQZF1F5p3rmiWPIYgZ"},"href":"https://api.spotify.com/v1/playlists/37i9dQZF1F5p...
Token response: {"access_token":"BQAObh8ba2rlq9NZ11LSSMs3MlKpTJaLfGSWiq6daaSv1Bbqyr5YI_c26LcVUudtqw4ogXuUSSdaIg7kMx-KEQWh6y3dpn7vwASEF12awwbwEqsN0RLrp8D37FMFJpqG8dKM3M9mCP0CCwNMgVxJOLD1ea4HJ4i43epbe6iuMfWWqRy0JGJB_g5fJAM9w0_VnfzEziFIZbC6h0_H2vjdc_O3jvvOprKrn2sjGD_qYYxJ6B1YgEwg9pahSLDVfFyYXwqdZg","token_type":"Bearer","expires_in":3600,"scope":"user-read-playback-state user-read-currently-playing user-top-read"}
Spotify response status: 200
Spotify song data: {"is_playing":true,"timestamp":1785488330626,"context":{"external_urls":{"spotify":"https://open.spotify.com/playlist/37i9dQZF1F5p3rmiWPIYgZ"},"href":"https://api.spotify.com/v1/playlists/37i9dQZF1F5p...
Token response: {"access_token":"BQDHuELxDN4l0_TxYT2CK8CRHX3GJsoio43pFa6DTGMMZX0a6vwAyk9UFDMAHfT8J-hPAKSmd_IM8I11ZBouo4SMpPZnEF1k6OpwUSbx8hyEHS6n37fI6MwbMGBkLbEIMifIz7plSQyp4YiJZRVAZLYieDK9wCORT6dieN5Cxe-cWZazU-0O1eA2mw1XmccfAK_DTUmLHaGBbiIkTBY-6Q60kju12LXU9FqHKV03FRYps_VS2PLNLqF4VPvltRfsDhz0QQ","token_type":"Bearer","expires_in":3600,"scope":"user-read-playback-state user-read-currently-playing user-top-read"}
Spotify response status: 200
Spotify song data: {"is_playing":true,"timestamp":1785488330626,"context":{"external_urls":{"spotify":"https://open.spotify.com/playlist/37i9dQZF1F5p3rmiWPIYgZ"},"href":"https://api.spotify.com/v1/playlists/37i9dQZF1F5p...
Token response: {"access_token":"BQCN6gwSOXPde-JGKK2taxGuIWloMZsiryvvRp9Y6vKHMnCbXLw3hYVRcTeaXaKZ2sckx7nkl316MlhwFmJZHt8e97pfVvIJmwmqilBboQQp5q8ItFr1AZi_NOBkVlN8I2SSK7Slmmp2X6uPvuGAv6TQc3ousCmCNyvfv-CIM8o3HvK_h9G4yu9plJenjFz13agyXLa5zDYfOTJ4nG51wsDCxPVjhsiGbGeuIFL5K2bKoh28lB45wWSbk3SG4p2H5c5yfQ","token_type":"Bearer","expires_in":3600,"scope":"user-read-playback-state user-read-currently-playing user-top-read"}
Spotify response status: 200
Spotify song data: {"is_playing":true,"timestamp":1785488330626,"context":{"external_urls":{"spotify":"https://open.spotify.com/playlist/37i9dQZF1F5p3rmiWPIYgZ"},"href":"https://api.spotify.com/v1/playlists/37i9dQZF1F5p...
Token response: {"access_token":"BQBZhUYLPTeGs76BxdKbnlEwpnM9icum3N11XvJ31W-MbM-d31Ifzz96AU2iSOO6UzSNYxm_DdurYXK5HKGjEPGh7TDsmypkM3emLYdroC7keid3Oj5J6njUyd3xSAjw5drR2xDvTcv9Ei6lndpoGVOv-TXWXoU6rs5IYA54jXu2cUMKSb4tyu4c0C-xtj3itNUuo1KoGV0JWRJxz16vU_FutCQxb4l0PLgyXczMaHbtjT1g2eDTW1_Y1BPMbjI321qzZw","token_type":"Bearer","expires_in":3600,"scope":"user-read-playback-state user-read-currently-playing user-top-read"}
Spotify response status: 200
Spotify song data: {"is_playing":true,"timestamp":1785488330626,"context":{"external_urls":{"spotify":"https://open.spotify.com/playlist/37i9dQZF1F5p3rmiWPIYgZ"},"href":"https://api.spotify.com/v1/playlists/37i9dQZF1F5p...
Token response: {"access_token":"BQCrLKpZBuPdx5UEmFbidTNcAU3O1nIcRN3VA5MHt8mCZnwr0BPn4aSFIQW3Z2uSAefyUzjxoyGbobm38PpXq5rZQt7ezvDUbeX1NosduCOSC8eZbh57TSHSTEQyVoOxt8Nvir4FGRBExFJPxSU58X4N0IwDnmMg6rMJFAKyxhuuDt2z_keovhvHhqg9za7LvHPOHed5qIrO9-4FI8W-SPrNI3-lkK_uPLN8_KGTQPlfQHvH0SJsvFYSHnK3kXlxNO7QcA","token_type":"Bearer","expires_in":3600,"scope":"user-read-playback-state user-read-currently-playing user-top-read"}
Spotify response status: 200
Spotify song data: {"is_playing":true,"timestamp":1785488330626,"context":{"external_urls":{"spotify":"https://open.spotify.com/playlist/37i9dQZF1F5p3rmiWPIYgZ"},"href":"https://api.spotify.com/v1/playlists/37i9dQZF1F5p...
Token response: {"access_token":"BQCVMLpGYNh0e_GjwiV95Z5t-RjtFN4yJ12o9yyNYPWBxUL36YinALxUZUpVjeul6YtgjY4u6Zm1WBmM_Fd916kzrDlic0FJ6-cqNnnvYa4n0iPu6snWtA2vt1zH8mNkyqR6nXLb_E6-qu95b15-ybz71UqIuVmvNHnNn_UGtzrMy3Q4znJXh7oObAC7RqPOkVPS5-Uk2cJJ4CuE8v1KsM42YAGxpfnTHzd4dIp0XSC7xL8qsT3h6MD863pV6wWG2eANlA","token_type":"Bearer","expires_in":3600,"scope":"user-read-playback-state user-read-currently-playing user-top-read"}
Spotify response status: 200
Spotify song data: {"is_playing":true,"timestamp":1785488330626,"context":{"external_urls":{"spotify":"https://open.spotify.com/playlist/37i9dQZF1F5p3rmiWPIYgZ"},"href":"https://api.spotify.com/v1/playlists/37i9dQZF1F5p...
Token response: {"access_token":"BQBZFWMK4WrHaZT0wtF98ddf6Abfe-GbKHXlfcZw9gfCSqlwVSvei_osca4o17V5wXj7bO660ON5msW8FIXkce8TnaX2I2xYIaX4iZuEkoYIJs-gEFhuL5oGSAA4qheel8OLEEkt1MfD8ngUSJRhHhERhIHBg8XPfRhf3a_gPhnUGHez_7YQtMcvTHmSf319W8rOy1k04UKbYgZDAjNuhwDoaiBGO2_7-HEfJ8AXYrUan_ThM6XLctWNTlfiZuX0QVOtWw","token_type":"Bearer","expires_in":3600,"scope":"user-read-playback-state user-read-currently-playing user-top-read"}
Spotify response status: 200
Spotify song data: {"is_playing":true,"timestamp":1785488330626,"context":{"external_urls":{"spotify":"https://open.spotify.com/playlist/37i9dQZF1F5p3rmiWPIYgZ"},"href":"https://api.spotify.com/v1/playlists/37i9dQZF1F5p...
Token response: {"access_token":"BQD1z91owJkkqPDEIKAV455v2NswIoYGtFOcugnQ6diNIvx9BgfBheqQnLLF_t9B79u1W45-gkYu2YeJNvDQ-HiLRUkLmZsSNUPNC-xSt2D3u4ed8q4BRAK4ZKE33MR2rESSuLu7NHUxJCYPKb8_RhtdV_TCeW21HfGezNxTiynGt-9ln2WNkUSE4TKkj35iAsWts-3CoGClxjBuFM41eydTYFqZTk2wwEdRigAHcGFSuq1-tHqH6mBAEXwKX19sTN4WYw","token_type":"Bearer","expires_in":3600,"scope":"user-read-playback-state user-read-currently-playing user-top-read"}
Spotify response status: 200
Spotify song data: {"is_playing":true,"timestamp":1785488330626,"context":{"external_urls":{"spotify":"https://open.spotify.com/playlist/37i9dQZF1F5p3rmiWPIYgZ"},"href":"https://api.spotify.com/v1/playlists/37i9dQZF1F5p...
Token response: {"access_token":"BQCWzCAyI0eKoMmdyL7RGmv7VwDUrT_HtLNxHeEp9dvALudDncEnkHLIOR5ie2mk7T_v-LGk0lrk-Jt0pT4qW60rcFXFcAmwuOoHNFKh4kB6sjveAEzfyCWX3wZ_HUmUTlJTCfckz0qrd8KUeiheKH9L1WoUlMl8cfnAte46R809-0r96w-V3m0q_N1EF-csQUH2qi0aYouztBRItZCTnF7XhhtcU8ngXRLq03FfP77igp9cW0jvzwHrj2M3yjNaUdfI6A","token_type":"Bearer","expires_in":3600,"scope":"user-read-playback-state user-read-currently-playing user-top-read"}
Spotify response status: 200
Spotify song data: {"is_playing":true,"timestamp":1785488330626,"context":{"external_urls":{"spotify":"https://open.spotify.com/playlist/37i9dQZF1F5p3rmiWPIYgZ"},"href":"https://api.spotify.com/v1/playlists/37i9dQZF1F5p...
Token response: {"access_token":"BQDepPh9VLU3pQgVRobU4ZxvOw6dS348TNQBbKby70E9ngogAEeb6pG6V5jrt_u0x9YwqYlBFWo4i3PWarT_bNNVSOCivRAQxYRjs7UwZFPJPMhm96pMRgUQWqD1p-7E4_uV7Etr2WO3Nz4pTzuHHtlqftabDVQS4cpimV2DbEgY1ojaGH1t4PUpM9IITcAs3uRk88wZ5CMMdRiT9e0-8H-CA1Qi1DLfpWc07-X9CAXukio51i1gWt18sZScPyKVjhbAxg","token_type":"Bearer","expires_in":3600,"scope":"user-read-playback-state user-read-currently-playing user-top-read"}
Spotify response status: 200
Spotify song data: {"is_playing":true,"timestamp":1785488330626,"context":{"external_urls":{"spotify":"https://open.spotify.com/playlist/37i9dQZF1F5p3rmiWPIYgZ"},"href":"https://api.spotify.com/v1/playlists/37i9dQZF1F5p...
Token response: {"access_token":"BQAvLrI8a-K2cUxLVkStkVMK2vsp-wkaC-JohASWkV78ZPxeNw-yq_IlAMbG2DLN0cGSsVydUFxdjnr2eN5Nn96S-w4u4aihPoUVk8ikvVo3mA-fvCgPsBM6kPG_ybFg7nOKU0xVQ2LxGLrxzK0qdeBnad9vz28DeSMB71rSePP_Ft39_DiX1FSmzDzd_3mnLRxeMvd5eALkJ4WVwZLFfeB1oROX8Sn2LOoOX6wcqUDNN2xm-Rer7Gh-ZwDk7eHtqklSdw","token_type":"Bearer","expires_in":3600,"scope":"user-read-playback-state user-read-currently-playing user-top-read"}
Spotify response status: 200
Spotify song data: {"is_playing":true,"timestamp":1785488330626,"context":{"external_urls":{"spotify":"https://open.spotify.com/playlist/37i9dQZF1F5p3rmiWPIYgZ"},"href":"https://api.spotify.com/v1/playlists/37i9dQZF1F5p...
Token response: {"access_token":"BQAOrm4icha2GzC2YXRZcjWmz0I_siFOLgFbfoeURSUfp39YC7CXT1UfGzGNnar6n_CX0N-S6SFqXfaxPKEb4c3QXbqF382poYuJc76Ya0kVXX1lsoQyP7JuYhc3dx1RneHOm3t8YhlGrFNHO4A7YHJ7K_HswMeC4NBg2Ot2HJX6UVIzWuf_KDrofqdvkHS9YdeaJOOezkQep1IDS85z5frUUgKOtT8DcLvETBF8j-PBA0YGtS3kPZRZkq3cTEpHPQYkIA","token_type":"Bearer","expires_in":3600,"scope":"user-read-playback-state user-read-currently-playing user-top-read"}
Spotify response status: 200
Spotify song data: {"is_playing":true,"timestamp":1785488330626,"context":{"external_urls":{"spotify":"https://open.spotify.com/playlist/37i9dQZF1F5p3rmiWPIYgZ"},"href":"https://api.spotify.com/v1/playlists/37i9dQZF1F5p...
Token response: {"access_token":"BQCBxqoQBrjTBdzgO4diYe8AnLFWoskNRPnpJCqlLqmwEEMLlfKtdmLXN5zp7ueLhYAVriKMikbrgCk2I1dLQwt4ogSzYRt1cvSpmvJikKgRmrY_MeUzoBxj8jB2cXzEBEry_8KKxBziNiZjZFkqV6mKITEJPjIXAIAEmF6nVbhkma1Z1gdmzSAuAJ3iIQV_BmqoT0bdFHdOCS4Epf8qyb8RU0ysLY9NPWs5VW2Hw8kb2I8HBT903Mg07gzuvkOEYT2ZDA","token_type":"Bearer","expires_in":3600,"scope":"user-read-playback-state user-read-currently-playing user-top-read"}
Spotify response status: 200
Spotify song data: {"is_playing":true,"timestamp":1785488330626,"context":{"external_urls":{"spotify":"https://open.spotify.com/playlist/37i9dQZF1F5p3rmiWPIYgZ"},"href":"https://api.spotify.com/v1/playlists/37i9dQZF1F5p...
Token response: {"access_token":"BQD9lb_l-I58cXO6Y1cY_YBC2q9NlGZSbdY2J6BOh9ZkHRtE71HZkDVm4DnG69i1Aev0WgWi9UON6Un8uhGCkTXIqEeyL6FI0zPXYjJmkXJJ3_36duAhTLvcowiBI-AiXUrc1BZX_cDXjoZ4LmDUEpLDWtjcd8hveKqtcVp5H9Fo-bqwSaPzWvSDNB3sG0ZKCIjU0LoaQYvsaLu1GL6ILKLxloTNYIE8VDZOh3d_poUa9aw7te6k35QwHMvdqnBpxVvQaA","token_type":"Bearer","expires_in":3600,"scope":"user-read-playback-state user-read-currently-playing user-top-read"}
Spotify response status: 200
Spotify song data: {"is_playing":true,"timestamp":1785488330626,"context":{"external_urls":{"spotify":"https://open.spotify.com/playlist/37i9dQZF1F5p3rmiWPIYgZ"},"href":"https://api.spotify.com/v1/playlists/37i9dQZF1F5p...
Token response: {"access_token":"BQD4biL9yxqx2_BOBVYlJw_68XgqHyTBZhr9wmnurz9ji-9C7RxA2QVdT64APGT-ZQo4cLeIAo0juYKyt9sJCieqEzeKdQSUQ9kqhOFlJVQk3qKs0F1nJV8e54vTwgi1hJH8HJchCxSwV7Bp3rWznWID560Up70nTPx-oJ9Y6CuUI8rXChhthF-cDkxOMlpVVUVNotfcIJ_UzjM0Aihe309GZm65PrWyPTkrwtUfR__qyr8IKmE0DfZ2YI4h-ur26OTLbg","token_type":"Bearer","expires_in":3600,"scope":"user-read-playback-state user-read-currently-playing user-top-read"}
Spotify response status: 200
Spotify song data: {"is_playing":true,"timestamp":1785488330626,"context":{"external_urls":{"spotify":"https://open.spotify.com/playlist/37i9dQZF1F5p3rmiWPIYgZ"},"href":"https://api.spotify.com/v1/playlists/37i9dQZF1F5p...
Token response: {"access_token":"BQC3OVX1pxMbtYngF_7hsZzUkLcJ3iuIv5LvxORIMyYFWBWztoPnYZwbWl4spuG1JDrTJ_vlgzc-_2lY__smqHJlcV2-HvEvVTXe_pYML7UIk-XtvKRHrmBUsgiVQIf_e181F_6oZZL67lnH6Ii2x0mIAJwodX8516zl7wl1v599JpipdbgJ7r2JY0bN6_7Lz4I7Y7Z5l_e-AUQgsuY1hgr3Wo18cye0Dkp9xgz-xv1SeFpQVxbwcaAY7yaowhVPE6blXw","token_type":"Bearer","expires_in":3600,"scope":"user-read-playback-state user-read-currently-playing user-top-read"}
Spotify response status: 200
Spotify song data: {"is_playing":true,"timestamp":1785488330626,"context":{"external_urls":{"spotify":"https://open.spotify.com/playlist/37i9dQZF1F5p3rmiWPIYgZ"},"href":"https://api.spotify.com/v1/playlists/37i9dQZF1F5p...
Token response: {"access_token":"BQAk4pAiokEcHxfMPkCq9ukqIzCcKyPwoeRrLNc5JRfl46xIPMtkanhf8F5RKTZzRAet0TdNT4PSev-dlW7c60rKxcQ09Ya43E1pMHU2T9q3djhbnLszO7jI1ADVKkVmBH1zdcmx0BjfCCGxd87F2j1MdgI6IbXkIlkV-Y3-k-1rjbjwWAjLMqFymhCDul-9d24i1w4NGzZnQegn2wZP6Ffhbw7uBq2rQJWrpmIzC1mHltgn03r_Ihw2ImpkntzM8d8DdQ","token_type":"Bearer","expires_in":3600,"scope":"user-read-playback-state user-read-currently-playing user-top-read"}
Spotify response status: 200
Spotify song data: {"is_playing":true,"timestamp":1785488330626,"context":{"external_urls":{"spotify":"https://open.spotify.com/playlist/37i9dQZF1F5p3rmiWPIYgZ"},"href":"https://api.spotify.com/v1/playlists/37i9dQZF1F5p...
Token response: {"access_token":"BQDhq-7qAUyVH3_aryrIe_jfPJf7vonjmkQqI6-i2gyweNMW1RU44o-C887-UWoP6qQ-X8jMA2MPsZruxKJeW8ZRfK45pE20pYzyI0AdWvNdLWpOtcya4jl6mm3_BXYX7FI9TtRIEq1DNeYyEWwtCWkZyj_smeIsdzlkC68UvH6PfZL4T8vmNAdl0K2oicAmwsYvR2dt0erLOXbz_WYTeA1yP6OmDND5XXq_87fy0-kORX8wXp5RuxmWhcaxUJcGibzLRg","token_type":"Bearer","expires_in":3600,"scope":"user-read-playback-state user-read-currently-playing user-top-read"}
Spotify response status: 200
Spotify song data: {"is_playing":true,"timestamp":1785488330626,"context":{"external_urls":{"spotify":"https://open.spotify.com/playlist/37i9dQZF1F5p3rmiWPIYgZ"},"href":"https://api.spotify.com/v1/playlists/37i9dQZF1F5p...
Token response: {"access_token":"BQDnAiPU0XX0abcKMdPqipCMoTiMJ3WsYyojjag_i2wfRMG_tA_A-6PFiNoj9bUTuZQYm8F5kYH9ZcRUtyxIXqvG3wCjfjDY4678W5lfzHsJIIyuk2ATHjaHJOaow9lw-ivv4ab294-jKYUOoU0ym42Ux6xqMMZxi5CqwTp8LdxHT0VAijilW6uGfcJhgziXk-id1Nf3A_ycWmKfM1yf_Mw10p5KnRvHL9VAlffANI8sii_Kp1m-AM-DIgm9ANl7MU3R2g","token_type":"Bearer","expires_in":3600,"scope":"user-read-playback-state user-read-currently-playing user-top-read"}
Spotify response status: 200
Spotify song data: {"is_playing":true,"timestamp":1785488330626,"context":{"external_urls":{"spotify":"https://open.spotify.com/playlist/37i9dQZF1F5p3rmiWPIYgZ"},"href":"https://api.spotify.com/v1/playlists/37i9dQZF1F5p...
Token response: {"access_token":"BQD0vMfU9BKU-oO8Zbk7omSjLZBXRLe0YMA4cVDc3yfNym4W_8RhlHHy-z2T1Sx8TmqcTo6LbfV1xDnRnA-FyATEoWaqe3i85M92v8fMbQpdl35ZhL3H-C-hUlHqgUKx8lNPtwgtFxyxmK4wJHdni6NGBA6siTRB6gSgtsHw-Ui4WDrmn9ILxpFoh_d2jBUg8BekTuZBc8G0FWSr9euSzL8EmYcbonmYSY1gQR_hqO0sbxtb3ReixHcb9lOSGKg4W5cPHQ","token_type":"Bearer","expires_in":3600,"scope":"user-read-playback-state user-read-currently-playing user-top-read"}
Spotify response status: 200
Spotify song data: {"is_playing":true,"timestamp":1785488330626,"context":{"external_urls":{"spotify":"https://open.spotify.com/playlist/37i9dQZF1F5p3rmiWPIYgZ"},"href":"https://api.spotify.com/v1/playlists/37i9dQZF1F5p...
Token response: {"access_token":"BQAAA8b9UZ5RXII_LDEj2O2fZI70lcuh9t2DdytI7_pJHNghAeXBwbUdivwAg4XXNN2rSgyZ3hJZ4aPL6n-7Pjc74XKzXDx1WjZaOfwg9dgfUeX0Kg9hs1oj4WBBQz3oqFGtFwMRNYxYscvbNZOyPtnN5xdHBA4Ely5Z6Fm6z7W6Z7yjS_8dXXrzPJ4JB1CukkoL997_oHmtoZ0hS0C23EIOYXm4QHibVBvIGLpP5_03dpqGi9PHAJdPaiBrrXNxHLTE8A","token_type":"Bearer","expires_in":3600,"scope":"user-read-playback-state user-read-currently-playing user-top-read"}
Spotify response status: 200
Spotify song data: {"is_playing":true,"timestamp":1785488330626,"context":{"external_urls":{"spotify":"https://open.spotify.com/playlist/37i9dQZF1F5p3rmiWPIYgZ"},"href":"https://api.spotify.com/v1/playlists/37i9dQZF1F5p...
Token response: {"access_token":"BQAXTKxszB_7EH-jtMY0fVGgirKdYUAYMNnvuvuXG9b9iffLH3BWd4sLWhdHaeHYd0DwV5HpSE82huRDxYeKMvWSIyr91d8yXVNigisqb50-RVuAjWGUQCW7Qh6vouCoomb92xyIL2gCiP98shR_s8pEieAG2xt2VNtUFUol4jb8GQi7ayleDurf3cA5QCjVrY6GM5YwiXuDRJ2gvfLNCyuBejwD08LZ5MSgmmzWlgyvXTjgME9M_SZXILSdDSXkm0x7FQ","token_type":"Bearer","expires_in":3600,"scope":"user-read-playback-state user-read-currently-playing user-top-read"}
Spotify response status: 200
Spotify song data: {"is_playing":true,"timestamp":1785488330626,"context":{"external_urls":{"spotify":"https://open.spotify.com/playlist/37i9dQZF1F5p3rmiWPIYgZ"},"href":"https://api.spotify.com/v1/playlists/37i9dQZF1F5p...
Token response: {"access_token":"BQD7r8Ljs0BH9RC34Vi_ugipkLeEtvvIxMvbzF3ySE09KtpVfJOLB1x13WCVXEh_Gcgq6tE3W7eXvEfPelE01Dahw-1PWRB9wUKIl8dNhOAJN1DguG0E66ezHqHb1UURrMqo3sG7la3OCFvXAjte0ShflE4dOujQ9_lkOoNbJx8CtLQuxdMPBDosSfrWK-fAuy8tMoQw8I8H6UUKCLTjNm7UyILDLHEhcM_1mwL9Vy941ZEvNbMX_KUf8QPygF_ij6Yywg","token_type":"Bearer","expires_in":3600,"scope":"user-read-playback-state user-read-currently-playing user-top-read"}
Spotify response status: 200
Spotify song data: {"is_playing":true,"timestamp":1785488330626,"context":{"external_urls":{"spotify":"https://open.spotify.com/playlist/37i9dQZF1F5p3rmiWPIYgZ"},"href":"https://api.spotify.com/v1/playlists/37i9dQZF1F5p...
Token response: {"access_token":"BQCe5kl7CJtAFXvYlc48QcM4Ej70Vps6XHLLmbHjQX3zamxReW3wHNL5qv0MdGReBjd5yrzL1O1My_rISMoFb2RM8tHdllI4rjG06QV0fiZz_VFwxMTo_fdokdnxEQm61RYoLXpoHZfk50WZVLzhvWkuT_A9dnzap6a977FeGbEOfnuUhYTwv8blcxEDYcuD3XbPiypRtSRiFQusDZmisbdwelqCDz2BMIZoBxSe3CEAiXmFLq4CeTsaBxqccfxDMtr5nw","token_type":"Bearer","expires_in":3600,"scope":"user-read-playback-state user-read-currently-playing user-top-read"}
Spotify response status: 200
Spotify song data: {"is_playing":true,"timestamp":1785488330626,"context":{"external_urls":{"spotify":"https://open.spotify.com/playlist/37i9dQZF1F5p3rmiWPIYgZ"},"href":"https://api.spotify.com/v1/playlists/37i9dQZF1F5p...
Token response: {"access_token":"BQC29u2wSodnu4rC-yQFctWzbA3lpGkSXSRWalTQ5hkHfua701XDhk5kRGjr98k2rNHeAYC2hYdb9RIU9JmzPoZuPdwRjUhfLDklcJ8wh41hqFN21ahMcW6Ug9kYL2PCnkl24Ym7zus3npkUlK3j7mKXV8L9zc0QxPPac4RMvvh1bst6IF-yQK3gzEDakeWPRsrLvfn7hQLn1C65Q6xDnj_o0NwzHsVB1rD-FWJAkixie7sH6Os-eAuxBw-xf0uZaA3cAA","token_type":"Bearer","expires_in":3600,"scope":"user-read-playback-state user-read-currently-playing user-top-read"}
Spotify response status: 200
Spotify song data: {"is_playing":true,"timestamp":1785488330626,"context":{"external_urls":{"spotify":"https://open.spotify.com/playlist/37i9dQZF1F5p3rmiWPIYgZ"},"href":"https://api.spotify.com/v1/playlists/37i9dQZF1F5p...
Token response: {"access_token":"BQDQ6fi2QFOhStkCIMQdHDhYGRzGnKCSTVg97Fff3wTCd4rJGAm1wxcumVwgnodIOe5R_qgFwUwybAwnUXk-VzmEDTtzdQ81kC1kottYmp9KBbW6eJ-7RA7eGNTGGH_wjPUStZwOnb_oramwdZAyGcQyI83R9qv9fdG34-jHKfsXStbxgWwbXeK7sPBHTsztvEQHNih5xloPbndo9lfv__coHdAPIjuBiwwE8niXjeBS19Yc2ea4jGf1n0umhwNEeqqgnw","token_type":"Bearer","expires_in":3600,"scope":"user-read-playback-state user-read-currently-playing user-top-read"}
Spotify response status: 200
Spotify song data: {"is_playing":true,"timestamp":1785488330626,"context":{"external_urls":{"spotify":"https://open.spotify.com/playlist/37i9dQZF1F5p3rmiWPIYgZ"},"href":"https://api.spotify.com/v1/playlists/37i9dQZF1F5p...
Token response: {"access_token":"BQABwesqgAk1U6l--GEBoRQl9uKZ-8GMXtOGI-fe3jpyL7jS2gWN5n215gWf06a8bXok-apzsG8VAiq0MxzCERUgrFJ0d6iUey8PHpRvfEM4rRW2tVsURSZRP_odk-yLcuET2o_ijyKjZutSPFDR0hs30OzliTTgd3wn72yumY-b1z2wqPCzmpzebyKpfEe1uPJZuKAn3tZRjyjHrUoTYNIBdcLzJPsdGI94LYVBfwGnCizE311NetxZB3qLjMCFnzGVDw","token_type":"Bearer","expires_in":3600,"scope":"user-read-playback-state user-read-currently-playing user-top-read"}
Spotify response status: 200
Spotify song data: {"is_playing":true,"timestamp":1785488520991,"context":{"external_urls":{"spotify":"https://open.spotify.com/playlist/37i9dQZF1F5p3rmiWPIYgZ"},"href":"https://api.spotify.com/v1/playlists/37i9dQZF1F5p...
Token response: {"access_token":"BQB-SHl52IkHlXy9F1Ctrf8dI1P06Qh72pkRZ4cqJUal2dPN6_SIm7pESZTaxfOa56GgzguZgXS4NWnr_C7GGhObr4WXV6i7-xAS3saneAEjB0a4-dIjeZSzKPD60FTHp5H1RMgj1dYs8eAF0oIm5_Bkrl67UlvjxUcWtZNZSfm_wd9W2gytZFpncSme_KA-0IQBXoXj0gQ2ix7E_46Ofd51TzIRzO8Q3syQX_ZDDwHsODjYUcthUOGJDtPUyx7QmNm0Tw","token_type":"Bearer","expires_in":3600,"scope":"user-read-playback-state user-read-currently-playing user-top-read"}
Spotify response status: 200
Spotify song data: {"is_playing":true,"timestamp":1785488520991,"context":{"external_urls":{"spotify":"https://open.spotify.com/playlist/37i9dQZF1F5p3rmiWPIYgZ"},"href":"https://api.spotify.com/v1/playlists/37i9dQZF1F5p...
Token response: {"access_token":"BQBvu6ZOAx_K1vZxBVhZVy9YCW1yXyzjM5qn5OedyAH4XS6y2KllvQ5Ew-koG6oKNKxBGge7yZOHoJu0Y2Zxey3iRJ3jvRwnHcWw2vRRisQO4izBa7dA9JtRt_D3xwIVCyQ65WRP4GmYS5_NBw3HrqD0pUFRs3J4q2nXSFBd6C7WRKxofx9SFsjLpLO9rLrBLiFuXAne-mDe43tHun2SWmBT4FtD0Oz7RNjAATECY-vJKgmVlXHfMnd2SlbtylDzvsFPYQ","token_type":"Bearer","expires_in":3600,"scope":"user-read-playback-state user-read-currently-playing user-top-read"}
Spotify response status: 200
Spotify song data: {"is_playing":true,"timestamp":1785488520991,"context":{"external_urls":{"spotify":"https://open.spotify.com/playlist/37i9dQZF1F5p3rmiWPIYgZ"},"href":"https://api.spotify.com/v1/playlists/37i9dQZF1F5p...
Token response: {"access_token":"BQAv_eB-qjR6tUulA8FJttnV0b3z54x04HShpygwl-fp5ro8LW96fD5TMs7WT_XfG347KbnEN4PRoV_iYm73zc_M48Hpq0wstpcHz0B_URBO4twiyi-XhHrP5j652tfl5yuA1pOfPtq0Vqo51M6IsSo9Ak0S0WbQTr_Rf2OCbj_14cbOdaFxoiHhiT8YZpQ1FJ9pCLwRd50T73vgK4yH0jjwQrgFrHeeYsF3XhTq897HhQrDp5_5tlLq6arZykKwOCWQzQ","token_type":"Bearer","expires_in":3600,"scope":"user-read-playback-state user-read-currently-playing user-top-read"}
Spotify response status: 200
Spotify song data: {"is_playing":true,"timestamp":1785488520991,"context":{"external_urls":{"spotify":"https://open.spotify.com/playlist/37i9dQZF1F5p3rmiWPIYgZ"},"href":"https://api.spotify.com/v1/playlists/37i9dQZF1F5p...
Token response: {"access_token":"BQAIB7nBxnjgF0JDNniSuurwwW1oimj0g9gKidKse46wo9T63wcZT5cumm5nkvU6n03ZEj0gLfyzvmdNgsRnoTIM_HE1DFd-m5dOpu48H8k1ZvV6LrzGOLQsN0Jbp_K2_RkPBYVYMpMXg5lQkFTk7sdU6iT_ELA7ILh5n1GguW_iWgbrmwwoOXFY-3XVk8Eo19fjEOvkuTBICgZKVj-6syawm181FnLy9YLoK5AX5zvVg7o_5p70-6hKu_wAk4I316xfwg","token_type":"Bearer","expires_in":3600,"scope":"user-read-playback-state user-read-currently-playing user-top-read"}
Spotify response status: 200
Spotify song data: {"is_playing":true,"timestamp":1785488520991,"context":{"external_urls":{"spotify":"https://open.spotify.com/playlist/37i9dQZF1F5p3rmiWPIYgZ"},"href":"https://api.spotify.com/v1/playlists/37i9dQZF1F5p...
Token response: {"access_token":"BQBwxvHb56083kHvSP_YVwGtJo8GuBYCydrchHcpGY1REQmkDRRVvdBIxJTBckt5-9K6pOCTt2sorZV4Ouhf5o3AaGafRQQeiwbQPDjdby-d0Fm4sds2U1rgCRzrdhd_iSlC15BDBbIi2Vjef9pf5KpBglOLufEuqkc9RUPzevddAc6qfjSVkDuWu9x9Mi9T5CkbSSZ3hizVWS25OTBgocF_BtNzD-WpxxXgqtUETuOv7_w7YUhRO9V3oJW0_nyAeR1SZg","token_type":"Bearer","expires_in":3600,"scope":"user-read-playback-state user-read-currently-playing user-top-read"}
Spotify response status: 200
Spotify song data: {"is_playing":true,"timestamp":1785488520991,"context":{"external_urls":{"spotify":"https://open.spotify.com/playlist/37i9dQZF1F5p3rmiWPIYgZ"},"href":"https://api.spotify.com/v1/playlists/37i9dQZF1F5p...
Token response: {"access_token":"BQBFUfbUI83Y11fBGwmrI8j35wbugTOHRirICCXlLV5HXAQfZbS-V-cmp2xR7KMfsLwyvx4ZW_5MAXrlbqLGxXVNQ5cCkDqYHrEAILXnAF80HLLovHuZtTnWPO8MjhZSNOOEx6qPvbiQ-iOypRm0ExH0IAX3Sr-gZGSpPGfyt7phxGgGbNFUaqcJSH1XT5FgQ1VOqlIQSF6p1SoYfDty67A5fFGZYMzk2vq74JMbwuVgC51FSMlNHM0735qtN_00gmTC2w","token_type":"Bearer","expires_in":3600,"scope":"user-read-playback-state user-read-currently-playing user-top-read"}
Spotify response status: 200
Spotify song data: {"is_playing":true,"timestamp":1785488520991,"context":{"external_urls":{"spotify":"https://open.spotify.com/playlist/37i9dQZF1F5p3rmiWPIYgZ"},"href":"https://api.spotify.com/v1/playlists/37i9dQZF1F5p...
Token response: {"access_token":"BQAwwd1wiXZitHnONlQsDSAt9Krx1TMz7IFcAkjJb1POtKMVn5wFIf2oRXF4CRu_ymu6IwiXrbtxsG4JBDupfhJBJjLU06zGcWG7GWvYPsfy36cjwhSZywFxppMBL-HGPjLoUZ5PEpBOWN2EboQbn-RhxkWmYBu2RH9Oh9UQtdmgCASiIetNRSx7PaV7eeW9bjZKiRQZUO8eFMNGZKN5WgexACTFcrtWXTmWf8IuzbPrInLPSrPCAcDkif-0nIbWZIpqIQ","token_type":"Bearer","expires_in":3600,"scope":"user-read-playback-state user-read-currently-playing user-top-read"}
Spotify response status: 200
Spotify song data: {"is_playing":true,"timestamp":1785488520991,"context":{"external_urls":{"spotify":"https://open.spotify.com/playlist/37i9dQZF1F5p3rmiWPIYgZ"},"href":"https://api.spotify.com/v1/playlists/37i9dQZF1F5p...
Token response: {"access_token":"BQBcltJuX4iDqDa5epRun7Gqe2ITSL3fA8pUgvgdXQYtMXF4pyI179Z_y0_vGAg8ARk6uXqY9yZJpx6EPRBANuLZTJfq08XV_v1VO89lpDcNQ8unAXwWvIuTiObp4ouTxEfNOCizrOBx3Ilz4F8Znsf1xWQKzPzsAw5d5KM2N6Mrek7WxN1Hu7-H5ufa-pvsZkDCu6vf_LKYZLmNcTqUGAI-Ujm9Y-suqL0P0IWiuvKfBF_xwHY_Ob-b3nPWpjZBCb0CzQ","token_type":"Bearer","expires_in":3600,"scope":"user-read-playback-state user-read-currently-playing user-top-read"}
Spotify response status: 200
Spotify song data: {"is_playing":true,"timestamp":1785488520991,"context":{"external_urls":{"spotify":"https://open.spotify.com/playlist/37i9dQZF1F5p3rmiWPIYgZ"},"href":"https://api.spotify.com/v1/playlists/37i9dQZF1F5p...
Token response: {"access_token":"BQBHEmOo1a1GEkdpXVm0Lm127r2I5hzclCOZe1ajaQRYDe7MJLpU_iX3e7i6gq1ka0Hv_226O70tbSXF6et-R-Utw_lfyVL9vGI7Q9Ka9wvFiP40G895vyi-C7lV0YVsn8o5oHc7AofUf1Nkn_6a9cGrFcMwJI6gr-X_L4vpWjK61Y_u3P1ZnvW06UFyYI3J0neiqpVVV7R8EMxByTP1H5Msr4xp5dOiJpidwrrpFkUaSZV9QRO6u7a_Kx-xHWpkrzG-YA","token_type":"Bearer","expires_in":3600,"scope":"user-read-playback-state user-read-currently-playing user-top-read"}
Spotify response status: 200
Spotify song data: {"is_playing":true,"timestamp":1785488520991,"context":{"external_urls":{"spotify":"https://open.spotify.com/playlist/37i9dQZF1F5p3rmiWPIYgZ"},"href":"https://api.spotify.com/v1/playlists/37i9dQZF1F5p...
Token response: {"access_token":"BQDnE7Z2QPr6aD6FWrIOVrnHHWpdOHVyAsbTN7p9Cb1T7MzTmwlQWkeMeS3WHnBm1XHhRXEu6ZtPOs5bgGolh-65XNH_HplTlFJncGr6O-wHmZRfUeJXd7wU9MGhwDNMPQNCF4LaLlYEmCAcSA80qC_JLBLl-RlBlqgvMDa0PZ-Oqxpm5YN1QjagKTURwW-TliMkKwOR09gpmppAp3A_N5_1pQ9d3RSafkbXx9FyTMBLA9sCX-ir4uMuZfLOsTVSrahKhQ","token_type":"Bearer","expires_in":3600,"scope":"user-read-playback-state user-read-currently-playing user-top-read"}
Spotify response status: 200
Spotify song data: {"is_playing":true,"timestamp":1785488520991,"context":{"external_urls":{"spotify":"https://open.spotify.com/playlist/37i9dQZF1F5p3rmiWPIYgZ"},"href":"https://api.spotify.com/v1/playlists/37i9dQZF1F5p...
Token response: {"access_token":"BQBf4mk7YbZjv7jl3UTEeS4krLQVKCR8hXVvhAhQMzBBTmSPaBYz2OBKRYCnU0226fyLu7PIgogczKzUaBlVJ848m7Te_4yStxjsXk_a-99TNyiagKaLxYzWhvG7BG6SjbxqEKBTTotx5Pd8Ae54mUGGZIOTimuQxwLW126OL934e5DuuyOK93uURRFJdNjS5lbAXZNM-kMFcevuEqleJnJ7bL452zpf1LeKxMLQEJiQwC05gu1EhsTi-NnOnlbYkIlrGw","token_type":"Bearer","expires_in":3600,"scope":"user-read-playback-state user-read-currently-playing user-top-read"}
Spotify response status: 200
Spotify song data: {"is_playing":true,"timestamp":1785488520991,"context":{"external_urls":{"spotify":"https://open.spotify.com/playlist/37i9dQZF1F5p3rmiWPIYgZ"},"href":"https://api.spotify.com/v1/playlists/37i9dQZF1F5p...
Token response: {"access_token":"BQDW2WLfSd4xLezxmbmlf2CzrBnIO0NKhGC7c37EuNBhn2Ua2I5wYmgu78AeCLcyiUXdrtg8jgXCpfeOFetkTer1cKQ5IOrMgAG-vwJa5hb613m1PS8-fiqw-he07KYSZWQAF4BaOHIdzPtf4_7MY9CEZwHXnqLdMCBl0nNxAvHq02j3XTXBuPMKRiNusQS1HcMs9dPm8ic_GFaWu4lfkHuTahQMgerFYYFBeNqs3SnJ2OdDjlm5FKkJZrUabWkXFBSrdg","token_type":"Bearer","expires_in":3600,"scope":"user-read-playback-state user-read-currently-playing user-top-read"}
Spotify response status: 200
Spotify song data: {"is_playing":true,"timestamp":1785488520991,"context":{"external_urls":{"spotify":"https://open.spotify.com/playlist/37i9dQZF1F5p3rmiWPIYgZ"},"href":"https://api.spotify.com/v1/playlists/37i9dQZF1F5p...
Token response: {"access_token":"BQCWZ8iVErdbhCAwpi6XJUFdQQoIGvsgBMEeJpohy7wvPZrff3NMh5memtGI9I-XvQ74S3gL8PiI70NYi1BZEfXAF6MMyu29LY7YFA-oTznevsiOvJZwQwoJUEH0qfXf5Vw6UNbngjNtksqr4mPvpYJEDn7bUdCqieHQVcdYIICKHFQio0VxXuH4JGGyJCdmiAk_1DufveDrkymilR3PqV16T3txpGsxD62GUhrlGCW8CWLA3-P7AY5NvTbZERymjSdXyg","token_type":"Bearer","expires_in":3600,"scope":"user-read-playback-state user-read-currently-playing user-top-read"}
Spotify response status: 200
Spotify song data: {"is_playing":true,"timestamp":1785488520991,"context":{"external_urls":{"spotify":"https://open.spotify.com/playlist/37i9dQZF1F5p3rmiWPIYgZ"},"href":"https://api.spotify.com/v1/playlists/37i9dQZF1F5p...
Token response: {"access_token":"BQDn9v8OvqdNKiYI7nFFDLUdR4e-Ut5MtRBVBr3sa-YH7Q5lQYplBxFISGeMedhL9NaPrWOtWNvyUxFVA89wSGlCKSpwtLCOIGq0mylcf34arCCpPz1AmkkKmLlHx56G_16fL6EaBSFXwcDgeFCljl-kSz-hWt3m-MAmBNlUS584YauAsQlW4LwX-y0H1YLRhdHblHmu_mtPxSXzk3Vj3Jkmi4pi4uC7yKJkYOPQHn6NC8Mh57dgAQxDWm1zyeLwOyEYQw","token_type":"Bearer","expires_in":3600,"scope":"user-read-playback-state user-read-currently-playing user-top-read"}
Spotify response status: 200
Spotify song data: {"is_playing":true,"timestamp":1785488520991,"context":{"external_urls":{"spotify":"https://open.spotify.com/playlist/37i9dQZF1F5p3rmiWPIYgZ"},"href":"https://api.spotify.com/v1/playlists/37i9dQZF1F5p...
Token response: {"access_token":"BQBu2cRnqV5yQG6V9b78ex4dqtmeCLSfeVMpA8aMFlIUnNalY7bJI99S4Hl5gC7AEIr35rB11yZvxYPHK5sCFe-7_r5TTg466-47Xk3b7uj_1TGioGOMJjZfZuGr5vNPdEqTIzqcsBJkdBPkdrzLCJc1aTZ-XQd4Mkf4ZsWCrQDh3EuDnL5PzGytyiF5m8te_34mbxrkHuwBGXT5s5ppWc3pObPLn_nfYXA8puVV_H18pK36jrDMUHC_jNKRqN0WD0x0NA","token_type":"Bearer","expires_in":3600,"scope":"user-read-playback-state user-read-currently-playing user-top-read"}
Spotify response status: 200
Spotify song data: {"is_playing":true,"timestamp":1785488520991,"context":{"external_urls":{"spotify":"https://open.spotify.com/playlist/37i9dQZF1F5p3rmiWPIYgZ"},"href":"https://api.spotify.com/v1/playlists/37i9dQZF1F5p...
Token response: {"access_token":"BQCc4xPlojYk-LTAR7hhr-YE2ewlic97ByFClGspZTqiJkmcDcqNNWHT6i4-fgXphX4lvdfDbEN8HygVbLKbXFe40zm9dZQu9uqDqOMLI8Srwjok0bAR5eoxlTiHa2lQqqw6jAJRNDQA9jpGCu0SnMa7bH_NQj59mOP-BZt2AUdX8k6L3YrheJvv_8TPOOQT2pw03Wos6XLDQ51_5rPuM5SwzcBsTct9K02vJahc38PbWViCZVV0Pu1zUf9Ho2S1LP0tfQ","token_type":"Bearer","expires_in":3600,"scope":"user-read-playback-state user-read-currently-playing user-top-read"}
Spotify response status: 200
Spotify song data: {"is_playing":true,"timestamp":1785488684194,"context":{"external_urls":{"spotify":"https://open.spotify.com/playlist/37i9dQZF1F5p3rmiWPIYgZ"},"href":"https://api.spotify.com/v1/playlists/37i9dQZF1F5p...
Token response: {"access_token":"BQBSNq0G9NlzqFpMdcM76Vw3qk5olhP15nAhxRMJ3GZ8efoqdQpTLqL9GuKfdxwoydig4Lm-YH6_Xl2lDj3Tt7u-bxnWXM4jxvQDNGeyz2DrVrY7j7Hce3h2fTnzG9YOu-Dh2QfouFpmkWjdoZnUFSgZz-2HiSvOpzrlAk-xDgrCB-sNcfyYTxczIvW5tzZtyMihgmp__L2psascvwkqtrsB2AR6UqrKgYGmhZAdikTWpYSGJywEJQNENNGbRpDLDp3w4w","token_type":"Bearer","expires_in":3600,"scope":"user-read-playback-state user-read-currently-playing user-top-read"}
Spotify response status: 200
Spotify song data: {"is_playing":true,"timestamp":1785488684194,"context":{"external_urls":{"spotify":"https://open.spotify.com/playlist/37i9dQZF1F5p3rmiWPIYgZ"},"href":"https://api.spotify.com/v1/playlists/37i9dQZF1F5p...
Token response: {"access_token":"BQBrOgYa2QlxO660hwwEcEBFqnQhGvTTyXiFRndYRTZKfY_GNajorYqlvqDaWnggobnBy5GQ6DJPpDgB3XUIfS2YLvGbTUhY_Rvj0rfdYgsoi37e1mgBj2JtaFRt6DWQqrO7Uenn2zidDlvjze1-EEASnUBiYUW5iLbv6SA_WtbNw_qlOegqp80RbkUTkF3eKQKxRbNTvPPUF_dVehDTnSUi6TUiL0vl3XAV9x8osRT3W6X5GeTlvLvXVT9Xo3Rnm5BGOw","token_type":"Bearer","expires_in":3600,"scope":"user-read-playback-state user-read-currently-playing user-top-read"}
Spotify response status: 200
Spotify song data: {"is_playing":true,"timestamp":1785489059604,"context":{"external_urls":{"spotify":"https://open.spotify.com/playlist/37i9dQZF1F5p3rmiWPIYgZ"},"href":"https://api.spotify.com/v1/playlists/37i9dQZF1F5p...
Token response: {"access_token":"BQAcOVJySW-zPSYf0OlUOtvatWgaTQATl2VxzqnZhAw3fhOQHU4l7y-9uQWp-cq381YWfwCubjzSTIV-MNK2nAEM-RIbOUljMqe_2gxRHFujHh9BNp4FHY9zT4TcwjG3CognxYiU6r7L8ZaHEi2hg68rKNprKC69g74Fxd8j_V6fFqYO9nAqenMJiap41m-u5o-Ou9kRF--g4Y5n4cglmQ185qeSFUePxH9dEl7e-Zh-NTJRVkOlF9JPN6_Oxk6XfZ7y1w","token_type":"Bearer","expires_in":3600,"scope":"user-read-playback-state user-read-currently-playing user-top-read"}
Spotify response status: 200
Spotify song data: {"is_playing":true,"timestamp":1785489059604,"context":{"external_urls":{"spotify":"https://open.spotify.com/playlist/37i9dQZF1F5p3rmiWPIYgZ"},"href":"https://api.spotify.com/v1/playlists/37i9dQZF1F5p...
Token response: {"access_token":"BQD0ir_6TIYF2J8UCowkOw0suDWMyqPhn8TMbJ8OTTR979JWtF97Lq1Hq_25deeUqDIzfTpoYqTVk2RsBVA1ysKoPsMHR_iFZmENN7-4K8gbB8HGbquPgnKbzV86V1nyVXrbqQ--kcdfGzw6yZZ7LMjkbTL3msLPJkRp6fyY3ibDo7wcNDLWON6-Ltw7hZWZ0ijXOiabrWlz9BG2zfcIiH1lFxU-j5uMb_fYg1A53lHHStukPc-wIxxbv14Kw1dBttzCgA","token_type":"Bearer","expires_in":3600,"scope":"user-read-playback-state user-read-currently-playing user-top-read"}
Spotify response status: 200
Spotify song data: {"is_playing":true,"timestamp":1785489213179,"context":{"external_urls":{"spotify":"https://open.spotify.com/playlist/37i9dQZF1F5p3rmiWPIYgZ"},"href":"https://api.spotify.com/v1/playlists/37i9dQZF1F5p...
Token response: {"access_token":"BQCmVXSvy-cKd9OvJbjqdnzogvYLcp8L6O4bR7DXiPmpGRWGaTEx_EmtzhMpCGzgB0NwY1UPNvJQczxT9g6P66csGalTGtALXq7nQO52CShK8q1aMW8i9mLd4xAJnMs_dG_2aLz5efwrc3vZKwBWK1p4Kq-WlCDJzE_550QYTag3Vq3zmKTj4kVXiYYvFrgo6hko058ClI7exuMgvZyGr6cBeKyA73cP50sfDB3J4koqkwgG6zJsj21AzD-9sK2Z4PNfVw","token_type":"Bearer","expires_in":3600,"scope":"user-read-playback-state user-read-currently-playing user-top-read"}
Spotify response status: 200
Spotify song data: {"is_playing":true,"timestamp":1785489213179,"context":{"external_urls":{"spotify":"https://open.spotify.com/playlist/37i9dQZF1F5p3rmiWPIYgZ"},"href":"https://api.spotify.com/v1/playlists/37i9dQZF1F5p...
Token response: {"access_token":"BQD6pfzBjpV-g8YbzsFgpjjeHAjtkM0_thGIAUKOeLQzVNStr4C0TFnaaXavWaglZl7t4npqescnttzlUnRSQBCEXZS2TN-qaZQTInCs7bqlKWFJwt8AfxocFqgCX_buxgYG6z1n2cLj6NlSheQZJuH5vJe4f6lanaju28al9q9Drlh4hfvULHbnBJ0SAxts501NoPqTOsPANF1LN9KtxrT92ynM4Y03qSxlp1HnAAVW2Uix3yfmZgYfDhNkFgtJSxQhEw","token_type":"Bearer","expires_in":3600,"scope":"user-read-playback-state user-read-currently-playing user-top-read"}
Spotify response status: 200
Spotify song data: {"is_playing":true,"timestamp":1785489213179,"context":{"external_urls":{"spotify":"https://open.spotify.com/playlist/37i9dQZF1F5p3rmiWPIYgZ"},"href":"https://api.spotify.com/v1/playlists/37i9dQZF1F5p...
Token response: {"access_token":"BQBZtA8wZGR9oOC5LncfeAxvtLMVGhxKI_muVgM8q6n0wLhP1xok43MCxXkhC6qLoopAQui4bn3NkrC8BVITIe2bOAwfIf69qrXBAHCnD7G-ADrmQTh6KxyxBErDLLC7e5QXjbbMT1hqxwh3W1m_jDbPRhrsJRQmCv-PmKi38K_CSGXcH-89BsVSXrX3QPH5QNAgwQuH4cD_t8ByZHvlMCclEDqnYAq4568oig4_MLxL3XKbF4OfaVkxErXbFC5XorU4zg","token_type":"Bearer","expires_in":3600,"scope":"user-read-playback-state user-read-currently-playing user-top-read"}
Spotify response status: 200
Spotify song data: {"is_playing":true,"timestamp":1785489213179,"context":{"external_urls":{"spotify":"https://open.spotify.com/playlist/37i9dQZF1F5p3rmiWPIYgZ"},"href":"https://api.spotify.com/v1/playlists/37i9dQZF1F5p...
Token response: {"access_token":"BQBjgVSFKgFj_kB2mFO1WsXKEEIIa-2Iwtwu15cOIQSlNBu1xwFsKtG_dSzaL8YIUOqo27FGtdVeJsXbiebElNFZz404HhxPKYibaXLDF1SiOB1kvZ1fj31iwHyhS9dYsANWR29NeKrxcFB2BGzEIc9NGRbJJtC-LJERpK7qvPo8LbDNg1Q-QV2QYUpJr_UTz9nrOTfAsDPP33wQsJTvNCjYchNofVlu8taq-FmW9KiHftcMikM8oQuotzzMebNCqxAY6A","token_type":"Bearer","expires_in":3600,"scope":"user-read-playback-state user-read-currently-playing user-top-read"}
Spotify response status: 200
Spotify song data: {"is_playing":true,"timestamp":1785489213179,"context":{"external_urls":{"spotify":"https://open.spotify.com/playlist/37i9dQZF1F5p3rmiWPIYgZ"},"href":"https://api.spotify.com/v1/playlists/37i9dQZF1F5p...
Token response: {"access_token":"BQAZ62tMF_JCAZKxzVSOxl63dtNbk-6rR6eqiKiKy98knLCITo-Re5Hu_RyHVxFJjbZ9Iyjq2ctoJhkYoEmjFNjhfSrdntk-CDH0IJzw3qlhOuSo_vitVVmuzHaMqnWDZoWu4rw413mSt2BDoN9cTC6tBGRP-mBrOsQ4hSUqlQJqpgPLTFuOwgyHoLHlhQHWPW-Jk07kt5DuN3GgTxoJku8azWJzjfE2CVZnTcVAtLABDcIdohCkiP8YmmOTrCwAETF-TQ","token_type":"Bearer","expires_in":3600,"scope":"user-read-playback-state user-read-currently-playing user-top-read"}
Spotify response status: 200
Spotify song data: {"is_playing":true,"timestamp":1785489213179,"context":{"external_urls":{"spotify":"https://open.spotify.com/playlist/37i9dQZF1F5p3rmiWPIYgZ"},"href":"https://api.spotify.com/v1/playlists/37i9dQZF1F5p...
Token response: {"access_token":"BQDG0qfeC9UrV68a0Nm3fT8g5njRk2M_aCql96W3IP_VEaK03NhfCOCWXr3qifWdVTJdqG53FA4xMe9bzP2904uAcxpwF10n2buJnBIsbdjagvtR1F6CPJdrGJiGSNs6BH9R3un-_Dp6FSdV-_4r8evO4x3wfHM3ka4FzQBoXI-i1m4fzIoAXYDxH6AgLZg-1bHsd37xVlV9rIjCvvS1F36Sb2avWyP9fMfmTvW0akwukFOUv4Vx7ktlYg2rMd0BnszPpQ","token_type":"Bearer","expires_in":3600,"scope":"user-read-playback-state user-read-currently-playing user-top-read"}
Spotify response status: 200
Spotify song data: {"is_playing":true,"timestamp":1785489213179,"context":{"external_urls":{"spotify":"https://open.spotify.com/playlist/37i9dQZF1F5p3rmiWPIYgZ"},"href":"https://api.spotify.com/v1/playlists/37i9dQZF1F5p...
Token response: {"access_token":"BQBAxN3Epzv5OJup4ZMbclGBOJDCV68-LszVkROUNLW_W1b5Ne21BU-BUWFn6qVHSoKTQeWp_5Kuqw28JCuFlIq9ujwMCSPSnLemb_iC9Wl4vcZGkGs3RfRCJzJ1tiQkw7hJiMRLU6jj97kpjfLrRhho_z-mkDb2qq1IbAyeWnlP-LHE1G0yeUvSfkLO4btVRF-2v4M8vv7eE8zNi3XKPXG0_mejPgX_BtaMlrlalrPQdjMvIs19YK9NDW1-Z0BNtwhWhw","token_type":"Bearer","expires_in":3600,"scope":"user-read-playback-state user-read-currently-playing user-top-read"}
Spotify response status: 200
Spotify song data: {"is_playing":true,"timestamp":1785489213179,"context":{"external_urls":{"spotify":"https://open.spotify.com/playlist/37i9dQZF1F5p3rmiWPIYgZ"},"href":"https://api.spotify.com/v1/playlists/37i9dQZF1F5p...
Token response: {"access_token":"BQAwe4hECy2EAkrOtAgNQUb25VgPDpCEFTzTXmGFodXVyDdizClQQOabogptsdN0DTS1UxNYAhtDWNzpDPuVrCvWlhPd-HjxJvGcb4HNc2UeQ41MhZGSH-dvMTqD8d0hf0ouvAn5i7Iptgo9OU_vQTpTYK-N_AwIBpAA2bmRW3xIJsVKpZMbvZbz9-fA3DGt0RdMBN-aqE0yuWjuD34RwDXYe_jZvzpwMElEhprdMJUcXL8nhK8fyfMhW-zDaSRBLRmIgQ","token_type":"Bearer","expires_in":3600,"scope":"user-read-playback-state user-read-currently-playing user-top-read"}
Spotify response status: 200
Spotify song data: {"is_playing":true,"timestamp":1785489213179,"context":{"external_urls":{"spotify":"https://open.spotify.com/playlist/37i9dQZF1F5p3rmiWPIYgZ"},"href":"https://api.spotify.com/v1/playlists/37i9dQZF1F5p...
Token response: {"access_token":"BQBofRr_yor7hyNZYXxzldT4YnJvAMRBaLFMVKIOk_dT8m7H16UGXh_o-IATzPmfpGO6y0pxnJ8qhMdX2Q789ma5D9oO8MvndagD210Fdi-mkxn2r1XRPhhdoSuTCu0uohOVCFQsSPSSO9G7AtU2tAYyE684yNNyhgmrwlaDsr1qXGRHJZtW4P043elzp67lkHMgzgjGcNV6Q1FQIZKM2nAJ9659vAKYpy4MUEsXf7lDrRnodDA31CL3PDljUCst3i_tEA","token_type":"Bearer","expires_in":3600,"scope":"user-read-playback-state user-read-currently-playing user-top-read"}
Spotify response status: 200
Spotify song data: {"is_playing":true,"timestamp":1785489213179,"context":{"external_urls":{"spotify":"https://open.spotify.com/playlist/37i9dQZF1F5p3rmiWPIYgZ"},"href":"https://api.spotify.com/v1/playlists/37i9dQZF1F5p...
Token response: {"access_token":"BQAm50mn7kSsOf03qDl3MrcSElmAo-ZVAZN-4fAnZF8iaNc1GSg8o5Q4_-fTmNPt2_zd60LH7VJo6k8CV9-ADCw7VD2Ns9Kn1HOckznfLw_7ZDoThUOzFG9k-G71SsBqxcG0GZrOeMFH_JqyXkAPAcYz1kWYpPRjfHilRyPScfd5GEikjYYy78d2ZuVExJNH2zooTJ31wV3pdrAD6cWuzIW9vxDUEERVR-kLvAKtal9vIFF1WHwb8XnKHRBmTXJbhIGlmw","token_type":"Bearer","expires_in":3600,"scope":"user-read-playback-state user-read-currently-playing user-top-read"}
Spotify response status: 200
Spotify song data: {"is_playing":true,"timestamp":1785489213179,"context":{"external_urls":{"spotify":"https://open.spotify.com/playlist/37i9dQZF1F5p3rmiWPIYgZ"},"href":"https://api.spotify.com/v1/playlists/37i9dQZF1F5p...
Token response: {"access_token":"BQCRJKI0I_JbvE2C37vlu9XgGHMaQ2M8RFBOAVVxfJbiMYxtKckkYxcrhMKq7Gr2haqZ8Kur2NUsE7NNm62dXsQlEcc8Nb3qu3Xlsl89dI1u-y_xQCSUyFoLDKHNdzpUwzEAwlrWDRrmgEgoquegYa3n1M6zItmU2EVGpOJH0i3kcyz0uvNXRKd_a90kJfD_6o9DJxWkid4HAIOwa7DTfC85cfXTQuzX0VAoUu37aMWj1LmuVlZhOFjLsSEtgKdy32Fw3Q","token_type":"Bearer","expires_in":3600,"scope":"user-read-playback-state user-read-currently-playing user-top-read"}
Spotify response status: 200
Spotify song data: {"is_playing":true,"timestamp":1785489213179,"context":{"external_urls":{"spotify":"https://open.spotify.com/playlist/37i9dQZF1F5p3rmiWPIYgZ"},"href":"https://api.spotify.com/v1/playlists/37i9dQZF1F5p...
Token response: {"access_token":"BQDz9Ykbok6tHf-j76YLfSiYn1ewJVVBITBsh4PiqNT5uTAjUrTL8Ssjx0z4uTaotIB7jDp6GiYn8U780EFH6V50zNTn_tx5ycsP5ZpBc6M2QwoSmdjIJzgTRTXCYEwQKP4FCU8HnJaDy_8582DoQpJ_SFwehVPiLIVvaxUiM4Cb3War4m-gD5at3QeV5l7zWv44EDkkKsumk_8pOg7eZRjcZFp5Brd6r_S9mdfhbMCqkpLPB4moTtAMNjqS2n48dDawOA","token_type":"Bearer","expires_in":3600,"scope":"user-read-playback-state user-read-currently-playing user-top-read"}
Spotify response status: 200
Spotify song data: {"is_playing":true,"timestamp":1785489213179,"context":{"external_urls":{"spotify":"https://open.spotify.com/playlist/37i9dQZF1F5p3rmiWPIYgZ"},"href":"https://api.spotify.com/v1/playlists/37i9dQZF1F5p...
Token response: {"access_token":"BQBoPYmhVJ8Ao2AfpFm56LXoUtNEclkX8dCDEwqW4e8OAgUW25U3MrQKPHCQ8Q4W8RM5M9tBcCwkBjXyevDSWzVi7bloec0rUv-ynXiKdO7jO7HAYZQ2vom6CS5TNnYKlUrvvUw_SJhBen1fRHjj51g13n2c2kXiANovrQkdQdPdv_EaXZtDJ_iav1tKP_MEwJhwxZn56bz43gqw3BwQejHUfHF2cyCBLeI-Z082oqgHnwmpBOKeh6nsq59EasQJUDRQSw","token_type":"Bearer","expires_in":3600,"scope":"user-read-playback-state user-read-currently-playing user-top-read"}
Spotify response status: 200
Spotify song data: {"is_playing":true,"timestamp":1785489213179,"context":{"external_urls":{"spotify":"https://open.spotify.com/playlist/37i9dQZF1F5p3rmiWPIYgZ"},"href":"https://api.spotify.com/v1/playlists/37i9dQZF1F5p...
Token response: {"access_token":"BQDVZ6mOgciJyKjA8rf2BnEDHa4zwLlmMlkzJ3evc2hH7PqAyg3ALBbvLWsrPJhp-N7wH4clSNoyHZ5IqATpzb0XuVvku6rhQK561kt9Xgk6ZlYrx2xvp_NvSYOFBVAIvMuV12DFFImj8wm9O9xHimIUXzMDw2g0jAImb122nIQZV8oPwECZq20uWt84MBLqzWyphq_zxU95Uyec--rsTlSy75G-qsh-aPKLcfVboF75fnW5wsNC3ft01vXBIVnFSejCTA","token_type":"Bearer","expires_in":3600,"scope":"user-read-playback-state user-read-currently-playing user-top-read"}
Spotify response status: 200
Spotify song data: {"is_playing":true,"timestamp":1785489213179,"context":{"external_urls":{"spotify":"https://open.spotify.com/playlist/37i9dQZF1F5p3rmiWPIYgZ"},"href":"https://api.spotify.com/v1/playlists/37i9dQZF1F5p...
Token response: {"access_token":"BQCcgeMucoi_N2xctl0HzqJE2S4ziPsDBbrcEPQ7ULGU7u4inm386cYGzRuszWYQcm73vED_ZvedOmAFk_aZ1rMyJI0p-vQVGGjRnHoL63h6Vy44USXux6y1epvgrapG25wMX1W-L8bfrDBb8Jl6RTxLyLY13HLKSwPLES_jyM-T2sBme4_UznEHmFZ_hsVHINxwo3nguvjcCj86L_LR8r2EFc9c6GttLDb7lPNaN6ZlsS0qy8MFYmqNKs-dnTZMt_5xag","token_type":"Bearer","expires_in":3600,"scope":"user-read-playback-state user-read-currently-playing user-top-read"}
Spotify response status: 200
Spotify song data: {"is_playing":true,"timestamp":1785489213179,"context":{"external_urls":{"spotify":"https://open.spotify.com/playlist/37i9dQZF1F5p3rmiWPIYgZ"},"href":"https://api.spotify.com/v1/playlists/37i9dQZF1F5p...
Token response: {"access_token":"BQB0gYME3c4wtrd8v6ex8QdHh_YkMLN_1RfgZ-8rC88ZRtXCR_fRGqjh3ZzRAdzn5PGaRXum5V_2h1lkbWCJpq6dOD-6SlprX8jtacQ33FalkAb_Kwq3FUdr4J4RrUIDbZw0e31zoaH5CfCpPZPbGHpnvGA0Dkdm4cMxQdDk8jBF0W7bbeoUQBWmb_Wmj2bPB2AeK4_80NbkfJYHLzHIG8Y5kYmLq5ueOl5z7-6ckpeAHNNOfkyPIKcqvBB_Y8P9pUev4w","token_type":"Bearer","expires_in":3600,"scope":"user-read-playback-state user-read-currently-playing user-top-read"}
Spotify response status: 200
Spotify song data: {"is_playing":true,"timestamp":1785489213179,"context":{"external_urls":{"spotify":"https://open.spotify.com/playlist/37i9dQZF1F5p3rmiWPIYgZ"},"href":"https://api.spotify.com/v1/playlists/37i9dQZF1F5p...
Token response: {"access_token":"BQC4at9t3qL3ourVyR16OWnVEHLlim-TZZJB26oXiWk9-N5hdpfTgu4Ile-UZItajaviccaLhpmxxFqmzcHVO_9YBYDxSegdNhEzP41QB2idZWd7xCgwD7MkzuIsQZz_YS7Oohr5FTtNP2HLDNiuW9HJYmdYAmYhzby0EJ8QUXDS1RTZ4nnwOqeKZkxNt7HgTKiR0YecjoNzzy77bMozyk5QDiH76Xdm-13nz-od1WxbxoZ8kQWHD54n61h1mEinjzjKoA","token_type":"Bearer","expires_in":3600,"scope":"user-read-playback-state user-read-currently-playing user-top-read"}
Spotify response status: 200
Spotify song data: {"is_playing":true,"timestamp":1785489213179,"context":{"external_urls":{"spotify":"https://open.spotify.com/playlist/37i9dQZF1F5p3rmiWPIYgZ"},"href":"https://api.spotify.com/v1/playlists/37i9dQZF1F5p...
Token response: {"access_token":"BQDs2NXT9ZDf4aznNhqtrTsINu43X6nQtMKH-9VTPWOeX_7fX2tBUV4D5k9DmvWu-6gpzh7m8M-pH_bS2GH40BR8WH8iKBK0oQzDpHIAj0QD0KQT4VjMxKtUbJAwM89-Ig9sQ8Hyx2y5LCSEdqRTSLDWcYofOPaoxJW_uWJh29wpmOAvg-3iiDt3zbsmc4aNejdYLa26wvGEtXzr93Cc1pkTOKJGzQPYTf8bzFW3nQVHsCCo82Ce1oUsjPppR4agnOVf6g","token_type":"Bearer","expires_in":3600,"scope":"user-read-playback-state user-read-currently-playing user-top-read"}
Spotify response status: 200
Spotify song data: {"is_playing":true,"timestamp":1785489213179,"context":{"external_urls":{"spotify":"https://open.spotify.com/playlist/37i9dQZF1F5p3rmiWPIYgZ"},"href":"https://api.spotify.com/v1/playlists/37i9dQZF1F5p...
Token response: {"access_token":"BQBO2dvm9XpCWhIk4rFxfl5z7JZprjiSTO4TWpUztNnmzjbzElzrsskTxMlaUdshTTiCi_emzGvFe1xOajPMmd5q4id0PyzRcB5u8DztvVizPOQ6WMY-p5qhJrvYBQulknBf0HJHJNOw_aRInhlufB-BXgXv2G_TB9UiJCSjQxKP8H3v1ZsZHTncB4f6MgmU6A7VcQ2km71mXWXQnFrALAvsNDHV7c2atri_rPQ0p2_gjlCbE_uzmi3F-G5I0MdAivzfLA","token_type":"Bearer","expires_in":3600,"scope":"user-read-playback-state user-read-currently-playing user-top-read"}
Spotify response status: 200
Spotify song data: {"is_playing":true,"timestamp":1785489213179,"context":{"external_urls":{"spotify":"https://open.spotify.com/playlist/37i9dQZF1F5p3rmiWPIYgZ"},"href":"https://api.spotify.com/v1/playlists/37i9dQZF1F5p...
Token response: {"access_token":"BQAHBkiRnEGe6PtiYnumQlmvqCqOdumm0DZu0_w_bp6fTmSzdxIPZQ93ZQmDiphwQvsrQSqSHdczRD9HiwAQz9-PjxyW0K2iW4Ae0SOGxjn0iIB5IfT-LWkMFFUNwOqD6ch-dOPHTYQsDOREpN2-24VFfZNGLO3v9suVTXUwQnBMVImDnC0six1E17yG1qTS3EgOvoXSNFYpWj2MUKolUgN2tZ-PHOJIwbQlpAT9X2f-VI37QhScXz86LPqcXwiR1-jx_g","token_type":"Bearer","expires_in":3600,"scope":"user-read-playback-state user-read-currently-playing user-top-read"}
Spotify response status: 200
Spotify song data: {"is_playing":true,"timestamp":1785489460225,"context":{"external_urls":{"spotify":"https://open.spotify.com/playlist/37i9dQZF1F5p3rmiWPIYgZ"},"href":"https://api.spotify.com/v1/playlists/37i9dQZF1F5p...
Token response: {"access_token":"BQDcaGMRxQ2fCtYmnvSk7MrOiqOMZC2QX0hiu2rTMm6FGRYAkFKDbeb-41DXiowyN1X4DIuLdrHIuPEapFFc26-DqfEZ7KfCI8jpkYPKajCpFq6PE9-CNBTeS5X-VZkZVdWso8BoqMptNgJ8AR0y6iXqfPfsmMZ9XQMUq8T8Wn5bW-6aMj7dtIn1TCHrZXF6CAt1nrjvujPYMnMRZxThIp7D4MFP7_zCPs8eUIVhWNsohmI4RrMm9_v-tA9BrZ_mRz2xqw","token_type":"Bearer","expires_in":3600,"scope":"user-read-playback-state user-read-currently-playing user-top-read"}
Spotify response status: 200
Spotify song data: {"is_playing":true,"timestamp":1785489460225,"context":{"external_urls":{"spotify":"https://open.spotify.com/playlist/37i9dQZF1F5p3rmiWPIYgZ"},"href":"https://api.spotify.com/v1/playlists/37i9dQZF1F5p...
Token response: {"access_token":"BQC3M_yT-djj9F2DQ3R08hdXP365ypszZ0l8uY5heAPyCwHKuDf5E5nL-8en7cD6ahRm7nHoeW4yOP01JceZzUCIdeH17_6155l9FGtAaAB1faTtQCfvTk-gLV_gSqpBAlx6F4NrnwbuN85BNY6AfkCUQfUY8hWZVqearEGvDbQVFdVfSC_auFdEbbgt_Ugp1XV9Mxr03humRTlJHjKLOgRotquVL_zScbI7qiRWFitDQw5H-kS3bD9XjyiYyYGsWVhVKA","token_type":"Bearer","expires_in":3600,"scope":"user-read-playback-state user-read-currently-playing user-top-read"}
Spotify response status: 200
Spotify song data: {"is_playing":true,"timestamp":1785489460225,"context":{"external_urls":{"spotify":"https://open.spotify.com/playlist/37i9dQZF1F5p3rmiWPIYgZ"},"href":"https://api.spotify.com/v1/playlists/37i9dQZF1F5p...
Token response: {"access_token":"BQApU_zA68MfxWiVAd9m9V85pLIpDhALxAhSI6iONHbGYHSdVUjD3R_Ub2xKVjzb8pZtEyQ3G8mG14Po5e-pEdYfj-dvBKtm7betZc-QKd-6EpcTjLqwdm4T_57Yq4HjNC91Hnyo-O2oT0AgZQnzc6aayD4HhVzJ47FTepz1pUN-jSNZcf7LUSv341ShmYcwW66iicMBvrLenHce1NRBkUHDdl-niVOeFIx285umamureo8d3X7nUSezlDe9_JlQTkPkQQ","token_type":"Bearer","expires_in":3600,"scope":"user-read-playback-state user-read-currently-playing user-top-read"}
Spotify response status: 200
Spotify song data: {"is_playing":true,"timestamp":1785489460225,"context":{"external_urls":{"spotify":"https://open.spotify.com/playlist/37i9dQZF1F5p3rmiWPIYgZ"},"href":"https://api.spotify.com/v1/playlists/37i9dQZF1F5p...
Token response: {"access_token":"BQAvguKajcdemy6pXU5bQVLprkeciomscA-jbe81TM0WXFmZAION_czRPnesCYhIdoHufbEZ6kX70agzG3xtbTCVZwV1w30f9wOQ9eZbLD6elSAK0cbnikfzmKnYbxti_6TJozvzWPbMd7CPh1SOQrruW9kmwaW7anLZnnIm8GO48hmNXjfv6ZlvRJp5pF30p_9K_ZgazT8mxRHzQ595IaKpn9NPcllcsu-vOiQfVrkjNv1F52rJpoY20plBiNnND9tzZQ","token_type":"Bearer","expires_in":3600,"scope":"user-read-playback-state user-read-currently-playing user-top-read"}
Spotify response status: 200
Spotify song data: {"is_playing":true,"timestamp":1785489460225,"context":{"external_urls":{"spotify":"https://open.spotify.com/playlist/37i9dQZF1F5p3rmiWPIYgZ"},"href":"https://api.spotify.com/v1/playlists/37i9dQZF1F5p...
Token response: {"access_token":"BQCRDsaQDQxp0-qGlZPoME_oGx1HF7qUEgqyb8bgnp7JU0blC7YNmVomMCkLsm5CZ6eqwMIdeRof3YgL_5EK8l9BWggOrT18TUV6t9qdWJFIJ62Ks1OcTzRjkV6j0iFczdEK8R4eNQoWHO2OVup-yondvorsdjin7Cp5bAJUCELCCtzkewZ4z7BBwoFy3_eldir_OTndY9dytRSgfYKjtMDMmB98k_cfW6L443sqH14BOJRaR5ZLWm2FfxBAylcyeHNjGQ","token_type":"Bearer","expires_in":3600,"scope":"user-read-playback-state user-read-currently-playing user-top-read"}
Spotify response status: 200
Spotify song data: {"is_playing":true,"timestamp":1785489460225,"context":{"external_urls":{"spotify":"https://open.spotify.com/playlist/37i9dQZF1F5p3rmiWPIYgZ"},"href":"https://api.spotify.com/v1/playlists/37i9dQZF1F5p...
Token response: {"access_token":"BQB5ZGgkwPxyXJhRVamHHj435LxI7zXfoatPluo2_yVr50Xr0m17eTIpmmbW76Yg--j0oEzFP2__n51PAsZJbLmSi5HXOMvT4y2Kpg4-gS1A6EadQh582bOXC2GIyLE5w6NsVMYu3kiR8MEoB2rPIUjJkBRuJcBAUr1VXcAhgJnfPWer3koGpQTqDJZT8VogvL8NU6-tO0flesuuJ0iXFFT8vSMwk8WWbG5eSnsQfJn-i2vKwGCwInXtsRTpuIO9IpzHdA","token_type":"Bearer","expires_in":3600,"scope":"user-read-playback-state user-read-currently-playing user-top-read"}
Spotify response status: 200
Spotify song data: {"is_playing":true,"timestamp":1785489460225,"context":{"external_urls":{"spotify":"https://open.spotify.com/playlist/37i9dQZF1F5p3rmiWPIYgZ"},"href":"https://api.spotify.com/v1/playlists/37i9dQZF1F5p...
Token response: {"access_token":"BQDpQ85nbeHVWWm6MBRBJkF8o_8lEU4lWi1LKJAhWyEU9nVptcKfGdsDWobZgzb1Acgvi1ekFik0Am8g32r2GVnsv3h0LUFgoXg6l7lMA_DYDLUq-V7Tuc48TKqs-h4qg6KtczXsQDI2NcN2MXPa-Ar9Id94yI1C0cS9lhQaBYLvgdp3G4AkZWeqspPbbTR2IFepT85rmvW_sPFMWqVyWnfPohpJLfKYDLe_9AABBJeQH07i6aPEWr5fUZXviJHpOkrjeg","token_type":"Bearer","expires_in":3600,"scope":"user-read-playback-state user-read-currently-playing user-top-read"}
Spotify response status: 200
Spotify song data: {"is_playing":true,"timestamp":1785489460225,"context":{"external_urls":{"spotify":"https://open.spotify.com/playlist/37i9dQZF1F5p3rmiWPIYgZ"},"href":"https://api.spotify.com/v1/playlists/37i9dQZF1F5p...
Token response: {"access_token":"BQD2eTGIRnnV_fc9fgOMXWvkR4tVxzwgwOMCaETzgTQEjaPUo1c1y5mCIGAKuIJASDHMcYwd9jEGVpGfXnP4DxAvmgyHaCyBm6IoDCoBMwtEJbue-h_iwzJBgFt1R8lOiXIAsE3jeTMO67MCvtZxxhip6fgU5lCti5KA200AS81YUhoLTIhLXRZuPMrZYE48mluE4OCJ8AV4y6N3tllO0QLxgcCvtVlu-sosUe8DDfGpevBRkOHCyIwD6lBcQsyBbL6SQQ","token_type":"Bearer","expires_in":3600,"scope":"user-read-playback-state user-read-currently-playing user-top-read"}
Spotify response status: 200
Spotify song data: {"is_playing":true,"timestamp":1785491144684,"context":{"external_urls":{"spotify":"https://open.spotify.com/playlist/37i9dQZF1F5p3rmiWPIYgZ"},"href":"https://api.spotify.com/v1/playlists/37i9dQZF1F5p...
Token response: {"access_token":"BQDXuE817YhWFgQQof6vu4H8752tyzh1d5YAcytR8dt1iMn1NfzyotQhigxvVE53lwRrtjCko3pi3eEm3dwovMt56rMkxG75ProgrGq47tws7eRiUhwc5KR65RifAPN-ySNVlioHaOFIIxAIc62O5SD4vJgWNmpBtVYRhtl-5BRrunhKR0PY-F_swQMtkLO_TUtmiFyYpXzxrVAx-5HibW-VshpIi9N__1viGUeAc1V2iL9cDLfqjBlcFuRsO9oQ-b5-Wg","token_type":"Bearer","expires_in":3600,"scope":"user-read-playback-state user-read-currently-playing user-top-read"}
Spotify response status: 200
Spotify song data: {"is_playing":true,"timestamp":1785491144684,"context":{"external_urls":{"spotify":"https://open.spotify.com/playlist/37i9dQZF1F5p3rmiWPIYgZ"},"href":"https://api.spotify.com/v1/playlists/37i9dQZF1F5p...
Token response: {"access_token":"BQDxuiS3gsixiwamos1Y3O7HsypZ8s200AD_G3qQHygWg8xHJkuBEOgWkhuUQ0DsjzZKnicggQhSmVndaN0OHNS6i8c5sVAIo7qAnLmgYOG9m0HykESoZFjUZs_NlTps5yy41we-ID5G-Kgt1aBNmfsz5FStmMqsyJQ5zmsas1RH3Dsz9Odunimkja_Lnxi3XeoJot-nBT9uLMx98FOf9T_NEUvjfTR-XKWlIXryZW8kwZB7yv16jWxEsjTXtSwAcIbKJg","token_type":"Bearer","expires_in":3600,"scope":"user-read-playback-state user-read-currently-playing user-top-read"}
Spotify response status: 200
Spotify song data: {"is_playing":true,"timestamp":1785491144684,"context":{"external_urls":{"spotify":"https://open.spotify.com/playlist/37i9dQZF1F5p3rmiWPIYgZ"},"href":"https://api.spotify.com/v1/playlists/37i9dQZF1F5p...
Token response: {"access_token":"BQCGUNtHOabGJcwy-CRwp22HkkYPaUfcLeyg8HLCPGYlHdDVFZlAqObLBPXw1aN2kW3HJHv8dacVHiDLQ4lW7_71k4kHgEZ3i8Z0x_oeKisin4D7mYPNuY5IdHeLv7a-eRr7o4h8SMyuQlK-Gh5QKkRHbxCDhVb4kt726BT5SmpphnkrLQf4rd8_pYcGeIBnNQD8AdGZgenuQeeRyTRMNpIyiwnHrXCLdcy2XCziCX0PzHZu6kMjskdOSx5w330ZdfMTNg","token_type":"Bearer","expires_in":3600,"scope":"user-read-playback-state user-read-currently-playing user-top-read"}
Spotify response status: 200
Spotify song data: {"is_playing":true,"timestamp":1785491144684,"context":{"external_urls":{"spotify":"https://open.spotify.com/playlist/37i9dQZF1F5p3rmiWPIYgZ"},"href":"https://api.spotify.com/v1/playlists/37i9dQZF1F5p...
Token response: {"access_token":"BQBRP2haLQ-lavnbMdGrVoYoGza3mWv79LVuA2lz3XhG1gyLaTH9LP7DqjNPduwQpTZZ7tjSKGAWnm16TF0YSC-RbS7XTGjZ1efZuyI0Y2BisXhcf_wz04s7XoW1PTxhVpmQk0E2DNqZOSQjKco96la5H_5k_epedxiYDtOL3Ax2AyNjXdDDnIGhPi84vUTzW9UhjvjVZf1vxWkOJhXqnTDpacebpBO9IwF8Q9URCXVX4g7Yscurp9-V9rzpzYDu2Sxgig","token_type":"Bearer","expires_in":3600,"scope":"user-read-playback-state user-read-currently-playing user-top-read"}
Spotify response status: 200
Spotify song data: {"is_playing":true,"timestamp":1785491144684,"context":{"external_urls":{"spotify":"https://open.spotify.com/playlist/37i9dQZF1F5p3rmiWPIYgZ"},"href":"https://api.spotify.com/v1/playlists/37i9dQZF1F5p...
Token response: {"access_token":"BQDVsNAidGO8_3smdsglJqYTUrm99ISREmxqxaHuQDI_p_74_FZcH-qPwxw5u0k3RHH8aKw3k8p1fDFLrKLGcDToBJYYSjjFpvlju0vpIOIQ3OzDbCgfTLZOGE1rABJwX0hTNJz1qAcRiPSj1mfDt3WT65UxugArUVqyfSoloa5eidFy6LC56_5H-DaSPYH8NyUc4EEwEqvvarcwaHbejiB75wp8LnxLuOPS3kNSuCQQYKl__E1oQKaZ13f5ogM1UVX4bA","token_type":"Bearer","expires_in":3600,"scope":"user-read-playback-state user-read-currently-playing user-top-read"}
Spotify response status: 200
Spotify song data: {"is_playing":true,"timestamp":1785491144684,"context":{"external_urls":{"spotify":"https://open.spotify.com/playlist/37i9dQZF1F5p3rmiWPIYgZ"},"href":"https://api.spotify.com/v1/playlists/37i9dQZF1F5p...
Token response: {"access_token":"BQDlIyYyKTD5ra9jwehtNBTKtJZ_3ob0op1439Qrd6LfrFqsWkZgtZ5UU_9AfqZMlpmJmyZaa9afStJ6i3QlJGP78pJ8vLHOnxLzlZdn4_yVaFjBVqYZmUD1QdEgEfbdXUdzKocDKGtpwTjSUnRzyiIcyS3yKak3Rx2m90799TxiBTSecCa_KM-TItZnYXFE901fNhPp8qKqYlBAvJNzCpbutYqGatKehE3cpB8q4UPkrQR8vnGimxFlAUdX12tfNvpeeQ","token_type":"Bearer","expires_in":3600,"scope":"user-read-playback-state user-read-currently-playing user-top-read"}
Spotify response status: 200
Spotify song data: {"is_playing":true,"timestamp":1785491144684,"context":{"external_urls":{"spotify":"https://open.spotify.com/playlist/37i9dQZF1F5p3rmiWPIYgZ"},"href":"https://api.spotify.com/v1/playlists/37i9dQZF1F5p...
Token response: {"access_token":"BQAma3m08bKOZZkyJFQtrc2pDGCK_7SHdOu2MKaEAqTl3Jm7A_99OW1dVMGyxhs1MI5b5fOHEebvxa4H_1ab9URJp7wci_0xtTYv4cVt6Tpocg7QX95ZnlghMiu2yEPui-Tt3TsO2fW6PycmE96ljEFFWhAwkfIW4DbhICxgL8A4ez0uWFD4g92DQRBKnasXldJ_5HXQvP-oayOM5AojRa5669lvyS9y5cORgmL6sWiaj8uQ2R671u8awgdxzGHkRdbVOQ","token_type":"Bearer","expires_in":3600,"scope":"user-read-playback-state user-read-currently-playing user-top-read"}
Spotify response status: 200
Spotify song data: {"is_playing":true,"timestamp":1785491144684,"context":{"external_urls":{"spotify":"https://open.spotify.com/playlist/37i9dQZF1F5p3rmiWPIYgZ"},"href":"https://api.spotify.com/v1/playlists/37i9dQZF1F5p...
Token response: {"access_token":"BQAmpU8QI6hz60qlcxS0Ib6FNOgz9xOlxsnFiYl63OZh1_DobGgV2M9qCIqXxM2wcMJLZqWqW2BbgNjHW4pIX5pFbpd7VhgX0xY2egGKDVk7MPzhEpK2Ndah2O8ew4V9eNaGMmI3HN0a9nw-08Bz1Mv_zirDlfF3t3JVjAwOxwmKl9mhB_YskhvMzk5eLT2Eus8sY128ZC00LfeWhSROAifenx3nG8EABb01Gn4Gl8GEncJFTMMyxLkY33p-aL8fVVzJQA","token_type":"Bearer","expires_in":3600,"scope":"user-read-playback-state user-read-currently-playing user-top-read"}
Spotify response status: 200
Spotify song data: {"is_playing":true,"timestamp":1785491144684,"context":{"external_urls":{"spotify":"https://open.spotify.com/playlist/37i9dQZF1F5p3rmiWPIYgZ"},"href":"https://api.spotify.com/v1/playlists/37i9dQZF1F5p...
Token response: {"access_token":"BQDGvGU9QSNIc21hEhlnhSxYywY15MsZmzagEfynRTEuXlaoCSLSo9ObbJ6SAs5CNEhd1xShMcX-xD488aa9llyPSUbVX2s6eV-gChaIFk5jHfFUc85DjHQwqRowb-eHV5FrEwOR-59faEg7NcutR4F2WlX2afMe4OidR2XIHbMat8RuZG0naWAdwb3cIRq8u2CldaXFWPUjRjh3wiZTXXqlqkljxOh214-OB-R7GoSnZ5F3UmH2vlDPE2AVrsyFjGcpPQ","token_type":"Bearer","expires_in":3600,"scope":"user-read-playback-state user-read-currently-playing user-top-read"}
Spotify response status: 200
Spotify song data: {"is_playing":true,"timestamp":1785491144684,"context":{"external_urls":{"spotify":"https://open.spotify.com/playlist/37i9dQZF1F5p3rmiWPIYgZ"},"href":"https://api.spotify.com/v1/playlists/37i9dQZF1F5p...
Token response: {"access_token":"BQA6jaUEgeihovVxQAV25iiJAzqyzB3IkK_9XbIeqoSR9hVIY1DkAUZg8KLnw_qsTirNxn3WFM_wneMj7zJMJPOZU7ecrXWjf84z2N-pWr0jGf3R7GvFVzrEaFjph_L9Lmst7BFRI_CBkSSizPx1ZyVf0F8zkt4gUkpGS4_Z94aJ3wvqChauaOJlb4vRBtR7IgaY8ff_OM6Ng_caXWVJ6gkmrol_njWO3vE0oWIPtvrWhSYbPuTIQXxfgqZAylF3AQnMGQ","token_type":"Bearer","expires_in":3600,"scope":"user-read-playback-state user-read-currently-playing user-top-read"}
Spotify response status: 200
Spotify song data: {"is_playing":true,"timestamp":1785491144684,"context":{"external_urls":{"spotify":"https://open.spotify.com/playlist/37i9dQZF1F5p3rmiWPIYgZ"},"href":"https://api.spotify.com/v1/playlists/37i9dQZF1F5p...
Token response: {"access_token":"BQBEOspcF2b4J9V84Hsmjeg7BevcQbuWI2IgCOfdDJytVS2YrUA0Ya1lXqBCgVSUDeV-dXJa14SmyWTFFK1kdFl2K1HV9W7dUzoZQaM1NUeOJecGTE093__7tWcqDy1tSHKdPFLVbUEzb9iW5nszNrvcgZfcfqzf7NWiU10G8BSBqoZ-k2-jr24NmEO5oq36X1jpbb55gfYylKiwbCGH1_fe6G3H7WiUy-KC4REnQWi6JAUu_BbpOS0TchfuMLKSvm_cXw","token_type":"Bearer","expires_in":3600,"scope":"user-read-playback-state user-read-currently-playing user-top-read"}
Spotify response status: 200
Spotify song data: {"is_playing":true,"timestamp":1785491144684,"context":{"external_urls":{"spotify":"https://open.spotify.com/playlist/37i9dQZF1F5p3rmiWPIYgZ"},"href":"https://api.spotify.com/v1/playlists/37i9dQZF1F5p...
Token response: {"access_token":"BQDSSV5mhmgBJQpXyInJVRe2fETRXxpnZ5VVY7eRA937v2rbNHBBNTI00nS0XTg6eD5CPlErGB0HhlpkWjtuj9A47Qaos4E30TEH4Y1VHL6TqXYHcoYauBHCiFiGe3FX_S3bcecuZqTh88aU4EpnXV9r48c3iH-hW_UzOlNhEVLBpQfE1c8E1JTMApLVda1sr9CPKfnqri3IHGi59-yIkYAlbBygQI8_FP-GICrkrdIicUCGN4Tmg69D5_WttJRjNd6U1A","token_type":"Bearer","expires_in":3600,"scope":"user-read-playback-state user-read-currently-playing user-top-read"}
Spotify response status: 200
Spotify song data: {"is_playing":true,"timestamp":1785491144684,"context":{"external_urls":{"spotify":"https://open.spotify.com/playlist/37i9dQZF1F5p3rmiWPIYgZ"},"href":"https://api.spotify.com/v1/playlists/37i9dQZF1F5p...
Token response: {"access_token":"BQBcXDTRouWTKoU9mtyfQ5bAn087GNc60oZPZhcU60uX5uhcsl0mOKbpa-vLK6vMll0KXQ1c_i8XMk18b2x9buZE6BND-RwFt8I43ji0vxei9q-imSwA0f9Ra7vnQ0d-v1MCteZFEWThPrD5vO-ZHICmzBcLZmPXEMfoxt-jFQWPokb4c8Q0-rZ1VxFwfXCCz-UIDE8JwsTTeAV89EezRz0QMBKXgt-ejiUy1FzLXNoNFPuSstO8JxRAyHXA708AkJ45OQ","token_type":"Bearer","expires_in":3600,"scope":"user-read-playback-state user-read-currently-playing user-top-read"}
Spotify response status: 200
Spotify song data: {"is_playing":true,"timestamp":1785491144684,"context":{"external_urls":{"spotify":"https://open.spotify.com/playlist/37i9dQZF1F5p3rmiWPIYgZ"},"href":"https://api.spotify.com/v1/playlists/37i9dQZF1F5p...
Token response: {"access_token":"BQDxVTa10aeQP4JG_e6vJdS8DEKQMj2C2wD4mmOncb_9yRI_NwGoPIazvfptNL132bD1hdlMtO9tp47DDkIXUkv-7LDZomSuXVrDwubV3a_dtgkz_Fc7y4HlFLG_3SGhB5FusQ28BdEMyAEzP2d-jR_3mTLdncb448sC5jC-E-ZhvmVp2nsNhNIBlBHD9Zqj-cwvljvsWEJkNyA7XWhuR2BkpSrHq6xYeYftpzJ6bMnOWO9hE3h1OdEQSIQHt7EotEWYnw","token_type":"Bearer","expires_in":3600,"scope":"user-read-playback-state user-read-currently-playing user-top-read"}
Spotify response status: 200
Spotify song data: {"is_playing":true,"timestamp":1785491144684,"context":{"external_urls":{"spotify":"https://open.spotify.com/playlist/37i9dQZF1F5p3rmiWPIYgZ"},"href":"https://api.spotify.com/v1/playlists/37i9dQZF1F5p...
Token response: {"access_token":"BQA_FR5epVwUIo8KQ0Doz_xenZC_PxMiDqUygx4UNQ1dhQaSLNc20q7xMsn2J5AVv2c1WUGQaLh6A9E22Gruj52npXTs3p71_GN62qU27-Mud3_s6NTPOU35du17gJbL6-ys0bR1SVyo2UQbeM0JCfm3goKv4QxiOJ0rFwMUhd9C8XGmH784lcVmHdmwv0y8o7ptTa1DP7lMcMStSA4Gux3oYunDLnOANNu81TJ2FIvhRpBW-UNjDfCEBiXnyxH1SPUNkg","token_type":"Bearer","expires_in":3600,"scope":"user-read-playback-state user-read-currently-playing user-top-read"}
Spotify response status: 200
Spotify song data: {"is_playing":true,"timestamp":1785491144684,"context":{"external_urls":{"spotify":"https://open.spotify.com/playlist/37i9dQZF1F5p3rmiWPIYgZ"},"href":"https://api.spotify.com/v1/playlists/37i9dQZF1F5p...
Token response: {"access_token":"BQD9t72UmOZWPzVOaO0lz33sUdKPNcUE6jgoFwNEluV90E01LmkDpBfBY6QvBWmLLLIumaig4BgfD3W0idlQeEnZueyc-OfISxPrJ2lLl_ummg2k-viQDLXOVHAlH9IA6jmDxkSeoYQGxYtaFk13GzOTv4K1jJtxFnvLYHi5TU6KqDyWazU1TqKRMcoFgSuuxr_l_xgb_DLHLus3b3kbl5wfGDNomIEQQoYL84tab3wzCQ8jUKq-sOS0vf8LQOqPtk0jOQ","token_type":"Bearer","expires_in":3600,"scope":"user-read-playback-state user-read-currently-playing user-top-read"}
Spotify response status: 200
Spotify song data: {"is_playing":true,"timestamp":1785491144684,"context":{"external_urls":{"spotify":"https://open.spotify.com/playlist/37i9dQZF1F5p3rmiWPIYgZ"},"href":"https://api.spotify.com/v1/playlists/37i9dQZF1F5p...
Token response: {"access_token":"BQAj8_N_QFc4s0_ViBectCZELMSEMhllB813ICiWD4ofykoOeXuz85Csr0kJ5XdxQAnhHrKal0D0k5M1TFwr5x5mBOLUu9ZFDv3hjZ7bMmXFDjRhKHEWjZpEA3RIO402SAYPU1iSmVQ__vLIy_EsC29FR4I667io5nsy5Y5KzevOZLuiiagcZyIOSyxSR1cpRRfzlE_A2UzHjftgBDcrtcM59XXeWWJMqK3OfolU_ZiQ2zJxu-LoGokxSJvCKp27Mt5idg","token_type":"Bearer","expires_in":3600,"scope":"user-read-playback-state user-read-currently-playing user-top-read"}
Spotify response status: 200
Spotify song data: {"is_playing":true,"timestamp":1785491144684,"context":{"external_urls":{"spotify":"https://open.spotify.com/playlist/37i9dQZF1F5p3rmiWPIYgZ"},"href":"https://api.spotify.com/v1/playlists/37i9dQZF1F5p...
Token response: {"access_token":"BQD2MTZaJDhF3D7rQlyN5etFUIO0HZZ_kbbk4ugG2MUVAWdlWSefeGlzzSAbEtLo9WyOPmA1-iJTXBx9HEDYbzOH4_t48fpRzg1DmzyeXmE6LJ_Qed3kz9WrCpgMngK5Uyxrj-CQSH9S7n_KVg9XSpOqKDT3xgutPYWvQBWqOTh5_Ft1AscYBdYBLev8W8xgP2pVnpEN_RR3L5tPTyC9ZxLVapEltV1SS4W6v_Sqs-sL3qDNjS5_uJnzDRsHux7bDYpE2Q","token_type":"Bearer","expires_in":3600,"scope":"user-read-playback-state user-read-currently-playing user-top-read"}
Spotify response status: 200
Spotify song data: {"is_playing":true,"timestamp":1785523236740,"context":{"external_urls":{"spotify":"https://open.spotify.com/playlist/37i9dQZF1F5p3rmiWPIYgZ"},"href":"https://api.spotify.com/v1/playlists/37i9dQZF1F5p...
Token response: {"access_token":"BQABhVUXI_flnq6QM1ireumdIX-UY8gbaQ6xx7X1s6uVZ8JM63P6M2VKiTbHwObrOn4kCuxkWWBinuxvYNq5VbD5NIBsuOKpmtph9DpP7kiK7v1HMRXAXLlspBNZk53jlGxWFIGevG72qTyynG_lk8edSqZg2tv7wRIlaty9naXgtZ7VXaoGG0bhVhAaSEwCO-7u6Y-JUs-txaMfpmLD0zlhhLy36jMdzIxFlDmaNyj5E_6910Vb8UiiSpgbf2-7ENR_5A","token_type":"Bearer","expires_in":3600,"scope":"user-read-playback-state user-read-currently-playing user-top-read"}
Spotify response status: 200
Spotify song data: {"is_playing":true,"timestamp":1785523236740,"context":{"external_urls":{"spotify":"https://open.spotify.com/playlist/37i9dQZF1F5p3rmiWPIYgZ"},"href":"https://api.spotify.com/v1/playlists/37i9dQZF1F5p...
Token response: {"access_token":"BQBGxuZmB9gi4g-ZR0F3kguSRAOSji4Cv46e3PDlnp9d_XVqhoRQ6cRCGrutMJV3QIR_Op1k2laWQu27v3dTspkC5Jt1PRlXNYzry3kjcK_1-PP9ZzCiJ84OQRF8NbVK2OdnjmJO7cNU6sdF8_ig9WZmRV8E-eNogCcgMp6e0aXvtwYNRfWhtwUNxc2kafJXVLCoem1OKrRIZpa8HN5LfsaHj0jo7AkH562fdkMJ6SYCsh3rwU87lWnU5wJS2b0OAeKXiQ","token_type":"Bearer","expires_in":3600,"scope":"user-read-playback-state user-read-currently-playing user-top-read"}
Spotify response status: 200
Spotify song data: {"is_playing":true,"timestamp":1785523236740,"context":{"external_urls":{"spotify":"https://open.spotify.com/playlist/37i9dQZF1F5p3rmiWPIYgZ"},"href":"https://api.spotify.com/v1/playlists/37i9dQZF1F5p...
Token response: {"access_token":"BQBkm-ZQeMV7Z4mfTqNqcI_mZK-WzYRsJIwpaBCW0bt6mmI8LlgsZRXjHnlNqqvd9JHIQpUC0PHHIHTn2WE4o046S_HYBSn06sgarTa5L7JtLojIrO-USuDhFzOmnQbuNFQ-34K7HMbO6c20_rTLiOe2d0Su1QvD1htl-lG5Ln_SEGIMIb2Po4ITPGP4l22cgMGGpAvYVpXUTAZWpabBn59XCbH74vghJ7tdKBn_nXx8WPUGG_Rshpfr3eUOxZHjsApliA","token_type":"Bearer","expires_in":3600,"scope":"user-read-playback-state user-read-currently-playing user-top-read"}
Spotify response status: 200
Spotify song data: {"is_playing":true,"timestamp":1785523236740,"context":{"external_urls":{"spotify":"https://open.spotify.com/playlist/37i9dQZF1F5p3rmiWPIYgZ"},"href":"https://api.spotify.com/v1/playlists/37i9dQZF1F5p...
Token response: {"access_token":"BQA985ziIlkGZL1vJutGnqfbsmouB2LhA7St7SEh3rCWHf-Qy5MteW_YovY7yaZU76nHQS05uICr2BJp6Q97Jihg5j1w0haRFZinJY5uPoanyb71fcqyfWwYhmOwoRuD7Rs6x1QLDYz5VSpC-U6i8SCVLVswvk7cCk4WLNl64FfINX0sgGizlDLwAJcriVFhcJOvIiauFJwtjr_me8NqO-R1ShsXDZFpD4pj1YWvUc0VywBPlremIWSPQw04qc-apAEERQ","token_type":"Bearer","expires_in":3600,"scope":"user-read-playback-state user-read-currently-playing user-top-read"}
Spotify response status: 200
Spotify song data: {"is_playing":true,"timestamp":1785523236740,"context":{"external_urls":{"spotify":"https://open.spotify.com/playlist/37i9dQZF1F5p3rmiWPIYgZ"},"href":"https://api.spotify.com/v1/playlists/37i9dQZF1F5p...
Token response: {"access_token":"BQBaEyY0wrpChx1c2qChJsMjT7YBG4rYUMYvRkmWJpMiAm8GzIfeALlQesBpwQDz_zMOY1iOalnEKfhcDjjiHb3IoPV00pDWm6S_n_R0T_8kLsxFitpuopQy8trLl0eYzQ09OC8OBAKUGBGVvBoMlIPNcfFOhq2bZ2Ka14iNmuZvYTKb0mViUv07965uy84WVm4Qo629MMD6yaj3D1NPTmuNUDF9jurt7uyXcd537xsHtdbDo2Plry7KyeHaC0JVxiipOA","token_type":"Bearer","expires_in":3600,"scope":"user-read-playback-state user-read-currently-playing user-top-read"}
Spotify response status: 200
Spotify song data: {"is_playing":true,"timestamp":1785523236740,"context":{"external_urls":{"spotify":"https://open.spotify.com/playlist/37i9dQZF1F5p3rmiWPIYgZ"},"href":"https://api.spotify.com/v1/playlists/37i9dQZF1F5p...
Token response: {"access_token":"BQB7mVnjra4_Zskp6Dly84m6SRBobp5D7J3OBQ5HLFGL7mW3MBjeU562Sba0eB97zdb0Eby8ZHy40jr-Ax8-N-Rw-wonHla3AQ_Douna0WeSKCFgcTAAqVtCOnwNUrYEqLEvLK0dxQ8EeTL1dPr2vkaXy626luF3XipCaBZMLVc-wxbLyne-bpqA5Xwfan8Iaf-nFpGPHWvg0EpiJOHPiMndy1ZIqMi3PAcLKEj0CHdoyJLAKuaJvfHKDb6ln5djRA5q7Q","token_type":"Bearer","expires_in":3600,"scope":"user-read-playback-state user-read-currently-playing user-top-read"}
Spotify response status: 200
Spotify song data: {"is_playing":true,"timestamp":1785523236740,"context":{"external_urls":{"spotify":"https://open.spotify.com/playlist/37i9dQZF1F5p3rmiWPIYgZ"},"href":"https://api.spotify.com/v1/playlists/37i9dQZF1F5p...
Token response: {"access_token":"BQDXs7WqjEU7GATM232CAzZfUqjS647u2AprsJ0zlybtJXgChgbhbVNUW7F72MhAOs26-Xun6SwRMfuM7hVSkd6Op-mxln-_xcxO_qphB44mj9UswiLMAsyFyY-DTmL4jZEOJUohOI1QwjK5-8PxLDWIQLsb-EqVUirn9PT4pmp99sdVioDFUZBTA_jQ9a_cAwIZf1eDfdINaXMagyKnfSguUJUClR1CC_CFZ3TspmSBYrLSoDFqwXriJsaf_6Wseeh9wg","token_type":"Bearer","expires_in":3600,"scope":"user-read-playback-state user-read-currently-playing user-top-read"}
Spotify response status: 200
Spotify song data: {"is_playing":true,"timestamp":1785523236740,"context":{"external_urls":{"spotify":"https://open.spotify.com/playlist/37i9dQZF1F5p3rmiWPIYgZ"},"href":"https://api.spotify.com/v1/playlists/37i9dQZF1F5p...
Token response: {"access_token":"BQDmXc8tR7UgNzB2hndhdGhVuYnPkuUlK9D6dHiBGMZd4poRbTQRnO74kamKQlAaRsIMq74LRYW3z0LZ9zc6j-MQu3llfK4PG2B-SdHmR2s8p39ZaEpmzd2c4LY6_c2wMG1lsTWXULdLrYzEVNDDE1eH-xgeO8pk56ghHd8eLVLcdLEKWgTUMoErl7oyfAT30vzuPgQwGAL8ItmAtEHVQdeEW_ckydjOTftzgI_EsjND-fW0hHw8W1mEsVf5AGqGJjH3wQ","token_type":"Bearer","expires_in":3600,"scope":"user-read-playback-state user-read-currently-playing user-top-read"}
Spotify response status: 200
Spotify song data: {"is_playing":true,"timestamp":1785523236740,"context":{"external_urls":{"spotify":"https://open.spotify.com/playlist/37i9dQZF1F5p3rmiWPIYgZ"},"href":"https://api.spotify.com/v1/playlists/37i9dQZF1F5p...
Token response: {"access_token":"BQC3RCxRPKs6roj623hkbg24Y-6wuxvxAxFt-SSSur1eQMCAoJYT51FSi7aOerFwrjNF1KsaU1-BOWcfoDzDTyIxQ9QfyRoF1X0ApyqijeVBdHcKjzyAM1bHgeWwKlSLDHNNKIVjB6uk1LCOi1ioGnLLqn7mcZunAVHp0GnuBgzgFLiGI4TCPeb0OZYt3NBaHHwCdKs3ER-rCJkpEKvcXSygk7n3EDwdvDc2YUjLkndh0qQwYMBhvPXBiNXqK2THxO9eEA","token_type":"Bearer","expires_in":3600,"scope":"user-read-playback-state user-read-currently-playing user-top-read"}
Spotify response status: 200
Spotify song data: {"is_playing":true,"timestamp":1785523236740,"context":{"external_urls":{"spotify":"https://open.spotify.com/playlist/37i9dQZF1F5p3rmiWPIYgZ"},"href":"https://api.spotify.com/v1/playlists/37i9dQZF1F5p...
Token response: {"access_token":"BQAtzVdjWR_kgOvWLMFA_h4fdKooJfc4jYQp8xg1lX2lTKDzlGUL3B55stF7A3W-RZrkP6iBhhM4OQGxtnKiCU8c8YqkZ32wDYioU6sBy-VKHm-_eHwtTb_eL7kd2hgjE-mW2KhHZr8QRz5cU1lsBaIiyqs7xC5u_PHqlhlxa4wY9frjFfk3jrDzd9q_GnHwbWdrptmBCG8FquoijtsKyDa0KrfUmDrfqsG0TE8DZTdfcWAYwO-LueSPsX17vi0vJyd3Ew","token_type":"Bearer","expires_in":3600,"scope":"user-read-playback-state user-read-currently-playing user-top-read"}
Spotify response status: 200
Spotify song data: {"is_playing":true,"timestamp":1785523236740,"context":{"external_urls":{"spotify":"https://open.spotify.com/playlist/37i9dQZF1F5p3rmiWPIYgZ"},"href":"https://api.spotify.com/v1/playlists/37i9dQZF1F5p...
Token response: {"access_token":"BQAImpngLcHkLkx1XX-QjqeuxMrQf9op-ZhTFbewHRrnWtWj6EDjsEb7nIGzqEgPqa9otnCa3lIik56hhRbZiRK9N1FF2QWJBERA-la-A44aIt1C-7EJXn_rEds3OIHO8WNGLx722U7ydaD8l2wUENRL6WK80mQ6z_iBc0ZBU-mPBu1G-Yo9ItA7ZTB0MBvSvnDTLpS_UE4QwLZkuj0CiTnk-i3XZVQk4Ol4QpyzSQjUl0GLRfjaN-VMrcNxCqi3AI-OLw","token_type":"Bearer","expires_in":3600,"scope":"user-read-playback-state user-read-currently-playing user-top-read"}
Spotify response status: 200
Spotify song data: {"is_playing":true,"timestamp":1785523236740,"context":{"external_urls":{"spotify":"https://open.spotify.com/playlist/37i9dQZF1F5p3rmiWPIYgZ"},"href":"https://api.spotify.com/v1/playlists/37i9dQZF1F5p...
Token response: {"access_token":"BQCxeOkEbAcrudCxdE3r4LU2T7IqnvsPpOmDESPQ85eh9g2fieP8oFYYuYItYcrKaijGY4fn8ALbMUKdMBwPwgiRC2rukq869chIvFWuTcX4rqM2fr93Qi5PnQ5h4vF2YpRJgnLsY-oVdhEcaDykRwDERz6Lk7j0yR7UjJ-CLkEK1xN_8Dx2iP8F-k9pjj-30WOwD1Ea0yhJjLR1ep7NLVfkmq0JfG4HAClWK3Wx7i7q3F_ULY5u6r8Waj6gtSyLsh-KXA","token_type":"Bearer","expires_in":3600,"scope":"user-read-playback-state user-read-currently-playing user-top-read"}
Spotify response status: 200
Spotify song data: {"is_playing":true,"timestamp":1785523236740,"context":{"external_urls":{"spotify":"https://open.spotify.com/playlist/37i9dQZF1F5p3rmiWPIYgZ"},"href":"https://api.spotify.com/v1/playlists/37i9dQZF1F5p...
Token response: {"access_token":"BQA0-f7QbbGpJJTNxIXCPgpLAr4mcD-8JnGtsoH3kU_6E-8eCoo22yMLzu6Zgdm8kCBzr-bIqG2Ovmo6jm-qXpD8TS-xX3QeSFYxdGJkbwYgfq7uamA2BPS2239L4wPiZeiU9R23LbXPVe5_h6kzBnDT5hrAxUh973P-CNxouRblDFaaBxd5KuSsL1U_jSTlVELSnVOjlY2uxJ80DQBPBD6Jrh7GSjXj_TB9hK08OZ5FY50u-VjdZYJCcu_ZkT8i46FJPA","token_type":"Bearer","expires_in":3600,"scope":"user-read-playback-state user-read-currently-playing user-top-read"}
Spotify response status: 200
Spotify song data: {"is_playing":false,"timestamp":1785523319742,"context":{"external_urls":{"spotify":"https://open.spotify.com/playlist/37i9dQZF1F5p3rmiWPIYgZ"},"href":"https://api.spotify.com/v1/playlists/37i9dQZF1F5...
Token response: {"access_token":"BQDzhv8W3smEJavSu4x8oxLFvMo1fw5glfpQnfR3eZGny4K3QAGLVQpdWwYZGZLLvts5iwfz-9KsWKdoWxTKt8J5SNg5HyY9SVLGZaD0lPExrfB2ob8IkOUR04i2_Ia8BDfh9iVgSPMknEhBx_px6Lf-ABZnRDvESQ0vBjp7Zz_5l6SrQm_I6ZRnIK1GZkmO9L2AxTuYlLyHU9oaogYmw2EykKYl-HlewQ5__4XWDnoSRGX2DyTHjRtDnxE4acXpRkyW3g","token_type":"Bearer","expires_in":3600,"scope":"user-read-playback-state user-read-currently-playing user-top-read"}
Spotify response status: 200
Spotify song data: {"is_playing":false,"timestamp":1785523319742,"context":{"external_urls":{"spotify":"https://open.spotify.com/playlist/37i9dQZF1F5p3rmiWPIYgZ"},"href":"https://api.spotify.com/v1/playlists/37i9dQZF1F5...
Token response: {"access_token":"BQBmZ7jXGJsqGAS8SzwNYD6tCnH2x1jYb5pEj-ssv0e1vPjXGGSrffpMmf3ywmOEvGGRDH37M51zN-0SkRu7Sz3xanigMlFtLvCqv_oQXkooRDeRJTD1MJGUhUUe82q3CykOmef9pzxOVXQjjsgnP32ZaIVcp_tfvDU1BT9acaWWzZm8xJe2S_951EQ_NeJTiKcdoaInXy2GIvwt-9RreuH1y0c-emkDgt8VicWR7YpzpEpBmH4nBMYh-GNgr0aN8woC1A","token_type":"Bearer","expires_in":3600,"scope":"user-read-playback-state user-read-currently-playing user-top-read"}
Spotify response status: 200
Spotify song data: {"is_playing":false,"timestamp":1785523319742,"context":{"external_urls":{"spotify":"https://open.spotify.com/playlist/37i9dQZF1F5p3rmiWPIYgZ"},"href":"https://api.spotify.com/v1/playlists/37i9dQZF1F5...
Token response: {"access_token":"BQDx35V6AC096RIVSlZI05SY0nBMRzBpVCR6fAm19ycXfZZsteT7WOegw7YeXZqKCs8kb2KxqgpEfySBk4sm0E8GQrqGkA0s6_D9bRuPVpNSNXQ9hwoP1w8uUIiVAU6OaRCwNWzB3tfDoGEGBg-09r-a6hevUMXeCnxqv7CKRwdWodpjcvtpaoB4a3qVN9K-WLKLk8ObJyMBAzFh2Ej8CqIiAaOzf6m6qz1wh785rUzcBkMWuaSGfccC18vobeTZ8P-dQQ","token_type":"Bearer","expires_in":3600,"scope":"user-read-playback-state user-read-currently-playing user-top-read"}
Spotify response status: 200
Spotify song data: {"is_playing":false,"timestamp":1785523319742,"context":{"external_urls":{"spotify":"https://open.spotify.com/playlist/37i9dQZF1F5p3rmiWPIYgZ"},"href":"https://api.spotify.com/v1/playlists/37i9dQZF1F5...
Token response: {"access_token":"BQC3u29UZTPiKqWF8IzEHHDlg5zN5YZ6P9rquSwGstT_8gLVHcPtZaEWERYDCrD8PS1txNvdIGqzFR4CRCzss-mVtdOcUp1gH1KQGRwymbwRGrcPAXMvNGZaBfkPNINalZRMNDrxR-CMnaJmJcCbfl9z-gkFDXHNqLsiZ8nWH9pD7XyyFvSsxULWL81GxbJ3s_ccE8NUO4YlW5_R2hXiKVN28xRaacSQVfPxA7MNCB0vjUeho5pI_b2xMTcKxj6pYuW_Sg","token_type":"Bearer","expires_in":3600,"scope":"user-read-playback-state user-read-currently-playing user-top-read"}
Spotify response status: 200
Spotify song data: {"is_playing":false,"timestamp":1785523319742,"context":{"external_urls":{"spotify":"https://open.spotify.com/playlist/37i9dQZF1F5p3rmiWPIYgZ"},"href":"https://api.spotify.com/v1/playlists/37i9dQZF1F5...
Token response: {"access_token":"BQCZbDNluDVCNE9FdMvkQIP9y757WsnezDh11CKAlqdKYY-CLM0dJNKfBx3vZoUI8roXC6bv4H7UQL6CUVdQmyXz3UKh-792uv93CeUVLy2FwpCNk84ymNA4L84_lD5R-Li40MI4ab9qHGULmiLxKu4IiA6udSZUFknVttJ4GwzzHjxGWG3yzNqDqHkTZecS_kFi4-2IEKJS6NpVWb0JTVvVpt48N14xUNdZQQhc3ZGxdt9F8QSJqm9ug3HQ47oHyoIfFw","token_type":"Bearer","expires_in":3600,"scope":"user-read-playback-state user-read-currently-playing user-top-read"}
Spotify response status: 200
Spotify song data: {"is_playing":false,"timestamp":1785523319742,"context":{"external_urls":{"spotify":"https://open.spotify.com/playlist/37i9dQZF1F5p3rmiWPIYgZ"},"href":"https://api.spotify.com/v1/playlists/37i9dQZF1F5...
Token response: {"access_token":"BQAdIDJ86dROPAtEOfm6N8OZpjea_F3TcEqpLOgyDs4gY7GaYCvFOhpK3uChG6ydLJ4uoia6q7ze00O4IZuNYaWeLRpI8TO6ROUePa6JxN3KsHhvpqaZqVqeVR5sYXg3oDbmMPETwhvAljtUUbEBXxzO06si1M-puZixB71U0sruDTHABJhS1Sl45sYPAyhXyRjUhE3opzPgvcOpACMAsK-HTA3KszO8YXALe2mB_8daIT_Dm-uTIFo2wF-gGyaxmKlmMw","token_type":"Bearer","expires_in":3600,"scope":"user-read-playback-state user-read-currently-playing user-top-read"}
Spotify response status: 200
Spotify song data: {"is_playing":false,"timestamp":1785523319742,"context":{"external_urls":{"spotify":"https://open.spotify.com/playlist/37i9dQZF1F5p3rmiWPIYgZ"},"href":"https://api.spotify.com/v1/playlists/37i9dQZF1F5...
Token response: {"access_token":"BQDTHi2RfSdLkH_Jqi2dIGYfdmew4CxXVw6Q9N6jCLW_-i1oJDq9D0twpJF8BPLavrR9LyL15jZ9wiUZfz6MT878hCaVtkVxPY209BXZyz6v0OEle6cwVyjM6Foh3W0ENMaJW79xf4WaA5n4xuyJuKEcOjbmhsOVCezcj99StXFbEj46ze5wkuzi9ji0xu3K1JEVCMip3zan0AfOS5-OrJ0T4HECFvxMWR02VLjZgnO9Y60KDs2pEkvrJpAVeBzLKAYkqA","token_type":"Bearer","expires_in":3600,"scope":"user-read-playback-state user-read-currently-playing user-top-read"}
Spotify response status: 200
Spotify song data: {"is_playing":false,"timestamp":1785523319742,"context":{"external_urls":{"spotify":"https://open.spotify.com/playlist/37i9dQZF1F5p3rmiWPIYgZ"},"href":"https://api.spotify.com/v1/playlists/37i9dQZF1F5...
Token response: {"access_token":"BQCfHw8Oy2rjnteiRpeeql7sFHNVlQr6gNLX_tNQVRyrcLiiSNVc5edktGGQ2eMjRpgRS4fBXyILMvbOfURLUJIp5FwUazDfstsbRBrabN9hFgbZ0NbSj0B_kiJrFZcRXtkiYQlUK9iMteIsfUaNs_hl7Hx83n_expT1klCWYFjTVOV7Tkx4VwkXy0EsUbxj-ya0dcwemg3KobMLLHueC_ehCWewZ8N3iCmrxrCHuJZBRt229zvp8eDetp535oJkTZyhxQ","token_type":"Bearer","expires_in":3600,"scope":"user-read-playback-state user-read-currently-playing user-top-read"}
Spotify response status: 200
Spotify song data: {"is_playing":false,"timestamp":1785523319742,"context":{"external_urls":{"spotify":"https://open.spotify.com/playlist/37i9dQZF1F5p3rmiWPIYgZ"},"href":"https://api.spotify.com/v1/playlists/37i9dQZF1F5...
Token response: {"access_token":"BQBk74JjymYILbPTtebrznI0JLEM4HBVmnvB9MdxtrVAPqo2dJ8MVP-9BQrqbGYZzX2JDf4e1cGjSxDZWoOiD4z9va-1SzVU4vWfUptnSL9sE4pBGZG4X9Hsz0xnbTzCmj_ho2hbzun3EHk7D46tV3DnY1z7z8f-bNU8gYv0VfIXWfLsYI7Lbf4J7JKMajdH5pxk72m2bWJ7Gpa9YVyjK1wfK9Wns3tDj96sOK6DVh595OBDyOTJ3-piiPqMY_1AY_XIAg","token_type":"Bearer","expires_in":3600,"scope":"user-read-playback-state user-read-currently-playing user-top-read"}
Spotify response status: 200
Spotify song data: {"is_playing":false,"timestamp":1785523319742,"context":{"external_urls":{"spotify":"https://open.spotify.com/playlist/37i9dQZF1F5p3rmiWPIYgZ"},"href":"https://api.spotify.com/v1/playlists/37i9dQZF1F5...
Token response: {"access_token":"BQBG4UfU1mz-1lPTTo3W6JUeOk0m6P_DPTblCdtANoe48eaBxE0luFnBqPFylj2AuiuKL0dJc0FI_voiVhetSXFwZFXpWaswLyBrq2G2hAiviX6h3W_MDUDLuop4vqwdd6KGbVL7aYBI0OCjZiglt5LXBXgPD1GtfOR9FoysrqyDHxuAnDuLUs_O6iriQL16gWcotnrSTRSqjHYsKsOjWnu_7nAb_RXAUOoQFurq_vWKFAVD3ZKU0Sr_VIqJ2pOaQ_gyVQ","token_type":"Bearer","expires_in":3600,"scope":"user-read-playback-state user-read-currently-playing user-top-read"}
Spotify response status: 200
Spotify song data: {"is_playing":false,"timestamp":1785523319742,"context":{"external_urls":{"spotify":"https://open.spotify.com/playlist/37i9dQZF1F5p3rmiWPIYgZ"},"href":"https://api.spotify.com/v1/playlists/37i9dQZF1F5...
Token response: {"access_token":"BQDuWIfivDrl74E3xo_mJaekhR8FF-55e88li2cQ-v-KZfb5_vF7VnUduLcNZfdrlZdIsGxAZQEF5A51UM_jN4UZhl_WjC_UXrX6SO-dL1kKYrfGdqKGovtld7WoSv47p7pwaeECk0o_yb8VGd3bQFLy1BEt4TaCkTAkP_RGgNFpsmzEmWb3BedNERA4IOkqAqEvAvV9WC2Z7yh_ctZZo0kV-uotBF2lD5g1fq2nq7y4wS7WTSTRiYI3MCPLeExaA74VIQ","token_type":"Bearer","expires_in":3600,"scope":"user-read-playback-state user-read-currently-playing user-top-read"}
Spotify response status: 200
Spotify song data: {"is_playing":false,"timestamp":1785523319742,"context":{"external_urls":{"spotify":"https://open.spotify.com/playlist/37i9dQZF1F5p3rmiWPIYgZ"},"href":"https://api.spotify.com/v1/playlists/37i9dQZF1F5...
Token response: {"access_token":"BQAhKNoFcyqqomoJkl8ECoBN4oQdNIAQ3gH0cFco7fHHq7fNsA-zhn7j2ZfyxVTyxtsOoooHdWj3H2iBRJn9QPdBDRqhUGGpfrxtRjuNtak7y-kL9TUX48gplRo5KcxHR_Sgv7BGJcRGnPU2Mc8A6OviPJkwhlmEvH0yqCjstu6WVK7GjlL1zGUlA79TZW8dyveA_EE-YkiDMxjCoG2Ilz1lN_HO_6-ycM5VtJX2cjYtU5d3FDBUKKXMrV-dTHCu1fnk2Q","token_type":"Bearer","expires_in":3600,"scope":"user-read-playback-state user-read-currently-playing user-top-read"}
Spotify response status: 200
Spotify song data: {"is_playing":false,"timestamp":1785523319742,"context":{"external_urls":{"spotify":"https://open.spotify.com/playlist/37i9dQZF1F5p3rmiWPIYgZ"},"href":"https://api.spotify.com/v1/playlists/37i9dQZF1F5...
Token response: {"access_token":"BQAJ6xmuLgN5uNPwq8EYs_qaPkDlmClmvFENc2IbqB0l0rWALwYVHpz1CtyZJ1h0YZpmRZMbl_B8u9l36TPBCiNZzkCqH9dhtD0qx_daeb8kJoMH0tZDbl70XSaNIDKzfQkmQveHcxCnz3amPIkNTnX5_D8z3EahjyIifAcbmoJFXdQC7rqjcmryivGTbkwtlEUfLJpYCythXxOZaIab6qJrLYgNqnv2c4E-II6Xg1b1WQD3WXGk97mnneCFoK8j71nNtA","token_type":"Bearer","expires_in":3600,"scope":"user-read-playback-state user-read-currently-playing user-top-read"}
Spotify response status: 200
Spotify song data: {"is_playing":false,"timestamp":1785523319742,"context":{"external_urls":{"spotify":"https://open.spotify.com/playlist/37i9dQZF1F5p3rmiWPIYgZ"},"href":"https://api.spotify.com/v1/playlists/37i9dQZF1F5...
Token response: {"access_token":"BQDQUpB1k7D9t0zZTbWLURK7z-jxOygD81FNDotE7YAo326EFKKVLeGjekVlgYu8VOaDUXBvfwCaP4C6MgreMYLqwcH_h3xjEOm1A_y0ryp-T_mMSIt1KFmMSTXf1WoW9T41MZ9srY7YkyldS-9axuHtKywHLu7RXalxpo7SyOPsd_40bfTXjxiu3LMt6jQFuDlNFsZUVSgbVEzKXxHhc_JOT-GT5AaqSe0p2fCwaq6QOe165RULuYoViqoEduYFFwooTw","token_type":"Bearer","expires_in":3600,"scope":"user-read-playback-state user-read-currently-playing user-top-read"}
Spotify response status: 200
Spotify song data: {"is_playing":false,"timestamp":1785523319742,"context":{"external_urls":{"spotify":"https://open.spotify.com/playlist/37i9dQZF1F5p3rmiWPIYgZ"},"href":"https://api.spotify.com/v1/playlists/37i9dQZF1F5...
Token response: {"access_token":"BQCOZON-IVqo8tzSPXCBv62qtxkogzxJ9JvdSky02A5DWHullT-s60FYONCIYePLN_hcIjMhznHXhWe7LSKM1rsUoe3cUDa0dMkicVvKV8rkGklfBzLhaEma_WqCMdGQf1IYSIeXhVLD2w7wcflJXVvH1LKqYYFpEp-a2LSO6JtEEdLdIG9keyGgB3ZVpQXCXQNThWJrqRxFExgxDNXRRJUlk9Mil2jPFm0mGvZGWqsIaFMCNVG8beHvHEsGCw0C4NnAdA","token_type":"Bearer","expires_in":3600,"scope":"user-read-playback-state user-read-currently-playing user-top-read"}
Spotify response status: 200
Spotify song data: {"is_playing":false,"timestamp":1785523319742,"context":{"external_urls":{"spotify":"https://open.spotify.com/playlist/37i9dQZF1F5p3rmiWPIYgZ"},"href":"https://api.spotify.com/v1/playlists/37i9dQZF1F5...
Token response: {"access_token":"BQCojY6Ue3apXTBesZ3kOMWAtSr7DizRHZcDeILp5pTXsz61kJveooS7FYjl-CWNoofeU9q_n_JI0QIruLBT8kP6gIDeAEOwe-efSbFAU9iuDYPJGYuz_vyaMhyj9wReCAHDQ3WikACnkjc6l5G1MP17PaZTbPuFMsvyqDhEZp__LTuZHj83ZjUlZUOlu_SoqvVBsZkFmPcl3hfgOEzqZcd9oSeY2bgLX8-O309Hq-C4A92fdtPF8zCfgqRU4oUajqomwg","token_type":"Bearer","expires_in":3600,"scope":"user-read-playback-state user-read-currently-playing user-top-read"}
Spotify response status: 200
Spotify song data: {"is_playing":false,"timestamp":1785523319742,"context":{"external_urls":{"spotify":"https://open.spotify.com/playlist/37i9dQZF1F5p3rmiWPIYgZ"},"href":"https://api.spotify.com/v1/playlists/37i9dQZF1F5...
Token response: {"access_token":"BQCD-KMnfGUb11Uzsy7F1YPpSPw0nStsoQC2mcWpIKHfa62PFpckhOR2TWf-VgzSze_gizcx0rrJnLZ7vJS2zpE2eaHYr3GjL1dFBTdVT1oQ9sA_aMv5HzUt6XJNrjsd4WsweWLenVBhZ6CEM2iv9SChwjOmLQPVE7Y8Iuc4I4qUZgu0sEveSq82Hm4St85eYcyudeu9nnkpnkydXaGxlgO-mtQ1NcN4vcGZNlcP0pzBYTBZNbtQlD24qUOHJeh9GlFFMA","token_type":"Bearer","expires_in":3600,"scope":"user-read-playback-state user-read-currently-playing user-top-read"}
Spotify response status: 200
Spotify song data: {"is_playing":false,"timestamp":1785523319742,"context":{"external_urls":{"spotify":"https://open.spotify.com/playlist/37i9dQZF1F5p3rmiWPIYgZ"},"href":"https://api.spotify.com/v1/playlists/37i9dQZF1F5...
Token response: {"access_token":"BQBhRIoWyroyZcqJ6Zr10T7xfmrp3prJtyS4XGKi3M08XaU0_a0CKWOc6k9Sk5Q2FkgBv-v3up1NBRiQt_rDJDGdFbHkeveAt-kn1rWLEzo5PyG7yU7WWjVN9Fn7IN59vArC9hettbxyijU0B0mnENF3bH_UrpqsWSsbcbGJn99RGusSp2Nrb2EdfH1WTDxgEJIQcP0-2upSUc3uUaqWIDuscJy7Dy3JbAyNEgyG1rTaMcx1F4UugfG4T_2P5kCdz81Xpg","token_type":"Bearer","expires_in":3600,"scope":"user-read-playback-state user-read-currently-playing user-top-read"}
Spotify response status: 200
Spotify song data: {"is_playing":false,"timestamp":1785523319742,"context":{"external_urls":{"spotify":"https://open.spotify.com/playlist/37i9dQZF1F5p3rmiWPIYgZ"},"href":"https://api.spotify.com/v1/playlists/37i9dQZF1F5...
Token response: {"access_token":"BQBqkXFHUE6jtOGWedkPBu6XHLqChpqdeVUC_5xEIrue-mhcclOImjIOpn164k-PSukmdVQDri0qTfOuq9HYmhIAIVA9tvJZvKok9Yj62ww9z_LRJUVOTwh94b6mWPc18gZVL3TRmiPtPLT3xarU_zW4PKGjTajtaG4pG6zzzxmDBRSfE3BqjZmUsq9pT_fYs9EqCkhljv72zYXSG4jaze_Dr6JOCvtk61CqYLHiDEfebn_6PZMaiayuCCH3gYXyQUZG8w","token_type":"Bearer","expires_in":3600,"scope":"user-read-playback-state user-read-currently-playing user-top-read"}
Spotify response status: 200
Spotify song data: {"is_playing":false,"timestamp":1785523319742,"context":{"external_urls":{"spotify":"https://open.spotify.com/playlist/37i9dQZF1F5p3rmiWPIYgZ"},"href":"https://api.spotify.com/v1/playlists/37i9dQZF1F5...
Token response: {"access_token":"BQBZqorEBt5iALYosUeYuKZ9403rn7xk4JqZq6XXKETKxpPxfocuYgAMDOZz_myUNAlP1i1bePHV4qEOICAqzDm1sAs7PTfFX5-xlfFUdW528brb53j4eAHg7HhJxIMER5NorJUi53laYuQlwS__M-u0iMtQ4To8TpaNHGQ2T7eIWBBmfJdVvsWTBUajw4WADLiP_B1MKnQdwOxMqisL11okoBtiE5R0SFDEbU2HKamrh2kgPwOyPCp9uSIkIqMi0WhZXw","token_type":"Bearer","expires_in":3600,"scope":"user-read-playback-state user-read-currently-playing user-top-read"}
Spotify response status: 200
Spotify song data: {"is_playing":false,"timestamp":1785523319742,"context":{"external_urls":{"spotify":"https://open.spotify.com/playlist/37i9dQZF1F5p3rmiWPIYgZ"},"href":"https://api.spotify.com/v1/playlists/37i9dQZF1F5...
Token response: {"access_token":"BQBAd4kAjXHYzM-OzZT-3w4_fIFambC-nN0fLhhvlURqLEHltSf3JEida0vPnDPRNxCfbMVYoB3ciKv-wgHXHgoforI8X64eBcppSw1PctEtWwYVj_2pTMu0-ridDtzi6Lu9y3I4zlTHFbQxzdS5zyajqP_EoTUPeyVik9dR1OGG9oQcBxRv5BJ8XohOV0GeN_0HGOF6lOyQg4VKMvB2ax4jp79QhT3NC9Qjk4eoo0eBUbq8vbyyqkpg0owD1S7XwnDLUA","token_type":"Bearer","expires_in":3600,"scope":"user-read-playback-state user-read-currently-playing user-top-read"}
Spotify response status: 200
Spotify song data: {"is_playing":false,"timestamp":1785523319742,"context":{"external_urls":{"spotify":"https://open.spotify.com/playlist/37i9dQZF1F5p3rmiWPIYgZ"},"href":"https://api.spotify.com/v1/playlists/37i9dQZF1F5...
Token response: {"access_token":"BQDuObtyKcAMB83wDDezw784KJzc5Rw_SDvnRRomAXR6YhfNsM0tSRd_hrR24HufkKQRuJ5VGJA70Gk1lz7DfufX5UHPBmaLxbZdy_UrQF_H0ZLC4qXBvQcvVG1OJ7bZnIWNaQOAsaEbZzfrLYE9DBrhKIOvtemTr6QXssjje0-0KNWA4o5D-hP2rZf99uFoEz6wEItJjXsjDGIm1Qt11Nl0Tkr9CHHNw8EZ31fFdzczbIzt7Myl5fC8GQSxWdvqjdPORw","token_type":"Bearer","expires_in":3600,"scope":"user-read-playback-state user-read-currently-playing user-top-read"}
Spotify response status: 200
Spotify song data: {"is_playing":false,"timestamp":1785523319742,"context":{"external_urls":{"spotify":"https://open.spotify.com/playlist/37i9dQZF1F5p3rmiWPIYgZ"},"href":"https://api.spotify.com/v1/playlists/37i9dQZF1F5...
Token response: {"access_token":"BQCyQxoIctCSPWtz_zGh20DCu0Ja_6PGWDx1CyXTqwqzd4u5Q_MAvHDNbhGSo6GPXy8_5Ut7UrKrhnPQ8dJMthB8a3Vpdo0jQo-rhYVT9hsfEF-wueT7r10PF37EVOFLH_oPp9grbh_Eu1UVdFxDk6ZaOjo0ixF6X0eAB9-NeNGncjCU4pr3Z9PZhooRB9ECvPvhEJXLUMmn0NxfiorFKHNhNfZhSpP1aVmJ4LIxx1fBsaDVZqjxohYzHEm90Ce2z6Zx_g","token_type":"Bearer","expires_in":3600,"scope":"user-read-playback-state user-read-currently-playing user-top-read"}
Spotify response status: 200
Spotify song data: {"is_playing":false,"timestamp":1785523319742,"context":{"external_urls":{"spotify":"https://open.spotify.com/playlist/37i9dQZF1F5p3rmiWPIYgZ"},"href":"https://api.spotify.com/v1/playlists/37i9dQZF1F5...
Token response: {"access_token":"BQBSfzoU5W4rnbPVgE_y_ex822yUvIT1XELqmjYxKq1YeGxtE6YECFroPiAU8tkTglnC_M2wSU4QDmwsjFrt7v9W7xy-uarKG8bZ19ArmUD7BNSDTUndBb7BTMBh72pjJysEwBbGLZQzZ1rK1WNYDOJE0Nd8LCJHH3pgwo9Tns4zNBnACosf5lP9qLozYI9Ds8ad02-MrcffSHROigKkebyoPx0y7KcYaJ4970mc1AY_HuFHgw9-ZeUu62-Y5Q2oY03Qvw","token_type":"Bearer","expires_in":3600,"scope":"user-read-playback-state user-read-currently-playing user-top-read"}
Spotify response status: 200
Spotify song data: {"is_playing":false,"timestamp":1785523319742,"context":{"external_urls":{"spotify":"https://open.spotify.com/playlist/37i9dQZF1F5p3rmiWPIYgZ"},"href":"https://api.spotify.com/v1/playlists/37i9dQZF1F5...
Token response: {"access_token":"BQA4iUapd_dtAS6RDGy4j83preGHrRQjs-7JyJxlVtWtBLb2990YHwWtqSAnJIntBJVJyNTYtH2pt6_QlxwoIhY8RAeVeP9SF_YSN23uHLfNYnnUkFtLDdPSbDlYxeCF44u6La53V4Vwu84DDFTGhSp0syNMlQKXQXqAUQQkRsDANq3eY67FRF_ElR5tUWvy2rbh81iMuGUQsDI0aShbsqrGvX7ZGsZM7Kga7EQHzCi4HET0Hb3OkNISQ9FZ-5UAZyDO8Q","token_type":"Bearer","expires_in":3600,"scope":"user-read-playback-state user-read-currently-playing user-top-read"}
Spotify response status: 200
Spotify song data: {"is_playing":false,"timestamp":1785523319742,"context":{"external_urls":{"spotify":"https://open.spotify.com/playlist/37i9dQZF1F5p3rmiWPIYgZ"},"href":"https://api.spotify.com/v1/playlists/37i9dQZF1F5...
Token response: {"access_token":"BQCgbfznLpSG_VtK3QK6fRFmDMPruF00Um_0uy5EwymHyf6XquOoouGrbYiUkf3UCIs0D6YRX0_7j9CdQQfmja-i-07jYTayZGCiV9wUNYOwDuOV3GqCAZUAhiG3nqmZlk1pG6lJy-GTAksgd3ZUdew7f3FHtWWLOGkDF-dpQ7Pd_mS-3X5PMpS_HOGe1coN2IKVk6pa0vP0gXkax9BLX3_JJ6FhMzyVChou6ZTBTvhdd89f2urLwC932JDhrkxxbhA9gg","token_type":"Bearer","expires_in":3600,"scope":"user-read-playback-state user-read-currently-playing user-top-read"}
Spotify response status: 200
Spotify song data: {"is_playing":false,"timestamp":1785523319742,"context":{"external_urls":{"spotify":"https://open.spotify.com/playlist/37i9dQZF1F5p3rmiWPIYgZ"},"href":"https://api.spotify.com/v1/playlists/37i9dQZF1F5...
Token response: {"access_token":"BQC_5lB7FZr_q6Qey9piwdTrrq5sj8009qMDgVCQ_LY_Z5G_ZnVcsFAPOW1aKlELvMesyHRRkW2H6M_W5qwPzwHpWrUs82YiZcjbHGgqQKZch5z2x51wRbWZhCnqJPajzsxtzAxuFNohoG2Dddj64zvTSegsR1l9XInHcbCgqklKY_hqC5NiGxJjzLJ5nHUEB9USPdOgIgt9jL_MjYLlt9yIP60gs9sLuM9C0HEkCdeafaI3rJ3K7njI8FzM47_z0m62ng","token_type":"Bearer","expires_in":3600,"scope":"user-read-playback-state user-read-currently-playing user-top-read"}
Spotify response status: 200
Spotify song data: {"is_playing":false,"timestamp":1785523319742,"context":{"external_urls":{"spotify":"https://open.spotify.com/playlist/37i9dQZF1F5p3rmiWPIYgZ"},"href":"https://api.spotify.com/v1/playlists/37i9dQZF1F5...
Token response: {"access_token":"BQA9GTl_6dHB2OR09rvjyLBXEMsq97pT8e7H6Re-H8OXyIGuVEME2p9na4rAMDBRo_MQ66voEHhfKy0gtfzTo9a0vrxrdFuzKG946CPh5bgzQ0uejoe2HXGwcM7YR8LKTAk2rmBkhpDLajJQ77tbl69T9XpmjeQJaRUTelUuTmUq2rEK9bnB1Lc3r8jaRHGg0vCGIjOKk-dtJSsRE6IXk_dmSoBmNfEPInre1U30i3lCqxgDqUSnE2UfOR15Sr1O9fvm7Q","token_type":"Bearer","expires_in":3600,"scope":"user-read-playback-state user-read-currently-playing user-top-read"}
Spotify response status: 200
Spotify song data: {"is_playing":false,"timestamp":1785523319742,"context":{"external_urls":{"spotify":"https://open.spotify.com/playlist/37i9dQZF1F5p3rmiWPIYgZ"},"href":"https://api.spotify.com/v1/playlists/37i9dQZF1F5...
Token response: {"access_token":"BQBIvsPV41Z0U3BekQo3pEo0t7BVdFKFWP1Sd5El_lb5rgvoW_XKd3ccEziaaku7Y9HGmPF5gb6-Mrkc5Y48YH4oMtPFpyko6VKGtduYw8uwMb0NZ9bZHgmc4eXe9SoGgb8a_UbJUP8CR913N1QSlGyfqqfZNwFIXdv91ytn1UxXbKER8TdIfrKt2LM_eI1svI7Y7h1e2wixYp0dHsRDI7C3B5LPBwhvY-PcdP5PYwszxHBFLKdrsWJWuDNpcDQ5fVMgMg","token_type":"Bearer","expires_in":3600,"scope":"user-read-playback-state user-read-currently-playing user-top-read"}
Spotify response status: 200
Spotify song data: {"is_playing":false,"timestamp":1785523319742,"context":{"external_urls":{"spotify":"https://open.spotify.com/playlist/37i9dQZF1F5p3rmiWPIYgZ"},"href":"https://api.spotify.com/v1/playlists/37i9dQZF1F5...
Token response: {"access_token":"BQCB5f3tElldGNBzoi3pD8dnV7hpMqDFF79I4TTBh1yP8pz34lJOGKkn-M0UOlEW1Vt8HbDUQaMV5VLU8Fw5XphE9Yy9GKW2tZqNx61_Y9MXWAfSuB_gmuYNGhJ7ZGDUKhVhJbeMKWJ1e1IGBTaRGFSGNSpRasjAoUDpd9Z0wM7D1eHlRGI14JJwSza4Pvufj5AZNOewFJk0nHbN7D030BSac8iRSpjs8Kfke6ITWW7zjNvSH7Lntlkiq_V9dsVMIU75DQ","token_type":"Bearer","expires_in":3600,"scope":"user-read-playback-state user-read-currently-playing user-top-read"}
Spotify response status: 200
Spotify song data: {"is_playing":false,"timestamp":1785523319742,"context":{"external_urls":{"spotify":"https://open.spotify.com/playlist/37i9dQZF1F5p3rmiWPIYgZ"},"href":"https://api.spotify.com/v1/playlists/37i9dQZF1F5...
Token response: {"access_token":"BQDNi_1VR6pH8HnssW8kcbw0Wvt8rA6etyMiBu-9WoEy6mvBn90TDodSkEZgOYXZrs1kXqzrswC4lqD0LY3APb5vOWES5UAKHRuym3qCsvLcS8oXKS3KAlIdbwzsLqFTRttjvvPmwtf4eSrDJx08Ei9wYBibGLPlTfKxz8WBJviTFPXzSvXxzZbsZuwUsfBwKELtGreEjYQtiscIurcO_G9KYIDqFd2Fh0zSyf2GWaDQevhq7ASD_xpCkaAA4CuAvLIfqQ","token_type":"Bearer","expires_in":3600,"scope":"user-read-playback-state user-read-currently-playing user-top-read"}
Spotify response status: 200
Spotify song data: {"is_playing":false,"timestamp":1785523319742,"context":{"external_urls":{"spotify":"https://open.spotify.com/playlist/37i9dQZF1F5p3rmiWPIYgZ"},"href":"https://api.spotify.com/v1/playlists/37i9dQZF1F5...
Token response: {"access_token":"BQDnXaO5NkHR_6B42X90Zyen7WVilj3Zh0GvDZw02bWdmX2mzRlCY-hv1GWSYOg1bRCBNcl3OZDOEWm_qTul3Z40f6v3x8qTiTljWk11a9gjz2Xh410QxKkwyNjzjyunNDHrpl4N5DXv_5vWESaRtA96PRlPh7LgeOgKymED_zNOqZYcrBbT9nZZCD0zl5pm_tHtvB22dZtqoV5qz0sZHFuYVGMsWVwbekkZoVEarQv0nGu_CASYGQ6l9TU3qs4zV4fH9Q","token_type":"Bearer","expires_in":3600,"scope":"user-read-playback-state user-read-currently-playing user-top-read"}
Spotify response status: 200
Spotify song data: {"is_playing":false,"timestamp":1785523319742,"context":{"external_urls":{"spotify":"https://open.spotify.com/playlist/37i9dQZF1F5p3rmiWPIYgZ"},"href":"https://api.spotify.com/v1/playlists/37i9dQZF1F5...
Token response: {"access_token":"BQBmtxbqSzgjjFR0jE3wF-ePEVFEgmTBKJ4bsViOnn8NHSvbldvDB2JHeXLRjfY5ZoOEb36P4b5hXdKm3wLolHZVBf02AoE7sl93XCwgr3ZhaKBmHvwmgqA_Wyx7axglt9hknQNGElvVzTFJ1HB3zE3Cpvf2CIrlNs3qRubcKouGDxIQcsusIuOzqRqOCoqCK_UIV6ufSpuFZN9i-RMvKmrxFovZYKD86f-Gf9XCJZutnGe00b-kEpELSU8QDCpBUy3Xfw","token_type":"Bearer","expires_in":3600,"scope":"user-read-playback-state user-read-currently-playing user-top-read"}
Spotify response status: 200
Spotify song data: {"is_playing":false,"timestamp":1785523319742,"context":{"external_urls":{"spotify":"https://open.spotify.com/playlist/37i9dQZF1F5p3rmiWPIYgZ"},"href":"https://api.spotify.com/v1/playlists/37i9dQZF1F5...
Token response: {"access_token":"BQCEpPd-bq8IbFuTmBzdEwOwGXHbw7BD48K0olO1D1vkjCTOrFPPKgkc3PMEPK6lSpqB6x10ZwvZRcfuwHdQZ3GeyLcudzCnL_7BthrxlQVjBmQbVobcHmSp1UTgLwjcropCk_6V-FkRe6NJseagReG0vmXi0-QgM7WyG_4n9PLdqiOLiIQVw3sfB0j0bhAPbNNvA2QJNmWgVbTh-VOr0K9V9B0fe_km2rQQE9c78UVYoNT253Fu2L1xPyzUUpW0ijVN2A","token_type":"Bearer","expires_in":3600,"scope":"user-read-playback-state user-read-currently-playing user-top-read"}
Spotify response status: 200
Spotify song data: {"is_playing":false,"timestamp":1785523319742,"context":{"external_urls":{"spotify":"https://open.spotify.com/playlist/37i9dQZF1F5p3rmiWPIYgZ"},"href":"https://api.spotify.com/v1/playlists/37i9dQZF1F5...
Token response: {"access_token":"BQBds_3zlykXYUMzaDZ3KOjXyDfcSsYqrmD8VNnOXNgcrSRmvINBeXK_gwV6HqTv7P8FfQQzbasTVDPjw0X8Ds-E8W1dHBiuL7cVAiCtsrwjZMzEBErDQaM1o0hwGAUc6gUZ2CY43NE5JdXecgKKwawrdFeij3Df6aOS6SbdWs9fUkunPnrC-FSfd-Mn9BhtepduCXFtV3i2m179KtP6IptGAXm6f0JO6MMuiUdYdjbOVLxhivQimxcL_EdVAA7-Mr8zWg","token_type":"Bearer","expires_in":3600,"scope":"user-read-playback-state user-read-currently-playing user-top-read"}
Spotify response status: 200
Spotify song data: {"is_playing":false,"timestamp":1785523319742,"context":{"external_urls":{"spotify":"https://open.spotify.com/playlist/37i9dQZF1F5p3rmiWPIYgZ"},"href":"https://api.spotify.com/v1/playlists/37i9dQZF1F5...
Token response: {"access_token":"BQCUw9t8iWxDk4chW4QsM4QOQtrY5-9XJ8WGaLT5BBdSKd1DcRj1qPz19QNuTBFoEjjwL813w5RMDLmEZdJdx-4C_f2Ua3gOX8U19DUQK9ODGt0hJfutZV1YEvUFvOnwCJKA7wL3ZaiEFpgjZLR194yq-9jaaxXpoTWIHiHLTJA_87oPWk821FZdrCPz3TnmHHDKTT9BA56l-j5mAxq1UbF9YJ5kqzJCUIi1kwwVzFB4fBP5QR7k8eNLh6GCg3pxuMRU-w","token_type":"Bearer","expires_in":3600,"scope":"user-read-playback-state user-read-currently-playing user-top-read"}
Spotify response status: 200
Spotify song data: {"is_playing":false,"timestamp":1785523319742,"context":{"external_urls":{"spotify":"https://open.spotify.com/playlist/37i9dQZF1F5p3rmiWPIYgZ"},"href":"https://api.spotify.com/v1/playlists/37i9dQZF1F5...
Token response: {"access_token":"BQA6iRPWK4Ex-mTVWyZQ0G3CKR16o1A3SdQ_OIh2C7bysg05cW4KeMlu2vLWZcTYfSkTAZwi5H67RVIe4yxcbyL3LDWwEtGS6QPl5vXQmGaD-QETfSx-XJSezNzhWgRt1WBPVVnGK41Z4xCgdvOulYyT91bLc9yPp8AgPhq0lXr_lH3lU-AS0k5DXQ1gueG-LqWcR8wGnJ56CsNQ_vbYHsBorViGgUKSxpd3r2fULJ5snsNrwtvoWsg9SI7II6k9sKo38Q","token_type":"Bearer","expires_in":3600,"scope":"user-read-playback-state user-read-currently-playing user-top-read"}
Spotify response status: 200
Spotify song data: {"is_playing":false,"timestamp":1785523319742,"context":{"external_urls":{"spotify":"https://open.spotify.com/playlist/37i9dQZF1F5p3rmiWPIYgZ"},"href":"https://api.spotify.com/v1/playlists/37i9dQZF1F5...
Token response: {"access_token":"BQBu2QJtzZzgBzC15yLQTWlK4oXSWHpvdwEto5tTSlOilP-V8Wk3TuHus0XUp6jWT6KExouQpiCCSpvK0EHL3LdDa3xF5WTxtm07xREg1OV3Dw9q5SqZ_f2oJ-s4cJDX4FMKpGsvbvfVvpsaqdGOgVQxOIkToiJbV023MWIOOVYT4tbFKF2XHrJMJRxFZhzSjvsM18UO4tr1vahrywq462KNQfs4Gu2jv6xj_ek9ml7GPYE-mBa-wDv8peg1z5Sd4Ch0dA","token_type":"Bearer","expires_in":3600,"scope":"user-read-playback-state user-read-currently-playing user-top-read"}
Spotify response status: 200
Spotify song data: {"is_playing":false,"timestamp":1785523319742,"context":{"external_urls":{"spotify":"https://open.spotify.com/playlist/37i9dQZF1F5p3rmiWPIYgZ"},"href":"https://api.spotify.com/v1/playlists/37i9dQZF1F5...
Token response: {"access_token":"BQAr9oBb1XcRoP3aBg--dNv6_kl5rQldWoOCibgKZePrlEItw7lgLyR9Fxc11aGzdRdtWj-Sj8iivWIYSm01_r0YFmhbN8GHy1FUp2X-egeKsnbzzi1UfvgdFDc9gV4xlX6dkm_WIjcNTpp00Nt3HjWIKXoTDVEBvRcMbKO2q9dwLBNRnEKYRxAQk7keEdq-Nw2m-Puw-xeP7jSn27rdj7S-56qBZ3Yx7FgCTNQNYNJBufDl6kGwX4OLACGR6VSowz4niQ","token_type":"Bearer","expires_in":3600,"scope":"user-read-playback-state user-read-currently-playing user-top-read"}
Spotify response status: 200
Spotify song data: {"is_playing":false,"timestamp":1785523319742,"context":{"external_urls":{"spotify":"https://open.spotify.com/playlist/37i9dQZF1F5p3rmiWPIYgZ"},"href":"https://api.spotify.com/v1/playlists/37i9dQZF1F5...
Token response: {"access_token":"BQA5H1Qwiz9O9Zv_ZVVSVvcuaSFFkuSBz2la6m_lz0jHpVk-GH5RtjvI95yU1FbAAqiQRnCGq98Pn100XKclykBBjLosEMKLq3lXn14p8vNFR3rpifIjfpycG5xOOjUFQ8h0Gmj2Rtwa7Unw5_GMH6FF9JVVOlxZDfFO5g_aVUSgs8zQ0Al21f7BEAo8FUVDzZ8unMCgvAsjk-9Sv3JFApdIawzMm_7e3MfCgkMTF3dHw86bzJUm9KfNu7vx1ewDq_q2jQ","token_type":"Bearer","expires_in":3600,"scope":"user-read-playback-state user-read-currently-playing user-top-read"}
Spotify response status: 200
Spotify song data: {"is_playing":false,"timestamp":1785523319742,"context":{"external_urls":{"spotify":"https://open.spotify.com/playlist/37i9dQZF1F5p3rmiWPIYgZ"},"href":"https://api.spotify.com/v1/playlists/37i9dQZF1F5...
Token response: {"access_token":"BQCX0Am5s0XJPrBQVCHp1ag1EOXECwKXoSyik98AcMtrh79UVEpgK3-WN1xzk6INzxCJJn207iujzGuvl1DzpM3YzVTgwCa22706wDTHD_UBAPKlExeTW34iyRssUyHgNDqpJh97VA0pPmvRelW4ZRIrMNNzNaup0zFepgiEbdTQHyTua334cWpc4iwr00n4nzyWyIbc7Oi1TZIHIQFak5bxBUPOyKMy8jv9gryXW5TgITNq1Mde7llyqA3woyWne4eR6Q","token_type":"Bearer","expires_in":3600,"scope":"user-read-playback-state user-read-currently-playing user-top-read"}
Spotify response status: 200
Spotify song data: {"is_playing":false,"timestamp":1785523319742,"context":{"external_urls":{"spotify":"https://open.spotify.com/playlist/37i9dQZF1F5p3rmiWPIYgZ"},"href":"https://api.spotify.com/v1/playlists/37i9dQZF1F5...
Token response: {"access_token":"BQB9YzGW-bVNDyhotPrc5fRMQbkDhliT_oANMwDujxBz_pn8k0BULAIR0-oMsB92Nj3rZoZknEyjameNo9zAL5j0oiHMWJJQOkRkBPp1ysepwiV2RUb1Ni2LQMstZBRrIl35QRTsz6Q_GTrX6FC6h96tPMB8W89yA_5XIEJFh51sIvt3c-y60c6zbWr96fiiCPXEkuYlMTVAabKPd9Rc2uLP8CfKR6jpRoJACo4w17KpoJt0xjyzpyIBklti9fB-tR-tTg","token_type":"Bearer","expires_in":3600,"scope":"user-read-playback-state user-read-currently-playing user-top-read"}
Spotify response status: 200
Spotify song data: {"is_playing":false,"timestamp":1785523319742,"context":{"external_urls":{"spotify":"https://open.spotify.com/playlist/37i9dQZF1F5p3rmiWPIYgZ"},"href":"https://api.spotify.com/v1/playlists/37i9dQZF1F5...
Token response: {"access_token":"BQBk-PGLieLPjR3duZwGRgCgHL3J3BCYm_-BUWv1nLBnvHfcV6F-OXeDB96vJfFuAoca0dIifxNj_eeWwZBGhDc36WjHbpbAjME4JouE7NGSuFYZlaCaKhYJGi4sRfSZNcWD7Z8dXSMIJg-cpzbr20MJ5_k-MJRspHUmqze2rS5MN8Kd5Go18yDUz2rzHDW9uYZNKihQQuhF3R3lgP-Mkpu_fOSb9zcdwL5ljGTeNNAkpWbLKDefFrycPlEP9iI-4I0NWg","token_type":"Bearer","expires_in":3600,"scope":"user-read-playback-state user-read-currently-playing user-top-read"}
Spotify response status: 200
Spotify song data: {"is_playing":false,"timestamp":1785523319742,"context":{"external_urls":{"spotify":"https://open.spotify.com/playlist/37i9dQZF1F5p3rmiWPIYgZ"},"href":"https://api.spotify.com/v1/playlists/37i9dQZF1F5...
Token response: {"access_token":"BQBe0DW0ssdghT-oFc_JzGLJFMuSbxosFGnwswaEdWnBFY76rcEqBkUCpPU24mmXNx98JsdsSNqJFf83hE4jID862jCoVOaeh3-2E3J5NM_4Rb-4j1JImg3DV0mep_wIxd30ExXOctDBxzO7i9xiJVhsWeTKi9y6gVVtDBKR9tOlYX76r2NbyS7GOF8mEqNsmwXd8qCHnhPUTKRVScO5dMlEvy0B56JeIGB71n25hK09qQvOdZJ__nJ8D3di56XyQrJAbA","token_type":"Bearer","expires_in":3600,"scope":"user-read-playback-state user-read-currently-playing user-top-read"}
Spotify response status: 200
Spotify song data: {"is_playing":false,"timestamp":1785523319742,"context":{"external_urls":{"spotify":"https://open.spotify.com/playlist/37i9dQZF1F5p3rmiWPIYgZ"},"href":"https://api.spotify.com/v1/playlists/37i9dQZF1F5...
Token response: {"access_token":"BQCxj02LT0xcIJz2yXniu0xwInFh2ZOIdZ3d-OGyzPjiiat64fd3Fy84Ns2mvz3bpc-z3Rsm2PB8rleTCN75XSn1xh_Lj48VLLe3OQrs7r2Z5C0L54u7M-mMwfVpO1zS-qlDjDMIEJRFm1RYwU94_bnrG03xBoYjR_L2hw7ckLyRkPiCQemO_27Dmf72n9Fzj_Ygk9PoMc_gVuIdiuspCaoH5P33QHSlNOMIAnuyp5Sp-iOI3P_26ezemsskNJo108xUBg","token_type":"Bearer","expires_in":3600,"scope":"user-read-playback-state user-read-currently-playing user-top-read"}
Spotify response status: 200
Spotify song data: {"is_playing":false,"timestamp":1785523319742,"context":{"external_urls":{"spotify":"https://open.spotify.com/playlist/37i9dQZF1F5p3rmiWPIYgZ"},"href":"https://api.spotify.com/v1/playlists/37i9dQZF1F5...
Token response: {"access_token":"BQC5rsLPdhbjFJm4bt_vhURrBaLUszZaoBUQWeP8hBmpgX9cNDf88THSX3GQOgEZatt56vzfnXohi-VzP1AQZtcqK8HYYJvmUb22x9FGgBreqB1WOQej9vQhgksa5aZwRAOvit1ZU4bMDDSNqXabZaMLh_godLlHcBfwLGEfZZGB5L4DZRnVW53Ik3r5hZCWp03mR4hpENy7ylI51R3ZUp5DHd6vQfIA4b-YNbyAZMqnh4k7FJS0Ljw_QDwT3URpQtE0OA","token_type":"Bearer","expires_in":3600,"scope":"user-read-playback-state user-read-currently-playing user-top-read"}
Spotify response status: 200
Spotify song data: {"is_playing":false,"timestamp":1785523319742,"context":{"external_urls":{"spotify":"https://open.spotify.com/playlist/37i9dQZF1F5p3rmiWPIYgZ"},"href":"https://api.spotify.com/v1/playlists/37i9dQZF1F5...
Token response: {"access_token":"BQCE6JMxH0V-ZGeAA2cWMaWKpEZWLALMgTFB5DG-o43XwEt13NWP6q_MnTwnSrorvrFg4BP4ehP7kmhOhDEvF1bMbe1DhybRo9BE_DZM0wcqqGb4RhqUcIwQdP18T-f90pljLwuy_0iGnLDMVVxKwqevImAwhfNk6xIf8xuZTp0fFh4r_CFFwJaT3ggHHHDqmhQIMdkcrIiV5xqh6eEPYmdvnrPJyjudMgvx7y-zwHjH-1YfnusdDFaju8iSHHaP0mAdnA","token_type":"Bearer","expires_in":3600,"scope":"user-read-playback-state user-read-currently-playing user-top-read"}
Spotify response status: 200
Spotify song data: {"is_playing":false,"timestamp":1785523319742,"context":{"external_urls":{"spotify":"https://open.spotify.com/playlist/37i9dQZF1F5p3rmiWPIYgZ"},"href":"https://api.spotify.com/v1/playlists/37i9dQZF1F5...
Token response: {"access_token":"BQAGW9w4DU1tm3ojO8gy1nWfHXYNhfzc2AWM23tIHGp53reXw6gBZb-SuwcsmNmycGa7egyXH1VE2W-YVOf7MSL3RFBnlNDysrWXlJYe4gsk4zmLuZM-B6WGRb3gmwFRHOZUll-prJtfKehB8POMcuwG_Quy5Fx3EiDN9UjuaTzj-gedJvZZ-gKYJg4oTJL7cD39SGBXNDS5xRr_b7jAkABWJ6DcZSKoX4sZYR_xbuf2kpUIhW_FKu31mtJgDhIrZd5tVQ","token_type":"Bearer","expires_in":3600,"scope":"user-read-playback-state user-read-currently-playing user-top-read"}
Spotify response status: 200
Spotify song data: {"is_playing":false,"timestamp":1785523319742,"context":{"external_urls":{"spotify":"https://open.spotify.com/playlist/37i9dQZF1F5p3rmiWPIYgZ"},"href":"https://api.spotify.com/v1/playlists/37i9dQZF1F5...
Token response: {"access_token":"BQATBhtQG0mIz7_uJPdLpCnj9k_7EJN-SwE1X2nTzosSejSl_MTBZaLup-j_jP-jkDlWOnPiW_7abV15MZNP2HBY5y0C6NSmDzvhZAo3ZFIFSyMSDNXvcIuDC2ZY_VK0JGy9OJqhPbKcXrnadXdSboRQjQfyKJsmrgDRp9KZ9yD1-SQyE_Ob1cw7BpUnh7UVQ0xn8I8P3d7HpUXHVPoYJjgo1FBJnmKuxIwNAN46BSTXPBaKUX8Tgut6GyjVqqh988wfpg","token_type":"Bearer","expires_in":3600,"scope":"user-read-playback-state user-read-currently-playing user-top-read"}
Spotify response status: 200
Spotify song data: {"is_playing":false,"timestamp":1785523319742,"context":{"external_urls":{"spotify":"https://open.spotify.com/playlist/37i9dQZF1F5p3rmiWPIYgZ"},"href":"https://api.spotify.com/v1/playlists/37i9dQZF1F5...
Token response: {"access_token":"BQArJggvvUZh8GW9-uO4b-qDGNoAfLRwitv9idOQ5x0HmgDkiI8SOyXqlY7Vc87p6C7nDc9KMa1c-Ep57uBx8aJ-Mp3wgrMgjxcnW91WaN8jQK2DbdHhycoPKj5ZWxXnLs-mygzO6zTvSRkrKwEZQmJZFVyacR31ozayeFzAQjNf_fDsoTy1SGZU0o5HBD0hRYyxUmuRYMxWsqHeMiYIVvYYmRia90v69c8gFmR5FftktJzUmOxwxRY_nCX2fs5TYnRHAA","token_type":"Bearer","expires_in":3600,"scope":"user-read-playback-state user-read-currently-playing user-top-read"}
Spotify response status: 200
Spotify song data: {"is_playing":false,"timestamp":1785523319742,"context":{"external_urls":{"spotify":"https://open.spotify.com/playlist/37i9dQZF1F5p3rmiWPIYgZ"},"href":"https://api.spotify.com/v1/playlists/37i9dQZF1F5...
Token response: {"access_token":"BQAPevMuSQH3WZ9vueD6wbqRx6ZfF1-IhfUNIHKBIz5eGot6yLus0HhjTpoyvKogh_EkKHn9_lwSruYxw_F3a3EVgpylP3nD43x6V6fIjx8HNfgXTnR446CBwc7PV6dFNTiXLRH31UHGujk4X4uagGSSoKt-hrl-6T31Iq6zPly4DwvVtz5aEieeTYlcdnyl6Zp-JkODs4S1jxbWpDYABC4JmNOCKZt243pW3LrFupYJ9X5XhczkPnzizAa4ACCQAuMi4w","token_type":"Bearer","expires_in":3600,"scope":"user-read-playback-state user-read-currently-playing user-top-read"}
Spotify response status: 200
Spotify song data: {"is_playing":false,"timestamp":1785523319742,"context":{"external_urls":{"spotify":"https://open.spotify.com/playlist/37i9dQZF1F5p3rmiWPIYgZ"},"href":"https://api.spotify.com/v1/playlists/37i9dQZF1F5...
Token response: {"access_token":"BQCK2clc3l1GZiIsvBigNCuDqSI4nDKZQSMn93yo-n6MT69bnBUP4OF_gbiBaz--QfAKU4bdndulXTKEn_Tp5R8HgTFuu_o458Ggtvyumo0U62DhSKREaft9njUNfu6Wv5kXOtAhFPCT35VgkMnHuX19RM7wkXG4qd5gax1KPGyLa7sv1dg8doRwshIhcAoZ6VgoDES_eQczrZ6kE550iBIb9_H5XVVk7RON28op6zukI9vT0FQBLrDfMOQV3KG7SPPE9A","token_type":"Bearer","expires_in":3600,"scope":"user-read-playback-state user-read-currently-playing user-top-read"}
Spotify response status: 200
Spotify song data: {"is_playing":false,"timestamp":1785523319742,"context":{"external_urls":{"spotify":"https://open.spotify.com/playlist/37i9dQZF1F5p3rmiWPIYgZ"},"href":"https://api.spotify.com/v1/playlists/37i9dQZF1F5...
Token response: {"access_token":"BQCaloxdj9Vd_YEhGPW70hBiHCpYMQEonj-uTRSS6s7NPFR-R6hRqV6IPWWE8WybQPtJCtxmCEL_gMyfYQxY3CCtWpHzzrjDe8NJQbOTpBBw-38pCODSEM2o5mLg8FN2DxO7gQ1nuD3mddtFl391uppSyU_gAVhqp8-PVI6ZZ1AskPKJnqgZw5pqJMyfURO93sWq0BnoDq2O2g0yWJ1i_BBdeqJGwBJD0jO-SOMMaoe9qAXODPHEASVHvlViGLmrA7YsmQ","token_type":"Bearer","expires_in":3600,"scope":"user-read-playback-state user-read-currently-playing user-top-read"}
Spotify response status: 200
Spotify song data: {"is_playing":false,"timestamp":1785523319742,"context":{"external_urls":{"spotify":"https://open.spotify.com/playlist/37i9dQZF1F5p3rmiWPIYgZ"},"href":"https://api.spotify.com/v1/playlists/37i9dQZF1F5...
Token response: {"access_token":"BQBdPl93Z2A1Aw44Y14hfIog8eU6zTqLMSF1DMMs7-OwmAPs3a4Lv2zSf89JW6OD47eJFtpILgE4Ful22fASwtHizN50k_jfOIQd2eWvRzAVTOFOGLvfjGBnqQYFvApN9OPyUbJjKXghUTvNpI2foIvyaLo41-B0YKVPZWX4qrsaCxOBWSikMWUbp8PtykqPQ9fJYQnPiiD7mUKr4dDB13aZ5gC82uzx6HpSgnYbKl6MSOkD8oOotp2fdf7PYI6W6F0mbw","token_type":"Bearer","expires_in":3600,"scope":"user-read-playback-state user-read-currently-playing user-top-read"}
Spotify response status: 200
Spotify song data: {"is_playing":false,"timestamp":1785523319742,"context":{"external_urls":{"spotify":"https://open.spotify.com/playlist/37i9dQZF1F5p3rmiWPIYgZ"},"href":"https://api.spotify.com/v1/playlists/37i9dQZF1F5...
Token response: {"access_token":"BQDnl38qbw9bRzWYieOLpyQWe1slOkyLXC9axDniKK4a_TLALLf64oyBO8dxq6ZIJZmZpUiPPlfkxKf-hTcBswRqCBYUf7Mjrlh2LtyxRz26GKmqiyJWcI48mLDAOeY2OEPJS03n0SYzDvFzDXe1eHM8UvDH1PZBAyB67QDcTkzxKF37v30s8roZYVtnLomv29nkx9A216ADRvrEoMJGq3qmvquLnSYOPT7lGQ71RFK_mmmQYQQmjamPT9v2tOLrGaXgDQ","token_type":"Bearer","expires_in":3600,"scope":"user-read-playback-state user-read-currently-playing user-top-read"}
Spotify response status: 200
Spotify song data: {"is_playing":false,"timestamp":1785523319742,"context":{"external_urls":{"spotify":"https://open.spotify.com/playlist/37i9dQZF1F5p3rmiWPIYgZ"},"href":"https://api.spotify.com/v1/playlists/37i9dQZF1F5...
Token response: {"access_token":"BQDmlyeyT-EaXg4pOHvPcO_F4JdEBKgSwA0gA0nyXVRYAYunzbAN8JeYVwdFxSXdAVZNVeVEP_IN650-9JLML7zn5pi_yOpJBX2qsUymoBa0wRnvazb5lzyNGv-ZrYh1omNVM5UAjJaZ2UC8GMoo3UGGLpOCIvT6tALBTKJoJjRZgrQ5DB9TKUP4ABhiXOXDkRHiKNi3zweyBDZPUjclkIBsVqyTmXmpr08X6Q3sLTvC84I0gUDh_sybVifXbDKu8FbcuA","token_type":"Bearer","expires_in":3600,"scope":"user-read-playback-state user-read-currently-playing user-top-read"}
Spotify response status: 200
Spotify song data: {"is_playing":false,"timestamp":1785523319742,"context":{"external_urls":{"spotify":"https://open.spotify.com/playlist/37i9dQZF1F5p3rmiWPIYgZ"},"href":"https://api.spotify.com/v1/playlists/37i9dQZF1F5...
Token response: {"access_token":"BQDOD-clI5lKlTpn0lrAsO3uUj4TUxybJM-z0ZoVjki3iNea45T-1YysYETg3NbKpyHACbsIO-R3CjeVhobChFpJotjDIOm-PGfFGFDwMT_FQVzjlsN4a9Hh-f6zoL3_axSyrIz0QWPyR2KtmTjpT5vFgj9KynEm_eEXOx7ZWjqUn4LwHXeijhthDeNWTgbJjhGUiwmCeOy5Jr1mkc2i6sPn4hVYBgJSiMb3ygVGHK-3mDiXctfA_sqgb53iQnrMNqzwsA","token_type":"Bearer","expires_in":3600,"scope":"user-read-playback-state user-read-currently-playing user-top-read"}
Spotify response status: 200
Spotify song data: {"is_playing":false,"timestamp":1785523319742,"context":{"external_urls":{"spotify":"https://open.spotify.com/playlist/37i9dQZF1F5p3rmiWPIYgZ"},"href":"https://api.spotify.com/v1/playlists/37i9dQZF1F5...
Token response: {"access_token":"BQCRwx4JzD4xruFSvxnliwhuc3ArxNyEbnnc6qSSEMPQYsJS9Vw39Eska24GuP2dCb2RXhDWz5tCwjXYQ8JGbYbjrje0XcbMykiDJNyPysxtMIMag7OgQd4sUaj9JBl3NtbGPB73Ws4GM3MXs0s3lSfCl2MPkiZvpJZuPqyNbMAFtIkTgvNX5oEzm4VchHMnWctsX4TxdyfAXrF4Y_S4PpTmQ99_z-Fath6ABsroF7SH85Ny8uuZSXT49feRcmOPF83Irg","token_type":"Bearer","expires_in":3600,"scope":"user-read-playback-state user-read-currently-playing user-top-read"}
Spotify response status: 200
Spotify song data: {"is_playing":false,"timestamp":1785523319742,"context":{"external_urls":{"spotify":"https://open.spotify.com/playlist/37i9dQZF1F5p3rmiWPIYgZ"},"href":"https://api.spotify.com/v1/playlists/37i9dQZF1F5...
Token response: {"access_token":"BQBnFVppJT-j2ol63qwDQbm_3LIpwuEZD1GHRC_yLOhDDVwRobzUy9GFn5UurDIMXwPwC1bvF5nEkkyY5cYCshTVzm0p8K9KUOcgYB8aZtcfIA42iDlDTqzYzg3d-sZmSpRBNUqPx1LZW8Nc4C7U1jEEg7zSjVLfCRJvjPer9P5xmXhDXdudNylsli8wdX-aBu0gOixt7lwWzDUiMexS3uQ6Vew3a-Jbj8orFXvsKRrdSZAPQpEir2rcIx7yxIEH1s1pTA","token_type":"Bearer","expires_in":3600,"scope":"user-read-playback-state user-read-currently-playing user-top-read"}
Spotify response status: 200
Spotify song data: {"is_playing":false,"timestamp":1785523319742,"context":{"external_urls":{"spotify":"https://open.spotify.com/playlist/37i9dQZF1F5p3rmiWPIYgZ"},"href":"https://api.spotify.com/v1/playlists/37i9dQZF1F5...
Token response: {"access_token":"BQBWoRHgLn4QjEGcQvePUypVueod-Xel1Nx2fmmQ67BMfEPw7CjyA59362CTdVH6wOvxQzlTdGCO5VFMFZR0lgxPjJfM5eYWw0kX0FAhK9wNdTgUB52D6nhSx6oJ5zbMnDj8lvVysiKHS3SNzfCE0JH0qBs1hNQRywvpme9SfBD1f_xMHtmpEXTZJFUoYtDEoCPrCdaA1_9zGNRFA0yxgzv3OZD8XilZxM-Z-7AKK51XJJHlYikLAqu8v6yI9ZABZDh7hA","token_type":"Bearer","expires_in":3600,"scope":"user-read-playback-state user-read-currently-playing user-top-read"}
Spotify response status: 200
Spotify song data: {"is_playing":false,"timestamp":1785523319742,"context":{"external_urls":{"spotify":"https://open.spotify.com/playlist/37i9dQZF1F5p3rmiWPIYgZ"},"href":"https://api.spotify.com/v1/playlists/37i9dQZF1F5...
Token response: {"access_token":"BQBXSTJURsQMn_nR3qZC-FmtHn88ZV_3Iw35xNIfiiFy-Ev-TBhfH8IDFvhNe2mWfyzSJMJZ_FPz-qTQxIC2ts3ZCH10Zp_rNOSVejPptNsZe-mzrEkxdB5RIP4sBiyvteDFY2DqU-mA0DgYQ2iqJpVF-wTPHF-6D8odOWEd0gAeq9j2_9-SeNtdKZkRaawX42OkPtLU5ksczpTmjq8fUMo2Akp3odf1359-MuCwJ4pzW3-fpXyrZO8B9U6kBOTtsYHRSw","token_type":"Bearer","expires_in":3600,"scope":"user-read-playback-state user-read-currently-playing user-top-read"}
Spotify response status: 200
Spotify song data: {"is_playing":false,"timestamp":1785523319742,"context":{"external_urls":{"spotify":"https://open.spotify.com/playlist/37i9dQZF1F5p3rmiWPIYgZ"},"href":"https://api.spotify.com/v1/playlists/37i9dQZF1F5...
Token response: {"access_token":"BQDEZGuRHA8MqXYcsABG9ylZkcumI1oj0F6rrUrvtBdks4R29r_DMlFoOuhCU59lW486mKGzFK8i0FpWOZH8GnnYcH_hKhrtVHykdDMTT7DJTYeuEbHjVQ62dkgcwS7_EkjW8N1aKkwwChyvB1nv_QNryOMO5Euvoam3RjBVURwIUTHRtJOwOCfw8csL1YObrywFh623aA0RkJijcDeKIJSDcbtDYutPcV7foMokbZLC4qE0HIcS5kvTF9XFrJBrF6QrJw","token_type":"Bearer","expires_in":3600,"scope":"user-read-playback-state user-read-currently-playing user-top-read"}
Spotify response status: 200
Spotify song data: {"is_playing":false,"timestamp":1785523319742,"context":{"external_urls":{"spotify":"https://open.spotify.com/playlist/37i9dQZF1F5p3rmiWPIYgZ"},"href":"https://api.spotify.com/v1/playlists/37i9dQZF1F5...
Token response: {"access_token":"BQBx-zpUHt46cO13fk3GoYYZ9PNaUDv6d46Pw8kVdgrhQGAGv68vdn2_sKz0Kc7_Q_xgNjc7OcjXA3XnYnjiffW_0QvQxFFGnDuuxUu91d95-5WqAlTgf6Xe-Sn2lqnFpYFavCGBOe2Qz8LgMT4dgU3XFZI5SQuW6vmVCt6bNbbyu18060FjEmC19dAdB9X5gcxGGZJBgLPAqVqF9Ee-EXDuAGN-vX3gEDU3RWuUQC7uadYfQ9J6hi2MQInwijpz6x5b_Q","token_type":"Bearer","expires_in":3600,"scope":"user-read-playback-state user-read-currently-playing user-top-read"}
Spotify response status: 200
Spotify song data: {"is_playing":false,"timestamp":1785523319742,"context":{"external_urls":{"spotify":"https://open.spotify.com/playlist/37i9dQZF1F5p3rmiWPIYgZ"},"href":"https://api.spotify.com/v1/playlists/37i9dQZF1F5...
Token response: {"access_token":"BQDuxFMvvB4IManzwvxMkqL66gjIcF5MlbVT1FH0dvmupqYdGzQ7syU09ty_A-gJWyL701zPRw6K5KqrgVjjN9BNo8_O9DiTwuP3p1hk0nHBWvAmZPwK7cicnOsKRy_rQ9XdfT7aZtj1l3Lm39zoWhgPcOABYwUxhtx-YCmOahoXYsiGS4FCTJGypo0JFXwHlURfZt4pZ4nflZNZc00OxpUMZNxqN95Od-5W4T98U294qIkq-_Cb5R3pwi_msOa-8OtgfA","token_type":"Bearer","expires_in":3600,"scope":"user-read-playback-state user-read-currently-playing user-top-read"}
Spotify response status: 200
Spotify song data: {"is_playing":false,"timestamp":1785523319742,"context":{"external_urls":{"spotify":"https://open.spotify.com/playlist/37i9dQZF1F5p3rmiWPIYgZ"},"href":"https://api.spotify.com/v1/playlists/37i9dQZF1F5...
Token response: {"access_token":"BQC_T0A7enpek7dfCcjOq1YxgQxfqYP9AWCG51Eu-IseuMwKUm39rpiwsqFmxkH0720MCMozjMGpNGPIMr8yo-vYv_yvZ-dxpRsMmtIQdEcBE86wZ58YknmOhLnuJWh8d5bmv6bMPpBVlyD3WRsVvHbggupSEBBJ8PLbPRPv1s95iYwdoWj2-phfzz6kUEJYvGDRUagaxTfzjtdRp4Tz_nE9ohwXqpOGBPkAfUDXMBSqkBqVOlhrWrTIJR6gQEy4kP6V6Q","token_type":"Bearer","expires_in":3600,"scope":"user-read-playback-state user-read-currently-playing user-top-read"}
Spotify response status: 200
Spotify song data: {"is_playing":false,"timestamp":1785523319742,"context":{"external_urls":{"spotify":"https://open.spotify.com/playlist/37i9dQZF1F5p3rmiWPIYgZ"},"href":"https://api.spotify.com/v1/playlists/37i9dQZF1F5...
Token response: {"access_token":"BQC1OC9d8e5a1qt3-o3GpwoAYI2zD4GiheCiybdQweYajYhX1e3pU70mo_DRfUD-BF7Ae0kZ0BdsxH1DVCKguzAIp8m6kSFKhERi6sRYwKEN_p5jgNPf7NvbUpjKH-6HyF6NZxEWslddBK-yCmQMW6MkbzK6xlWGDyZ6rSiZxs1EyIoQx7jM1LaVPt7gTAIxZorsWp3VSyd2NsKXE1lGn4-x0dgN1idgPM6-ocffM2wPtUcggogoG27JC9DQ2LA4hCpQPg","token_type":"Bearer","expires_in":3600,"scope":"user-read-playback-state user-read-currently-playing user-top-read"}
Spotify response status: 200
Spotify song data: {"is_playing":false,"timestamp":1785523319742,"context":{"external_urls":{"spotify":"https://open.spotify.com/playlist/37i9dQZF1F5p3rmiWPIYgZ"},"href":"https://api.spotify.com/v1/playlists/37i9dQZF1F5...
Token response: {"access_token":"BQChMoffYHuWymj7oKgPXusA3UXkMT3SSkTgiceOUOPv5LYKE5jO88U83rz4xeJo1c1_X6vtioriMWACZP0NgodqJfFTXrls3FBev333mXpEDoPaVaAEYHyUby-0p2Gs6Oyl_ERjy7slV0QlGzWzdZAkDMwbS1UkUMfF3-2WwC15ATTnqUOflrCRFyZ7SwH5jsrO_lC8J67Ut576z17NMDX9NYBruBpbRlOTP2yQPFPmc-kBBVV6KBd0MRkskXPU9SQKLw","token_type":"Bearer","expires_in":3600,"scope":"user-read-playback-state user-read-currently-playing user-top-read"}
Spotify response status: 200
Spotify song data: {"is_playing":false,"timestamp":1785523319742,"context":{"external_urls":{"spotify":"https://open.spotify.com/playlist/37i9dQZF1F5p3rmiWPIYgZ"},"href":"https://api.spotify.com/v1/playlists/37i9dQZF1F5...
Token response: {"access_token":"BQCc83kYp8xqi9RLt9T7yvyue11djyWb6DBUASS0NP3odEC1n6d5by7Ie0VWR17xTiSN1zhGhq5dqy8--Y8IpDuZegee_7wJxm16pvaI7k_dkD-ZdWB9OGRdsGUZRjPnf4oqVsmuBvwiWArY93HuT9rIYNr5eDcJGj4mQXtoeMVOPxPeV7bBNCJb31kds2RKJ5uXBxK-_lyzhW-V3_7lVqSedFsvGlL9MC1WGrzMSpUO22Ctoe3y_wefbmdAo_eGW9S5WQ","token_type":"Bearer","expires_in":3600,"scope":"user-read-playback-state user-read-currently-playing user-top-read"}
Spotify response status: 200
Spotify song data: {"is_playing":false,"timestamp":1785523319742,"context":{"external_urls":{"spotify":"https://open.spotify.com/playlist/37i9dQZF1F5p3rmiWPIYgZ"},"href":"https://api.spotify.com/v1/playlists/37i9dQZF1F5...
Token response: {"access_token":"BQAAQjy7HPejaYXT6RqP4jo1hCwBRAMaLvYSPf8GdQcN301s8NFHup09I8LGKMGxrlTLMDn5dvjHZALdoBl2Ql1soJdHKEJe7Oin-cWHKAp2EgKIvxFNl3KouLNRe1JuCJNies0cbrk1QI5NOBbeSjyOpVfM6Q00zkQoabDr9lz6nHScMFIITvv_4LL2JYjkIFU0YDL13AoGO7Qo6bQ5Se7SSDDAGejcreU9I6Bj6Pzgx20PIMsNij6GQzN20wGO5yfiRA","token_type":"Bearer","expires_in":3600,"scope":"user-read-playback-state user-read-currently-playing user-top-read"}
Spotify response status: 200
Spotify song data: {"is_playing":false,"timestamp":1785523319742,"context":{"external_urls":{"spotify":"https://open.spotify.com/playlist/37i9dQZF1F5p3rmiWPIYgZ"},"href":"https://api.spotify.com/v1/playlists/37i9dQZF1F5...
Token response: {"access_token":"BQDCOuRmYYrJLBi1VHigOdLBEFoI60HndD90-7TkPwEvZl5KWTITUcFFBmpcLffH4Aiez3vbsgsUCQ5514HcTc7Zk4Zw1oQnFmi-7dFOpi8CxLRc8-S5F3cmc9HiwWXHTMb3XkFLOC1aZULaeZOo3VC9tGvPGtWCYxckOU0s_aA5yPqhtAaJncJOmzpxiDe4e1XZ0f9Yhm_oQDJcEQXXUk-GvtdcbFiULRZKD2cpFQ67WfcjaUBvDOC4brGmk_ZPwUSxjA","token_type":"Bearer","expires_in":3600,"scope":"user-read-playback-state user-read-currently-playing user-top-read"}
Spotify response status: 200
Spotify song data: {"is_playing":false,"timestamp":1785523319742,"context":{"external_urls":{"spotify":"https://open.spotify.com/playlist/37i9dQZF1F5p3rmiWPIYgZ"},"href":"https://api.spotify.com/v1/playlists/37i9dQZF1F5...
Token response: {"access_token":"BQDn11xTy1Kc8PQ-V3sLyYMsvqVJZQc9-dKAMu017AUrbeSaejWqULKZUuRKG8-ARFAdrUrsd6-DZ00tSabl2W2qIPLJpE7j4b1Ue4WCU1fewaSyhJ6ndpiYq8P4J0awKnlb0hJ4BPInOVLrpnr-xDixgmZ2pQy7Wxe4N8gQDSsTZ4HANz4y4LCpkz-Y57DD-N8g3gQlLDMAVM5xDvCyZh_w2-lN7FurOHVJDaEiOTH6HkSV3NVTouU3jgS-1qnmI6WE6g","token_type":"Bearer","expires_in":3600,"scope":"user-read-playback-state user-read-currently-playing user-top-read"}
Spotify response status: 200
Spotify song data: {"is_playing":false,"timestamp":1785523319742,"context":{"external_urls":{"spotify":"https://open.spotify.com/playlist/37i9dQZF1F5p3rmiWPIYgZ"},"href":"https://api.spotify.com/v1/playlists/37i9dQZF1F5...
Token response: {"access_token":"BQBD3sEn3B0J8dVLyzgj2aAPSB7y7ydT4f4WNe8VpkWkc_jpNV5nVfawW_SLWFBmDfRJNW4qK8f3-pnmd4qbM_md9ZM4DC80aqMHAf00NRLNu4Slrf8BhsgGuE1bq4IDu0sajVzlQ6WbTpyV_konG5YwqGLE_fi0k56v-yKxLxa455UO3lKquqr3-GfUn3zcdkp-dsDgKt6WmaoN_aM62szGtY6FIlJtdrWprvMHF3djBIbiRwgvDvwvvji-GpFJDhc_aw","token_type":"Bearer","expires_in":3600,"scope":"user-read-playback-state user-read-currently-playing user-top-read"}
Spotify response status: 200
Spotify song data: {"is_playing":false,"timestamp":1785523319742,"context":{"external_urls":{"spotify":"https://open.spotify.com/playlist/37i9dQZF1F5p3rmiWPIYgZ"},"href":"https://api.spotify.com/v1/playlists/37i9dQZF1F5...
Token response: {"access_token":"BQBBpkp1zBy9HU04BQFyW8nj82AJTGf49gUb1pwvLqtwa007IYo0jl7PpojFpQbnTq-6gGx1_11H160jq_4cNp8Lry3imNgqren0OeP6hb1WBwJL9TIghkDvTCfFqHCvW2-fTg9DPo0RYmUmaex4RMvoeznzjnM5I1Sr5Kd3fiMp26dnw8SnlfqKySbHzV6Zw1rHPQchGAWq0H5OPEFddrAM2okUgeDe-vE-enJspZr_XtZ4eIti39kcXvB39h5bz2xgwQ","token_type":"Bearer","expires_in":3600,"scope":"user-read-playback-state user-read-currently-playing user-top-read"}
Spotify response status: 200
Spotify song data: {"is_playing":false,"timestamp":1785523319742,"context":{"external_urls":{"spotify":"https://open.spotify.com/playlist/37i9dQZF1F5p3rmiWPIYgZ"},"href":"https://api.spotify.com/v1/playlists/37i9dQZF1F5...
Token response: {"access_token":"BQDKtOuHHT52Kgqy9Gtfu-yosGSEzP8oJCMZau27-T--wfXSowN_EMtoZEU9nU0ySjSAog1LjkMpgaKnnQCyEv6wX01b32CDlvGSIjEkvVMCQBkQV1WozjWPjAbUZaK11OcxXMpymwu3hdR1mzBN7PvLahhSRlRKjtgef26g-vowZEbws0uSPITkHpJtjuPzt23TWO7TOKWgdOidq0lGbHFQ_in5vfB4sOnBORKA9q-PY2a7HeQu2N-ZvIVTczKK3TuOiQ","token_type":"Bearer","expires_in":3600,"scope":"user-read-playback-state user-read-currently-playing user-top-read"}
Spotify response status: 200
Spotify song data: {"is_playing":false,"timestamp":1785523319742,"context":{"external_urls":{"spotify":"https://open.spotify.com/playlist/37i9dQZF1F5p3rmiWPIYgZ"},"href":"https://api.spotify.com/v1/playlists/37i9dQZF1F5...
Token response: {"access_token":"BQAh8SjWclAG9WtXCdm3c0hzbA7rAZVU9b32R-T80FTxIEIRivDxq7KmaFvEs0FQ4RoVhB-nJEpmEGbzL3Kcy1503g-5E3oXQ4ixiw3nwejVtD9b6T182waaghU9ObfTr4nlV040LEYoc1REIgibGlKu5XfcouduGe-ZgFAUqqqtoMFsaFMMCJQbbXqPe5BEhJIRmvMxY4mveWh5LRwvDSV9nmR_JZtJ7BW2PU8bEhcZ1goc9_CMHDM60i6ipiF787w_Hw","token_type":"Bearer","expires_in":3600,"scope":"user-read-playback-state user-read-currently-playing user-top-read"}
Spotify response status: 200
Spotify song data: {"is_playing":false,"timestamp":1785523319742,"context":{"external_urls":{"spotify":"https://open.spotify.com/playlist/37i9dQZF1F5p3rmiWPIYgZ"},"href":"https://api.spotify.com/v1/playlists/37i9dQZF1F5...
Token response: {"access_token":"BQC1hrteXNyKrhbr90bcbSnGcwk5OtZylStOXhVogQFGxFvuj1I1hI_B5kDlWgzKMhRGJji4psgbSCEjwyK2ig7qRrfL50HWXNx8gHw75LSYhulLKN4Hajt-y4jom8nR0wQJG-I7Vw2MMm_4WxyYJJ5ASd0WuivbTVDGfx0IZ6xMhqBmFH7tZeIa3pFvBaxc8YwDMVfsT2azoobNam0n4geXLTWyl8MOUOz04P9NdmZ5MBYAIj2GsDOqtWPszCBPka_ktA","token_type":"Bearer","expires_in":3600,"scope":"user-read-playback-state user-read-currently-playing user-top-read"}
Spotify response status: 200
Spotify song data: {"is_playing":false,"timestamp":1785523319742,"context":{"external_urls":{"spotify":"https://open.spotify.com/playlist/37i9dQZF1F5p3rmiWPIYgZ"},"href":"https://api.spotify.com/v1/playlists/37i9dQZF1F5...
Token response: {"access_token":"BQAEGHh46yLqfNoCgbW3gPX22v38h59wGaG0DU6J9LXyQA1fc_ENuFfzu5D1vMfX1bC3amy1NrH77Z8EyJ1M2gP0CxERrNSEtKCQiTMrJY9A_1xq38f56M2L0S2FuF8GR8NE5XPN0QPlvRsVu3Og_fbn_TdCgWTwGPP1EJT9ZF1yOCYuzgBUUK5jWJbhG5caIfazMr_LCgMz6cLRcD08_hy1kVZ5NNNZWAiiZs3tQxb_HC7wVG50Ovpmdff_UE6u4OiRCA","token_type":"Bearer","expires_in":3600,"scope":"user-read-playback-state user-read-currently-playing user-top-read"}
Spotify response status: 200
Spotify song data: {"is_playing":false,"timestamp":1785523319742,"context":{"external_urls":{"spotify":"https://open.spotify.com/playlist/37i9dQZF1F5p3rmiWPIYgZ"},"href":"https://api.spotify.com/v1/playlists/37i9dQZF1F5...
Token response: {"access_token":"BQD8IRDx6GinDsHuhtiGYpCIUGUhtAl1BID510bqHlCle0Cfq3CyegQ3FgRfDRHhbmujQGCeRAPXHy4F00p5gcieoUNYwEhFqBaMjIZSYJyZZz8msg0Y_6LUtEyonFIhklBadbh6XVl-_PxwwEaxpXFblWFTujHMYKJ_qQ5MYf73FJ6PK-udwPlIXODwZH_krrmy4sgSHZEC3qSCpqw4El6puQAcbWnjcQOFRIb2Cjemzzfs3lzt6dv790lgQ-VyFYh7yQ","token_type":"Bearer","expires_in":3600,"scope":"user-read-playback-state user-read-currently-playing user-top-read"}
Spotify response status: 200
Spotify song data: {"is_playing":false,"timestamp":1785523319742,"context":{"external_urls":{"spotify":"https://open.spotify.com/playlist/37i9dQZF1F5p3rmiWPIYgZ"},"href":"https://api.spotify.com/v1/playlists/37i9dQZF1F5...
Token response: {"access_token":"BQBhMlmmHsjsBY3EwUknCtVa4OekZ2AHKM15fqIh6Pe4Ko8vU6ai6LUeD6QIXn-670Ee5AMlBzB7KuzXTvZRTjXW_3gkDXe5vIqLbqaDyF_LChY3uhBX-Y6NiG_kf0TE8rLfZedUR21-8CYP9SBWWwrBwA7lKntregUB19KjBp-VHslqxnoHjg2164DheCAArVyPItSEmbS1IHDO66F_cbsIJhNdixyFOJdD_sbruHXvQUcNQgpo3b94LBfBgh_GiWrVhQ","token_type":"Bearer","expires_in":3600,"scope":"user-read-playback-state user-read-currently-playing user-top-read"}
Spotify response status: 200
Spotify song data: {"is_playing":false,"timestamp":1785523319742,"context":{"external_urls":{"spotify":"https://open.spotify.com/playlist/37i9dQZF1F5p3rmiWPIYgZ"},"href":"https://api.spotify.com/v1/playlists/37i9dQZF1F5...
Token response: {"access_token":"BQDeCZXPDJ_IubhkoUGuNH7nbM_k5Mzc-iaKwpicIV-w9I-ghQ0ydmHtHQe1d6jPBXQ0kQGdDbeuR1HKvax-MHUo7X8Tq-165EwzidaYwUXJZztx6rwC5zFE0_X_gtL8snxEPS2pzdfD4P9UJg1FjtvnPl6zclgCQFdtoJdSHE168cgIuG6V5YrNfPywmSAe716kMUX-DGkKc87go5jes9wjalRiIcpHJv0rp2cpDVZxFKKc-VIW5CL6vqO64R3HgxJJjw","token_type":"Bearer","expires_in":3600,"scope":"user-read-playback-state user-read-currently-playing user-top-read"}
Spotify response status: 200
Spotify song data: {"is_playing":false,"timestamp":1785523319742,"context":{"external_urls":{"spotify":"https://open.spotify.com/playlist/37i9dQZF1F5p3rmiWPIYgZ"},"href":"https://api.spotify.com/v1/playlists/37i9dQZF1F5...
Token response: {"access_token":"BQBNE9oJszeJWESOWt750ILpQ-NSOwOkjtaFESD9OY2QqJLo0wOqN9St4kb6ZpCKqfPe_Cf6yugXDvbmBuWdZJZnvS3282KsX7uze_DXArwGcdcSsk66tuqmtCNTOy7WpWtmO2V5s6NdBBcQM2ZhDKKP5ctIvbHeIEyjgMGIwCb1A-ASwT9zPSjUsZn2Pd8p6yoPDhSLvMBdjFeNdfLvpncwvu3A25EE3k-OaNlQLJcJr5aiAm9oRT31W2S0kysJvQTDaA","token_type":"Bearer","expires_in":3600,"scope":"user-read-playback-state user-read-currently-playing user-top-read"}
Spotify response status: 200
Spotify song data: {"is_playing":false,"timestamp":1785523319742,"context":{"external_urls":{"spotify":"https://open.spotify.com/playlist/37i9dQZF1F5p3rmiWPIYgZ"},"href":"https://api.spotify.com/v1/playlists/37i9dQZF1F5...
Token response: {"access_token":"BQAnTsOK67KqvzX7jHV6Rv7Bkt1iwipE9WOzImIyn9oiaYwZ7wFnTTPc0BIcM07vH_Kcf0PeVW3Gt86QsvoqROP1iFJeBpwdg6q91BH29tIoVEE6Bn3SBZFHhbFTUml1iyjgyuT5IC6iLSUCWogyodsKRzrB4zah7Fs__yO-DDptFZ60H68aDMPO6pLgqtGFy9OcPVlhKpLq6CUihD96TPiaAbm8uXLCdhuzcvSY1mv9fKmS2ANTf9sT27-FT2Uj-JzcVg","token_type":"Bearer","expires_in":3600,"scope":"user-read-playback-state user-read-currently-playing user-top-read"}
Spotify response status: 200
Spotify song data: {"is_playing":false,"timestamp":1785523319742,"context":{"external_urls":{"spotify":"https://open.spotify.com/playlist/37i9dQZF1F5p3rmiWPIYgZ"},"href":"https://api.spotify.com/v1/playlists/37i9dQZF1F5...
Token response: {"access_token":"BQDNZ3Zfhukjjh0-1mLjbDjouUqHMWmbXlfxvKm0m0aZFViQei_kLaKacdNDvcoPR6EMP2iL7mdXpin7yxUyah4rN_UNzCdY7FFZjXC7yBU7svZc-108oGy7bPPecOE12thKjuzDh0i-g0Ql4YrwRmX-TVqAsnOcQwCBLA4-uNoRB_TgzLGkiUkYcpo46N_MwT-m6TjtlesqFwZbKAhnJ7D4WhhkkE33CMpsNxopckthtyJ8o57BSYKMsCw_ekQVgolA7g","token_type":"Bearer","expires_in":3600,"scope":"user-read-playback-state user-read-currently-playing user-top-read"}
Spotify response status: 200
Spotify song data: {"is_playing":false,"timestamp":1785523319742,"context":{"external_urls":{"spotify":"https://open.spotify.com/playlist/37i9dQZF1F5p3rmiWPIYgZ"},"href":"https://api.spotify.com/v1/playlists/37i9dQZF1F5...
Token response: {"access_token":"BQDAwIhIyjXldWAaUfmjbTYsefTEs9VAZp-fM0Xxm6yC9-yKBzuJVlH5TPrFRrdGIMpzShxuBFRSjV0XXTr7BOJNcSIZfH1LTJzQnZFcnmttayMx6WEhp3To8JfCxdIyJFWEYq2jZxBGqM56SJidkHsrSe1EF75rxvVMozt31satkvAua6wESTn0WHmShbG9OnhtsaTSvu2zuEaHq6jy95GiFCje9r0EwzImCN2hi5dQ-FNeYbX80X643LmLGc9uOVbUlw","token_type":"Bearer","expires_in":3600,"scope":"user-read-playback-state user-read-currently-playing user-top-read"}
Spotify response status: 200
Spotify song data: {"is_playing":false,"timestamp":1785523319742,"context":{"external_urls":{"spotify":"https://open.spotify.com/playlist/37i9dQZF1F5p3rmiWPIYgZ"},"href":"https://api.spotify.com/v1/playlists/37i9dQZF1F5...
Token response: {"access_token":"BQBMRa7EzQHiXu8sxFM0gtCgcfaPz78snQTzRb7ki6IpMzimGAZhBU4ZVNlITdkVZZhCYEF7ZeEnsmA_6jI8biiLiMZnRGaWRhPG5w2zNT3c0qkAH5Xg_RzBEOqeOW3dCcC3AuETnvXmwNzDRtX4Of6k56HTHe2eD1HyuHbhVRbrqeLJ1C09cDAYaWRBGsLmFbZLnM0-X7q_3xJ-xa8LDl71OHCBsq_qmWOnnKu6IU1DpSp-tWjTG_JDK2RYvC8_UxfCCw","token_type":"Bearer","expires_in":3600,"scope":"user-read-playback-state user-read-currently-playing user-top-read"}
Spotify response status: 200
Spotify song data: {"is_playing":false,"timestamp":1785523319742,"context":{"external_urls":{"spotify":"https://open.spotify.com/playlist/37i9dQZF1F5p3rmiWPIYgZ"},"href":"https://api.spotify.com/v1/playlists/37i9dQZF1F5...
Token response: {"access_token":"BQA9j5aCd5yeW0pccSYaw7a8hXRMvcvTHQt9obpp0KAvxTspC37BAIzJsh_Ta2SJBW9VefxSd6ujizkTzA1xL2aAqhUmdf_eycgyPSuM2d4RBAUjWintlFO1supfc13P8wry6w5a0jept6zJKvc2T-6tSDStYQvIajjhFzMiB_7UQvL5Ie0G4irPFuFqV6xCFpmLD7Vn4Z90p3t7MUiMNTdECeCLLcrYRG2tItEWyXLFGkgFmKObHYc1RdEszZsRrPdmow","token_type":"Bearer","expires_in":3600,"scope":"user-read-playback-state user-read-currently-playing user-top-read"}
Spotify response status: 200
Spotify song data: {"is_playing":false,"timestamp":1785523319742,"context":{"external_urls":{"spotify":"https://open.spotify.com/playlist/37i9dQZF1F5p3rmiWPIYgZ"},"href":"https://api.spotify.com/v1/playlists/37i9dQZF1F5...
Token response: {"access_token":"BQDbY0ycYpHMdX0Jmm-y6E9RYI61JRBcsdlcrvchUIIrhf1v8feLrcq-6Bhqe-eRwa16iiocB0LZ5SnXernZd6OAsjShPE_Yt6xrPEwXw9v8otTk2hCKq1O0iofd1GOg6vWIbkvkQyFdSQacQ_5t71TK00TRAzc_2w8Lsc6uLHvh9Uc7XEZ5TNKrRnIumQp7ezmZLI0lgIK2gtfif0RLgnsVyLspZF1tA0d6ifEm2u-AYqaVwoL7BfvkHpv4Vee13mWfnw","token_type":"Bearer","expires_in":3600,"scope":"user-read-playback-state user-read-currently-playing user-top-read"}
Spotify response status: 200
Spotify song data: {"is_playing":false,"timestamp":1785523319742,"context":{"external_urls":{"spotify":"https://open.spotify.com/playlist/37i9dQZF1F5p3rmiWPIYgZ"},"href":"https://api.spotify.com/v1/playlists/37i9dQZF1F5...
Token response: {"access_token":"BQD6Y27xvMl-wyZcDOsPlvovz2PWqSuEVA8VwuEo3YlIX8kmYCzEmltvzEVV83Vh-N7iv6Nl9yDSFoax0DGhXQcpmS_B7s2DMyeqJOSmOGSgR4w5YlgMAMQFrf4_0SFmKI-wE5t9hInvVoLIvBW-9RxQlKOWw40GZRVEdhSofSB_aTo0VzmbwwCDGo-jrdkKhL1C5GtPtZXAhhpAQnXzJJTEpCHN3OqGfmWzjTsOHSNMGaEEeiNP81kMTBRuW5nSe1y5IA","token_type":"Bearer","expires_in":3600,"scope":"user-read-playback-state user-read-currently-playing user-top-read"}
Spotify response status: 200
Spotify song data: {"is_playing":false,"timestamp":1785523319742,"context":{"external_urls":{"spotify":"https://open.spotify.com/playlist/37i9dQZF1F5p3rmiWPIYgZ"},"href":"https://api.spotify.com/v1/playlists/37i9dQZF1F5...
Token response: {"access_token":"BQBvufOdVRyb8ceRO-1dqJ3fHlew_ucSQKMiorsIi5eyvL1c57r-j01HtK_ihiErIiCG41QwUOLwOhHOIBhSx1oIFIG5cDD6qdjTL0OZvuRRGTzbwxyXgjkj3aZ653PBqfNxUoHXPIG-tOumLTlx-nfn_-iEbu1SrdAKZd3i10sq5cgBfm1QsFFeOOXkl7I-1d4dZB4ss6dUc5JWNczFsvTXSaUEecD8gv3C3gL76cf182dviv5lkEOcOtwQkoFKTCwbxw","token_type":"Bearer","expires_in":3600,"scope":"user-read-playback-state user-read-currently-playing user-top-read"}
Spotify response status: 200
Spotify song data: {"is_playing":false,"timestamp":1785523319742,"context":{"external_urls":{"spotify":"https://open.spotify.com/playlist/37i9dQZF1F5p3rmiWPIYgZ"},"href":"https://api.spotify.com/v1/playlists/37i9dQZF1F5...
Token response: {"access_token":"BQBDgL9B4zrTJgkdchD4UHepIRXI0Ty8a8ovIbYFli_TuutrQrQ4E2CN45vINLlewxCh87mho2itXf2Q_VKzWjZLyQIM7silpSaZWZUM4eed9pJ0A0EdEiupvHv6L22Pj_irTy985U3o3gvQMLfM4_4ovYu4WEokDTsZwndPQvlx4HWjgfdpP5jJacE4e_idCY5CeAW_L80lIBLPeeCtBiVi3yKQDdXWUGXwbBH1648N1fB7q6f7CSrSNAmy_LtbW_HZog","token_type":"Bearer","expires_in":3600,"scope":"user-read-playback-state user-read-currently-playing user-top-read"}
Spotify response status: 200
Spotify song data: {"is_playing":false,"timestamp":1785523319742,"context":{"external_urls":{"spotify":"https://open.spotify.com/playlist/37i9dQZF1F5p3rmiWPIYgZ"},"href":"https://api.spotify.com/v1/playlists/37i9dQZF1F5...
Token response: {"access_token":"BQCJr7D7zd8Zs_Gh4h4JGXbeUlTsh0zv_lkvKQ1duXxCLqvnqxXr5IkDB8boWJ1mOkvKqxaGjspBOZCsEa50QMbxPJJ-7tWA1tqrt0rBL6XTEkLqYzCIijcsESdz-XJbmkXqoECjegG-_407dsStTKreupLcC29Vxtthrg2AmWhF_DZzj7IMU0tbEPMD0VdcaVpRJYSjH1twgVL7lvmcPbBD6PhmJzCGikRh58dJQBietjNMDeopCHWMV_eqEQZUHoffVg","token_type":"Bearer","expires_in":3600,"scope":"user-read-playback-state user-read-currently-playing user-top-read"}
Spotify response status: 200
Spotify song data: {"is_playing":false,"timestamp":1785523319742,"context":{"external_urls":{"spotify":"https://open.spotify.com/playlist/37i9dQZF1F5p3rmiWPIYgZ"},"href":"https://api.spotify.com/v1/playlists/37i9dQZF1F5...
Token response: {"access_token":"BQBQGdJeJ7Go0PtpCC1SML8Ngh3q62UcLxppYWo7wQ6dlLRifMtBjxXjSOSbYRqXQQDL_ArOpUgnoTfA9k6x0s2ZwJd7VS6SVVe5v2m2BlYS67hZoaXVblphhJ4mZvB0pJSZZMdhV61AlEwMGUUDxTAbiKynk01__yyNBrNWpBrQO318UB61CXFdZTOkUzm4uB6SG5b9yyYDL8S0-i5WfnXIz4RMcIyJO92F7Rlrw-T60SngOAv0SMP-JUN3nW-XYKGuoQ","token_type":"Bearer","expires_in":3600,"scope":"user-read-playback-state user-read-currently-playing user-top-read"}
Spotify response status: 200
Spotify song data: {"is_playing":false,"timestamp":1785523319742,"context":{"external_urls":{"spotify":"https://open.spotify.com/playlist/37i9dQZF1F5p3rmiWPIYgZ"},"href":"https://api.spotify.com/v1/playlists/37i9dQZF1F5...
Token response: {"access_token":"BQDbo0Xh25LhkOCa9nQ9hEqbo6NJ2pxfrQOk9UFu9B_EQYArRDvDfkQ1dl0qIxTD9oZgxpdxDDuX7O76wZRqgI_tpTWkqIqThh_y3kQ7PAaoSgShgjQoROm4q-PHkHff9ZLEjNtlfcGneWLLCTgX3pzYiolgV8bWRsN4ilQ6NppOVi8zAulHB-THWl9mq29JiP7nL7-R0DPaFfNBECG5cwGH1Y3uTxnSCltso80o9QRlOFKU25pMkfdvWbVqWVWYzt5c3g","token_type":"Bearer","expires_in":3600,"scope":"user-read-playback-state user-read-currently-playing user-top-read"}
Spotify response status: 200
Spotify song data: {"is_playing":false,"timestamp":1785523319742,"context":{"external_urls":{"spotify":"https://open.spotify.com/playlist/37i9dQZF1F5p3rmiWPIYgZ"},"href":"https://api.spotify.com/v1/playlists/37i9dQZF1F5...
Token response: {"access_token":"BQDk9Bf93IvQfq9OLwHb4pz3XNgCz0YbfkPvGVaulrYfUr6fzQ_3PZhNa_aZ60wTdi89mFy_pFCvvh9Oi_4Ey_Z61UEndTIFav7Oj8NbephxSnfG1nuGu1Q7AC5T0NoVtZQrwjHmx4l7myAj9zyc3pwQjADBIOL9qI1WoZI12eMr7Y33mQDxDdfoRbr5miKS54N294H2rTPvDw7ALp7Zc8mcdChKxx0vEor-FczKjQN7TonnU0ZNMyaT35xm8b1xd-fs4g","token_type":"Bearer","expires_in":3600,"scope":"user-read-playback-state user-read-currently-playing user-top-read"}
Spotify response status: 200
Spotify song data: {"is_playing":false,"timestamp":1785523319742,"context":{"external_urls":{"spotify":"https://open.spotify.com/playlist/37i9dQZF1F5p3rmiWPIYgZ"},"href":"https://api.spotify.com/v1/playlists/37i9dQZF1F5...
Token response: {"access_token":"BQDPd2_oJLtURtd6thJOvQYtXGFnOZoyhOrJQfdfkmkCJZjnfAW_UbialHTstKk2im2UzR2uTc3ZyrSBY77gItDu2hc48PY_VBH9giNbCZVPXxNPjWkr_uMn-c4DlJpmDijtWMQurWoV6bvF8dp43vENK0gYLzG1a2zRM-EwZplxcE_AAcePoJ0EVCL3O3Sp-bW_66UIKKyNrILk0gWWwMFelBeWafM5kw46_vSOdA8ZjcmpPyTpUArBvcSzK0f-ItJXMQ","token_type":"Bearer","expires_in":3600,"scope":"user-read-playback-state user-read-currently-playing user-top-read"}
Spotify response status: 200
Spotify song data: {"is_playing":false,"timestamp":1785523319742,"context":{"external_urls":{"spotify":"https://open.spotify.com/playlist/37i9dQZF1F5p3rmiWPIYgZ"},"href":"https://api.spotify.com/v1/playlists/37i9dQZF1F5...
Token response: {"access_token":"BQCJvT3sk1fN93oM-7oLd0t_bWOOsDuiWS6bD7o7HIg2dLGF-9Z-1BdNPgXbEGdbFhfAo518S-uUcO6NQrITzD-AtiS6IlZau1CF8MCOhkg62w2Gfo98qhnN7wjmvYvj-6nEEIOky6kmSC4QjN6zj17Jl-qHLo0p2RjE9h2CRd0Bykff8g8yPqLg4fHWCVJ7ZSmI_i5oX-JFU7TwadN_Of19BgH7k1RLLrAjiM8GTLAOQs6hMN-n376kmiD_Vs92HMtxow","token_type":"Bearer","expires_in":3600,"scope":"user-read-playback-state user-read-currently-playing user-top-read"}
Spotify response status: 200
Spotify song data: {"is_playing":false,"timestamp":1785523319742,"context":{"external_urls":{"spotify":"https://open.spotify.com/playlist/37i9dQZF1F5p3rmiWPIYgZ"},"href":"https://api.spotify.com/v1/playlists/37i9dQZF1F5...
Token response: {"access_token":"BQBFfJu-zhr8d85Tp-b0NK6l5wRDp1xo4GyQrIGRSa8nqUWa_TR01ND1I4sDGrm5f0YuUcKaXF2HIwOWYUB17aYM4fHlH0colsl1sygsgiE6rI5vMvjzB2hr_6F7wPhCmCvFqVCknHGrVRKJAFn8UJOIm0AWKtA8J8XuBPn6j1yyq81iyd9Tsj9IRCocvGKRxbibOWG_WMG1ZY0LTgBm9hCVA5_ZGie9f8AT6aS7KETSZpMpYc40u15wG6U9hOqwpLrOyQ","token_type":"Bearer","expires_in":3600,"scope":"user-read-playback-state user-read-currently-playing user-top-read"}
Spotify response status: 200
Spotify song data: {"is_playing":false,"timestamp":1785523319742,"context":{"external_urls":{"spotify":"https://open.spotify.com/playlist/37i9dQZF1F5p3rmiWPIYgZ"},"href":"https://api.spotify.com/v1/playlists/37i9dQZF1F5...
Token response: {"access_token":"BQC90BpalJwcCOFFvh3RY_CQXx-byY48UvZ9rh1uyJeBjYJtxQQUdACpVMfYhaDbolG4l8SR9GPxbDSR3VtznkbxBfrPQA_bEmvLxEIRSUWUv_U4vMFSfyLOA09a9uIyrv8L9umYbV4Pl_fDrvfMonfNtLijA2uMtSLqDcVluJ5uBlEvMtakDm3KBoGoVoBn-_2KH48iscp8qSXab6fTaRIRR5M6Q4Ed32PxZOxKfb4rw-UEqG1ISbQ6XtLUekwiNqKUQA","token_type":"Bearer","expires_in":3600,"scope":"user-read-playback-state user-read-currently-playing user-top-read"}
Spotify response status: 200
Spotify song data: {"is_playing":false,"timestamp":1785523319742,"context":{"external_urls":{"spotify":"https://open.spotify.com/playlist/37i9dQZF1F5p3rmiWPIYgZ"},"href":"https://api.spotify.com/v1/playlists/37i9dQZF1F5...
Error fetching Spotify now playing: TypeError: fetch failed
Error fetching Spotify now playing: TypeError: fetch failed
Error fetching Spotify now playing: TypeError: fetch failed
Token response: {"access_token":"BQCrnURY9mmWl01l8KE0iR1O3rQYvXSI0JJa1eMLP5ktXx2VFBA1mExSBtBVFSDvkEeJFTpMOENHO4mf1emv7DZsp55jmLNQUhE6jJj3kuvPh-3do_T_ZfwVxFNRrIgwV7FFaOwk_iJhpKOcTmsyi9ann5A5Gc-QiE0kcWukk7Aw4Gt8wxfsQZdfOq90h_btJ-SFHsSLJX1inAsfqjhJYBuH4tC6Z8VfweqGxTsI1vfZUe552mAbpgyKU38tWil5t_K_kQ","token_type":"Bearer","expires_in":3600,"scope":"user-read-playback-state user-read-currently-playing user-top-read"}
Spotify response status: 200
Spotify song data: {"is_playing":false,"timestamp":1785523319742,"context":{"external_urls":{"spotify":"https://open.spotify.com/playlist/37i9dQZF1F5p3rmiWPIYgZ"},"href":"https://api.spotify.com/v1/playlists/37i9dQZF1F5...
Token response: {"access_token":"BQBEqnuJOHDH9rna4N0Gx1YbG_68dN8dVZWKdgM0Ijy_klOVOXvJuLyRXT95r40jotPykGx4EqTK7Z0ojLCsJb2XLu9V1OSc94AOjwiRcVP53wqJQcila4qCKI4k6whg7FlT0pwkgNMYGHKBDr8NEgy0s25LOa8jYjUAFm5bDydbnw5hniwVSH-g6wmy0WajbvKQDw1BOvnSh3ELqQZHpbfd2L49jQLv6QHvlbfaiC1B8Mfs13gg-O5n8QjVhXFh7LIjYw","token_type":"Bearer","expires_in":3600,"scope":"user-read-playback-state user-read-currently-playing user-top-read"}
Spotify response status: 200
Spotify song data: {"is_playing":false,"timestamp":1785523319742,"context":{"external_urls":{"spotify":"https://open.spotify.com/playlist/37i9dQZF1F5p3rmiWPIYgZ"},"href":"https://api.spotify.com/v1/playlists/37i9dQZF1F5...
Token response: {"access_token":"BQAhVY0PePqy3Uq1jViFmzCSFGpl2Rtxuz_03mbZ_udENYSVMQUaiAwlW6F-SLvyP-qqpXkRvyy6ZPZVQx5N_TnMgCZppm8X2JDa60JOsUabgkve6XP7Desf9dITcUiMFUa_HkfDhpDKxWX68KgPbU-VR2c8CKBhO6UyB8xbjNVZzwcTCVONzwQ4y5Jkp5effpnCAomA_JStSlzmXK4M4oFYIXVOJx7_89oA87OIVj8vGR1cbKvuvfYSvT8pAplKGImUwA","token_type":"Bearer","expires_in":3600,"scope":"user-read-playback-state user-read-currently-playing user-top-read"}
Spotify response status: 200
Spotify song data: {"is_playing":false,"timestamp":1785523319742,"context":{"external_urls":{"spotify":"https://open.spotify.com/playlist/37i9dQZF1F5p3rmiWPIYgZ"},"href":"https://api.spotify.com/v1/playlists/37i9dQZF1F5...
Token response: {"access_token":"BQBr7CYLRDOTdc9g_XoJQgPCrssv5Nx-IqM6ZXilm6HstuQJhmdLOBL4HIWbf-nr501zvWSqj0s0qk8wDv747W8TC6iY8BDfMkJ2qKyHoHvpcHLSasTdsdBz2mKFCGWx9pcg8GE6bv5vH6p7R5aXjZWasoaa1zmyhn9PKzaNU6MPL2yRYWXK8PksO9rrx9Ef-yBXupnoUvGD89EaCSeRj1OPgsLkpjtXg0uuxoHUb9OsjxM44t5RLJ73nxOcVyoEba41qg","token_type":"Bearer","expires_in":3600,"scope":"user-read-playback-state user-read-currently-playing user-top-read"}
Spotify response status: 200
Spotify song data: {"is_playing":false,"timestamp":1785523319742,"context":{"external_urls":{"spotify":"https://open.spotify.com/playlist/37i9dQZF1F5p3rmiWPIYgZ"},"href":"https://api.spotify.com/v1/playlists/37i9dQZF1F5...
Token response: {"access_token":"BQBfMy6r9UcIsZABO4kRpoduBTLqVqTJEFSz6gWtLc0gJEu16gkdifXA8vpTy9yP2Xc8cw6V8cXTULm5LZQ5nrSlllJReVcpQ57MNUJdLAL6dB7dn6IgUt2gamV6Z-Zr8sSWNjtGWWdT7_fORkSFCmDNIA9tcc7O7V_ea7AjLetv5bkS8--8xNdblCFZgBBY2_bb9CBAjpoBAiRRVl9MvAH4RPPrN4QkrY9gOD6GhrEjbkbVcqYpDLd-oflw-gWKPN9K4Q","token_type":"Bearer","expires_in":3600,"scope":"user-read-playback-state user-read-currently-playing user-top-read"}
Spotify response status: 200
Spotify song data: {"is_playing":false,"timestamp":1785523319742,"context":{"external_urls":{"spotify":"https://open.spotify.com/playlist/37i9dQZF1F5p3rmiWPIYgZ"},"href":"https://api.spotify.com/v1/playlists/37i9dQZF1F5...
Token response: {"access_token":"BQCzb0Dnyy_LoOEW3uAg4Z0MdpqTYWqVVV7DIojpI0WqNJq8Ajf77UIxGmim61AN6w24FLK7s8oyAp0FiVtCvCjLWr6P7aDXSLP4jyU-iGuM2obOJlXeEVDlpjuxhOLPIbE0ilFinJ3Y_vIdsKOLPFVOp2h_M_FbXMVLnGbJ2wtps24BrH1aCE0Ld9JOAe4rMHVlO2CR7_XVks2-FQdqyOHE1bjzlBNNPjrSVgGndB-c13pT7KTJeEHxMQYTo8QUgRDN2A","token_type":"Bearer","expires_in":3600,"scope":"user-read-playback-state user-read-currently-playing user-top-read"}
Spotify response status: 200
Spotify song data: {"is_playing":false,"timestamp":1785523319742,"context":{"external_urls":{"spotify":"https://open.spotify.com/playlist/37i9dQZF1F5p3rmiWPIYgZ"},"href":"https://api.spotify.com/v1/playlists/37i9dQZF1F5...
Token response: {"access_token":"BQBUMSG5BQjDhtMuq1SP6IJ_UKejWQYq07MWvcVv1SbI7yiFVoKDkUCYICu6tfE8-F6bBbxvfzoxPacA9nNoFexa8JsHeM-lTRJMTQ1ZFhrEMH8PSUKTklitfA0wESO10yUdwMSB1fZWLg2rY3xCjnQ5MPwbhQPggnd6vCMT351jv8EN5VRAhE1OCa_aZtoZhyyqYA4ECsyjrx6BLSVYh0mE6Ort109zSkK5suqiGgaotOg4aA6qwctkOx6yKNMMw3cSsw","token_type":"Bearer","expires_in":3600,"scope":"user-read-playback-state user-read-currently-playing user-top-read"}
Spotify response status: 200
Spotify song data: {"is_playing":false,"timestamp":1785523319742,"context":{"external_urls":{"spotify":"https://open.spotify.com/playlist/37i9dQZF1F5p3rmiWPIYgZ"},"href":"https://api.spotify.com/v1/playlists/37i9dQZF1F5...
Token response: {"access_token":"BQC2ly-D_lGCLNesZt0yLoJGWHnWp9USPDQWozWaeYS3yI--MbQzl8ZY0fSe0goZQ80ewfA7TPqWYtEXh5uuE-PbZHyNfw6yE3ivPsfLDn0-H7CGP4AcMQe0c997Hw5R83r-IkWTBHt7Np78qXrynZL8lHJfg55QRiNRQ8i1hVO0nmGoPSwSXGqTmQKZp04TrZx4p3uAJ4DXiJ4CguYD-T5xcCs42ZFQvjQmSDIeWq_bY54H9EcdhLzQN8UP5Iq25uXXCw","token_type":"Bearer","expires_in":3600,"scope":"user-read-playback-state user-read-currently-playing user-top-read"}
Spotify response status: 200
Spotify song data: {"is_playing":false,"timestamp":1785523319742,"context":{"external_urls":{"spotify":"https://open.spotify.com/playlist/37i9dQZF1F5p3rmiWPIYgZ"},"href":"https://api.spotify.com/v1/playlists/37i9dQZF1F5...
Token response: {"access_token":"BQDlRl_p2cWmbz0uuV-C-xvQu2aK7vnn-YMiK48W3mVUojVR29HE9ftU9vQpx-3t2Q_NNyuXyiH2ixz8BpY41aNk-vTF3brdk4EbaKOFRTMHcGXdg7AAVQshVLeSjKGyrPXIGxxiM6q2s7jl7ErEy77554AuNtS_MLx3NsAjail2k96BCpD5q3fQhE3040GIMom6pqwsv13-YxglKtiG8AAmF0758LThDNoStYla9PwKsxxUMzu_txVJF4jxo_JEEoFjxg","token_type":"Bearer","expires_in":3600,"scope":"user-read-playback-state user-read-currently-playing user-top-read"}
Spotify response status: 200
Spotify song data: {"is_playing":false,"timestamp":1785523319742,"context":{"external_urls":{"spotify":"https://open.spotify.com/playlist/37i9dQZF1F5p3rmiWPIYgZ"},"href":"https://api.spotify.com/v1/playlists/37i9dQZF1F5...
Token response: {"access_token":"BQBGQWd6re2ny4YjgBCsaoPBrfNeewmcCYz6t-3Hv3v2XCfbsRFCMmUQOceMmZissP0jQMFmg8eVzbY8-5AyeKKbSHolDqB4UGI07IYnCKzne8XK3lgCY_nJ7FcedtZf_-mqDMl28sSDa4QfJWS8pfu2DnFUIxQfUwgsT8_TkdY992QwKEFRNyX2WTwU_wt4z6JS4YMoKqDRq_fm3McIsnrIEW3D-k29BTG69IdHTmRCKGTlI9hvHQo0gnQaDTt-N_XDUg","token_type":"Bearer","expires_in":3600,"scope":"user-read-playback-state user-read-currently-playing user-top-read"}
Spotify response status: 200
Spotify song data: {"is_playing":false,"timestamp":1785523319742,"context":{"external_urls":{"spotify":"https://open.spotify.com/playlist/37i9dQZF1F5p3rmiWPIYgZ"},"href":"https://api.spotify.com/v1/playlists/37i9dQZF1F5...
Token response: {"access_token":"BQA1Jn-EfgrUBf5fgrFKyRlxoxlTmDkAINyZBsGyGCh-wcIbuuMm36IYtsdg4LtXhwajv-bsvWLE0tSGG80rwHaHIpWVQXGlbT9WKyCZs8bNGxAzndoOg4ETrpfPDExHL21yKba3Q3NGAfIT1KFTbdwGEe-EE4iNBRYeIZN5k2_13k_Hwia612EvrZRzorqdDWNKQThq6kJcUd6n_JWgXpnF2NNbeEeKjqsSwRA3vIk4d_OvhDI5Dc_P0dUp87An-oOEDw","token_type":"Bearer","expires_in":3600,"scope":"user-read-playback-state user-read-currently-playing user-top-read"}
Spotify response status: 200
Spotify song data: {"is_playing":false,"timestamp":1785523319742,"context":{"external_urls":{"spotify":"https://open.spotify.com/playlist/37i9dQZF1F5p3rmiWPIYgZ"},"href":"https://api.spotify.com/v1/playlists/37i9dQZF1F5...
Token response: {"access_token":"BQA7qiF1IsDpJyEZJBfUFKQHpHNQQPgAEmoiLm42D0usH3ebtK60YMgPaZlyPV9cDNoUDgBF8CQAxX1igKSIliuXLj4kul0wGY4spB9ZoVkVDeZV2yiC0lhhARS1dRKU21JgUnaGEPeTUmzCxl18qKML5g2JjbqJqIHptnMKYeQl87-hX3quR1u7c0T44At1KYArlMXfGdAOGD4bHEfuZxXwTxccCnJDrjz9hh5tLClYhtaJgLh2PSyAdmXlKYqe-vy2DQ","token_type":"Bearer","expires_in":3600,"scope":"user-read-playback-state user-read-currently-playing user-top-read"}
Spotify response status: 200
Spotify song data: {"is_playing":false,"timestamp":1785523319742,"context":{"external_urls":{"spotify":"https://open.spotify.com/playlist/37i9dQZF1F5p3rmiWPIYgZ"},"href":"https://api.spotify.com/v1/playlists/37i9dQZF1F5...
Token response: {"access_token":"BQAc-7O3WRapulBD_SlihqPjtzWO6Zfix_Ssy8EAO5ELc98t-INp1Yjjtioh8wyQQ8_LszkrQ3YeMUXi1-4ahvN1F7jcfooFRLZDiJWp38zk6vQlq8O7x6u9j92IJ-HL6Ce8cH_Woq8WEYaNQVDgilCNAS56hdolMB4ytRtdRBQBi39pJ8H9C7HZtabyyTi_toL_yOkfO9Tkg1W5Oc1Qd_Xylw-it-RCzGGB1Ej0HwqIZZTTuE4Dr2YyO26WFy7OuoPpkw","token_type":"Bearer","expires_in":3600,"scope":"user-read-playback-state user-read-currently-playing user-top-read"}
Spotify response status: 200
Spotify song data: {"is_playing":false,"timestamp":1785523319742,"context":{"external_urls":{"spotify":"https://open.spotify.com/playlist/37i9dQZF1F5p3rmiWPIYgZ"},"href":"https://api.spotify.com/v1/playlists/37i9dQZF1F5...
Token response: {"access_token":"BQBz3iMC_nH2zGExszouJWgPzLcjIrbqEQXBTr31HtZsfQ85j97a1qnGz3jJEYGnvrSoeb08k1tKSFzFt5kW6WGrQut82CF07zqyDSPIs6e55Xp51mN32SV155fY_3a7onVTlCdRxzUZPiANWibZsEVd-M9LhLNFed1JWFZZ5RqzNxEGj9It_nUu9NfHT5W3DKlxmhzB3EpVgjXEBHItY76FYJf79RxBr0EczWx4BSvY_eF3ZBvl5A2Po6b2EOeiSZ1YnA","token_type":"Bearer","expires_in":3600,"scope":"user-read-playback-state user-read-currently-playing user-top-read"}
Spotify response status: 200
Spotify song data: {"is_playing":false,"timestamp":1785523319742,"context":{"external_urls":{"spotify":"https://open.spotify.com/playlist/37i9dQZF1F5p3rmiWPIYgZ"},"href":"https://api.spotify.com/v1/playlists/37i9dQZF1F5...
Token response: {"access_token":"BQByNMYPtxexepryRJkYXa4g9xaoqd6MuJ0rTi-7H9f6uDPBD_ztxftS1EWH2QV9MfwpTI1M9w4SWwGh7VDYWWibg8LAe5RaHzkX62gTUEbvZFKUcms5pPV1rW-uYNPI2bbk6hbAxDgeQ7Cu9sklg7D803OVGnxPGZghBf4yrVUmyxg-FrxN76K-MNvV5f7147n8lR9yrGgu0Q0YgEgWObs4t2Ba1E-gyC1bJRBSbtiSRNNZ4jLGxr-fhzm2hsYTaj9WfQ","token_type":"Bearer","expires_in":3600,"scope":"user-read-playback-state user-read-currently-playing user-top-read"}
Spotify response status: 200
Spotify song data: {"is_playing":false,"timestamp":1785523319742,"context":{"external_urls":{"spotify":"https://open.spotify.com/playlist/37i9dQZF1F5p3rmiWPIYgZ"},"href":"https://api.spotify.com/v1/playlists/37i9dQZF1F5...
Token response: {"access_token":"BQDDQ-R_N9eyxR3tVf78iDIx5GuwLmQnXTFCamT1JX1s2-EPS1iMbUWywPdfdwja-R0n4pE4KH1g_gJtFVf8nYsJLCJdx_cerbWzaff0UxANamoKw7dBCGppDLcAGUUfiATnxDC_YL4T1cEKFVG_7TJGnGASZO965sB6lqBoEhr2MMQ-6TyyygidTNZBWYyU4w8rCXnCjqqdXUbTX7PZxc3eEuNdihmMNEKe5WY-zi0dUwJoimBN_vA9DiMHrfK6rxXMpg","token_type":"Bearer","expires_in":3600,"scope":"user-read-playback-state user-read-currently-playing user-top-read"}
Spotify response status: 200
Spotify song data: {"is_playing":false,"timestamp":1785523319742,"context":{"external_urls":{"spotify":"https://open.spotify.com/playlist/37i9dQZF1F5p3rmiWPIYgZ"},"href":"https://api.spotify.com/v1/playlists/37i9dQZF1F5...
Token response: {"access_token":"BQBcSmKK8Lz2kB1Z8IvV_PKT57fra4Khd5ISRS9P3pcyOvZ2lM5bnx7vdko-bNu3mWUIaAdxVu63y7BYxPeSBRFV62Ny44A3dASceP6Z3wvSHNtpbT3SV7OeLujcqr_cuEiCJe03ezMg8lL4kngAYoGQI8TSBosBo9J35eoz8rWFNmoZy7MQBs1ukDPZM2ZGl_J2axkYiA5xXWAmZwy4oNox4Y_v-x_5zNLJXjqSEbsHT91mF3V_Q222CZAgWUE287aXUA","token_type":"Bearer","expires_in":3600,"scope":"user-read-playback-state user-read-currently-playing user-top-read"}
Spotify response status: 200
Spotify song data: {"is_playing":false,"timestamp":1785523319742,"context":{"external_urls":{"spotify":"https://open.spotify.com/playlist/37i9dQZF1F5p3rmiWPIYgZ"},"href":"https://api.spotify.com/v1/playlists/37i9dQZF1F5...
Token response: {"access_token":"BQBQDtAsPPuTtz1c8TF5wCVBNBpgbXBkvxUiDKD4RKnbrMSknyafUG-1Bg3SJErptQ1_X23Gk1n3nA8qDEEFDfKJwpCaC14GqWSb6v_wp0QSOKLwKlxAWQsljF24g_RRoIKjjnt8_fPbDmmuLqi6Fz0sPxnJb_QbACTfl7ZWfrSa3KpX3gV4Du7X8PrmZu3TGyKinJpLD9nJgYAIlTym3rb6Q22RcygmtGogrIDqzH7LbYb1I3c2UVSE9np36dlXTGstvg","token_type":"Bearer","expires_in":3600,"scope":"user-read-playback-state user-read-currently-playing user-top-read"}
Spotify response status: 200
Spotify song data: {"is_playing":false,"timestamp":1785523319742,"context":{"external_urls":{"spotify":"https://open.spotify.com/playlist/37i9dQZF1F5p3rmiWPIYgZ"},"href":"https://api.spotify.com/v1/playlists/37i9dQZF1F5...
Token response: {"access_token":"BQBMpeqeJlRHyndYdhhW-gNFq6-cGBkpto5Kc9pLgZ3VnuEqXSBaim8oLwn3n4pglMW1h89l4_0j1B8sVe7qG7fZWTEdFAxbPmdUx9F2sg4hEPjnwkyr3OwHAflq3lur1GcXmqPgd8tOndG1a9JXQXNa72JHawBpbInQNYHw9_gCsfT8haJw02_7GmTjcdMDF8HNv25WbkOmhxsR4Su4mF31ppzJo3lr3oBzOu2AN98CTWSyVR_5a5mOK947alc0mKSu1Q","token_type":"Bearer","expires_in":3600,"scope":"user-read-playback-state user-read-currently-playing user-top-read"}
Spotify response status: 204
Token response: {"access_token":"BQBqgxk4gmq2WZc74D7_wQH0hrKxiYzP_BXftECW-IraPI0LW8TifcFI6jIxaOLBa2ChDsj_ktmP9uB-l7jmqx9N9mSEE16QTlAF7QAnnp7Wo0Y9w5Cr4Y-cQT8qebYbOKnLb-F_y1TggW4GpQbvdS8Z9QSMnS9ZlvNr0r9ADPyxd29MvY7_DDBc3TxJIRBHboRApTAgbkUUr0-cXdtBpFmIn9D2Wv1M2BVVG-gN3OnBMUnCLA2KR40YQFfejNdi2PvaVw","token_type":"Bearer","expires_in":3600,"scope":"user-read-playback-state user-read-currently-playing user-top-read"}
Spotify response status: 204
Token response: {"access_token":"BQDyWD1flUzrYEzRRF8lIUnW-oV9zEOvCkplygiFfzQpH3PCUXOtMpCv08Mu3z788o1yFnTcWXhtB7cmpVRrqELkSU0yWlT6ZytRkblc0qucbPP9qClYbjyFFanAKkz_sQ60m3Ns1gvkMy92MomZAynnsM-oTbHga_Wy-6KEfABVw_Msw8akrw78vGes0z1GPGcf6Pef2zXpVKLHCgyy4dzYP0kV1YMwgMtjeAi5jYdjzvu4MHQt4e_JCGBw9fuJRQNKtw","token_type":"Bearer","expires_in":3600,"scope":"user-read-playback-state user-read-currently-playing user-top-read"}
Spotify response status: 204
Token response: {"access_token":"BQBslFkMqzeZtxW7pDl0pUtBiB8kE0FhT4iJhUl7evFwEI8o96rt2btBcJ01uuEvJUMsxqZlFyJSTTzkyY8WhjhhvubDutn1XWHWcrPq1cQ5NDsR30xcwoCyePCuORPKwa60OeJjhRE46sR_hK90z4L_PFvPn3R4Mq2SV__RlWYkfV6SBxtDsas5xkl6pBaEyGv2jnRasiVLfHpzKFGJ8ppZLLqQvn-CVGM3VjQpJIhLbgjwxV2ilEY7hubWOsm-D2SkLQ","token_type":"Bearer","expires_in":3600,"scope":"user-read-playback-state user-read-currently-playing user-top-read"}
Spotify response status: 204
Token response: {"access_token":"BQC-4jCp7_feUP7kOXA1659ogga5Wrw55oXAI1UFwaLKv_cR8QvOIGBYzfo4g48J5hpq98lo-7lq82dEQOYQGtC6yuWtwYc1HrSoWAbQvztj0xWMJLMmO3rpywxE2uztMt9GNYQwifClvDp9q1mg5QuIpXtOj88Fdi-Busu7mfSTnNOzcNqYla-73T91N_TR2p39i90DI5VNZYyz_RN03LWfKvDl0oao23-07J22OKnO9bSVjRA7H5y3wwhTro9JsQGNPg","token_type":"Bearer","expires_in":3600,"scope":"user-read-playback-state user-read-currently-playing user-top-read"}
Spotify response status: 204
Token response: {"access_token":"BQAHcuSz3jZ4jbeU91t3QeNJyW1YW3vkUqRxiFNVfc0FKHtqJ69XUghltF5lEjycPfre8MbpjRrj_SPIKxyOM_HX_l1fxd_4p2EzUjfKYSgoqLG2iNqttxmg8TM2D9oYlzSzK1rhtdjDsgetJIPf2tVTbL8tXmQDIqLzHIl76HSMHBOiFOy8rzw9WmLz323xszDUqnw-Sc-EW25pzggx6BfQmPHL7OtXVo0kNPBBGWYpaTcmvLpzE3OqgK_JC_fR1Qrtwg","token_type":"Bearer","expires_in":3600,"scope":"user-read-playback-state user-read-currently-playing user-top-read"}
Spotify response status: 204
Token response: {"access_token":"BQD8OI3611Dv-XJNWLbs5saQWtF-FLbT604FAzcp2gkaG-awu2I91zKMtYMnZwWIyV-vHXm0Iayzyi8FO5QkZ4DRVDvLp8EMJ2xhzsEJUGHD7Z0AzEAdYSe0UlvgJqWc4UH-hLI20S7th8WctDTy5Z1pZhBVNPiiIW8BNmFCENVtwWKV1vLTDVX9DkeM5E0cog3RFAX72mTme4nJZCQtSOUEI8fmfYHrY_8RAOb9fTDD9S7lZg0cjeVaWGw10XfGjncNKQ","token_type":"Bearer","expires_in":3600,"scope":"user-read-playback-state user-read-currently-playing user-top-read"}
Spotify response status: 204
Token response: {"access_token":"BQAYSkn90bihefQPtgz07eI7-GKi2zDEVB58_q6cR_FTxMnDX1pBAl4r4-bc6DQwj4pVQYzgQigwibeGgh14sjEL1ZKqazHBXSXDd6iYZNm_eqAEVVtPA4RjoFdCKHvEmjcCyWgyRnmhR8pRACIlMHvCeq9dn-paAvDo0I37XT9SZN3CSwSU7iULp8R4F4NqNcjiGv_HnpkTOsH2V_ZUkZV1wYcQhLCrSUrCqvTtVYJFqxYOGWyX-1ztOT-6WQjo6B_-xg","token_type":"Bearer","expires_in":3600,"scope":"user-read-playback-state user-read-currently-playing user-top-read"}
Spotify response status: 204
Token response: {"access_token":"BQASaMhO2K7fqvxpDcVNzj5CMWs1Tzgu4rn61aB869ue8KmWEZwlTrzpktDg3dfL2-hlbDPp68ZEHg-m0V7nWR_KQNtesEEqnxDd8xpFPVE43nWD3bAeLzqiygUTibWPjQ3PXM0-yt13xWmxXQBfzvdTyuiYTbRdSQ5jijEgYL15wzBAilizlGkdcJ1XQfdkeWkQoVsvDomcdQs9-pv-JgJZ_HgNjgv5DA8Qwr2EUuuXu1tIBRHpdzLA9yrdRZOJNhRZzQ","token_type":"Bearer","expires_in":3600,"scope":"user-read-playback-state user-read-currently-playing user-top-read"}
Spotify response status: 204
Token response: {"access_token":"BQBoN5o6dG6jkVY1OV0ZN9vq2ib6HT57GIUGKAG3g7DGf9qBPD-qcwBC1olnoO7LqjdLpneNvfwM6marDiCNvs8KRFfiXwJHrCDNjPd0rVjBmFS5KtBUborYbjf-ImmFbIgkERWBW6Ix2h7FAa7jCxzAEMgT7PtQCAcNOdHNZU164xcR2slNioHP7G7XhY8wyPEMVHRLqLpPZm5FhBoXGzmmW67t2LdN81dbaqRNDev0oVhqPfEJNPlyvB2jOi2dVph5Sw","token_type":"Bearer","expires_in":3600,"scope":"user-read-playback-state user-read-currently-playing user-top-read"}
Spotify response status: 204
Token response: {"access_token":"BQCSC3OQx6LrdVwhdtn5Zjf1IVKjQiyrwhPJTKH2Kd3lpQcnAeNzwjuQaUJYFKXmUs6aPeGVaBcSbHL_M2dum7G0um3j-N9lBnrnVrgAA6Bkq30Jj-KcH9GWABnAaIeU03duz7TPUoeIwowTju4AG5U_JR0anW3gvBxzo4hHLZu86RbZYKB8s96KJj0ArmHfxMToosE5FBdvMhYPlP20hp_WYdefdVvBkz2u52NkPyizkye-vNhiIMcbjnGdcA_RL8gtEg","token_type":"Bearer","expires_in":3600,"scope":"user-read-playback-state user-read-currently-playing user-top-read"}
Spotify response status: 204
Token response: {"access_token":"BQAXxTcUy2QjjO0VKf7zTgSiyWTEhf-fPNn-PPOjJkhxB2rtpbqmoVZzYebc46lwmYQoNaNcFb8UfnYMoKLahU05H6Bdq1Gng6QQPg5J6qDEEimkyxuEV9uavNuL7dUJJHdeXv-yq9Xeq189S5wPit0HfdlaoNQbhFcrzkFj2aUDGuRJhDG0kn-U6SfqjOD3OkhxoDWRBohf4x5CltLRO0kWgjD6YtzEtj2T-5U7Av4Y2YWHzz-7V4VeswkXxZZBao430Q","token_type":"Bearer","expires_in":3600,"scope":"user-read-playback-state user-read-currently-playing user-top-read"}
Spotify response status: 204
Token response: {"access_token":"BQA9iQmIsvnT2qfWqUUkXgY5VhW7iJK-8cu1JSv3LzPFAMqDyxK719mkLyLacr5PWVvIO1bnsiA35WN0FJ7gtudny5jboCMXkIvIsX6nNE3Z9K4fVsYVgx55Lg631zAgfDI9cVo4NajTuROwJ-funB_qwSQFSm_pHg8dODyEDAoEFxvm5WihqgIxIR7L0UgQtu5BgHN7_74fFNo-R_gd7w3dgBjaXtBt-bqPwTldTKymBac2uF7D5S95xBu-KCDAL45qYA","token_type":"Bearer","expires_in":3600,"scope":"user-read-playback-state user-read-currently-playing user-top-read"}
Spotify response status: 204
Token response: {"access_token":"BQBfv9OO8Xhxg8KAKLnWbuGjsbGrIo-heP2sjMQSAQPXS96x08aerCPV2jqfCH49F5AbW-8JhyMYPTBuPNiHDbqvapOA834K5btJh5aObt6cE4d4ZhGdSovDlHYJG7FDSXqQhCtjwBR6wlLiqOwhuaauHtbhVtDQoOZCZSi2C6P-WB0R1rpb7Pxxu7weV5izIqcQrir7P9QYpMnfwo1SwrumUHq8xaN5IwbS91nDgtt1VrwLnxc3Gzr4R0yVoBzMoPUuAg","token_type":"Bearer","expires_in":3600,"scope":"user-read-playback-state user-read-currently-playing user-top-read"}
Spotify response status: 204
Token response: {"access_token":"BQAr1jCIXvYhEAMcxjwPGCJo0LeB2_1mTExqJ5UYYZs5lQ899fleSH8r0hlCwekm2ceFIKeb3easAfPz6mSmCYdhjzPotFJmG-cBS68PkTowUJAMF_Ec314aZUF9YHxVVqZoNs793T-DKDakJCk-D_D0xOdgK2TjTsCbKrYl3td2milKJl5bLsJFwlaEAvH5adUQFBM3OM_3_e7SDua3qAGE4vDKJj_7c_ArNwKCfqgWM_zRbzF2Af90GpanyJK3ex24mA","token_type":"Bearer","expires_in":3600,"scope":"user-read-playback-state user-read-currently-playing user-top-read"}
Spotify response status: 204
Token response: {"access_token":"BQAVWAbqQyagfM4y4cIlU2agC5dMjimNivO0NaBQ8zTAdd01J81ay_KGfjJRR8lU896Sx6NcuBkTTcvEGzHcsqR6kgOFHbhLdubYs5Q65C9IPwScbIAR1tZiCepxs7WPn_qARPPD5QQwtnUHYLlbCZtNc6hlxTXFsJsmpqUTrUU6yHWoTAXJ8veX4qxq8m-GVmKzv6VvmhW669MelBRP4BheBOjAYZhQj6tMMexdMhc8jZicYXyNrDfVs5kHtiv8qhBGSA","token_type":"Bearer","expires_in":3600,"scope":"user-read-playback-state user-read-currently-playing user-top-read"}
Spotify response status: 204
Token response: {"access_token":"BQBmRWD5kOOta6w7jiLQYzGrslW4S86Q16prL-WUyzl7HRCYHYCK28_1qdkxFBS7qbYawEn3VzvEXoR7v0rzMoz-abeJJEsXgQKoq94eIKroIgjD8rwl-OpIk2sbcs3oihIYoWx-VrFXq8cj-3QvlbCfDR9nXUo2enidViDtb3oFXwrRQhxObCHzzu9aMURmoINSUzp2JtD61n7vVYiAjojGq3UWHEtln32Ca4b9SEr0lJBB7ME1w8jAjQXUx-AG78W4YQ","token_type":"Bearer","expires_in":3600,"scope":"user-read-playback-state user-read-currently-playing user-top-read"}
Spotify response status: 204
Token response: {"access_token":"BQCzu8b3GBj4iloGMluonEw6LpUnNbNd6U--KNrL-hStdE-Nn4AuI7gadxO_N42FXoEqeXxkeENzzOVKJinwAdq0LSM9wmZfYqnS072ACVoZBSrv4WA0ibHxEisNpQiArcntxv85h5hRX1-U2HRwjdWk0B3Eh5P2fLIrlhv75jenJJySqqm8dgu5BXbEUe0Z5pqbtKiarWjxJgtJX-UzoKWSC36PO6QyH7oN0lvwIa1JZY0G54kxVk2dNDddZg34UnE02w","token_type":"Bearer","expires_in":3600,"scope":"user-read-playback-state user-read-currently-playing user-top-read"}
Spotify response status: 204
Token response: {"access_token":"BQBcsvvJNIkJmDrgRVqMSIVtyuK-F0wW6i_xIed_q6fcCmceQpoUobIj7hA3ISpHZS7eJlSdC_PPc9DnBFDIzzB1AZ3Rl8HFGTEWVye2dmevroAmhrdee4XVxC6ilJPXlQRUbOEC3w0uGrDftxVvEoHxIE1CjSD25kfzyz6lkrNvppSQbKAzEFvf_AZEz6oJxzzCNGnjqXK-EZJqmBL0q4ara4QWqWfvbBC78-xTsYM1BtHgYSJoAIK-WrJ7ukVt71j0vg","token_type":"Bearer","expires_in":3600,"scope":"user-read-playback-state user-read-currently-playing user-top-read"}
Spotify response status: 204
Token response: {"access_token":"BQARqDEbB40nFO5zjtLDoRcCmt_VIHUX69kcQlpG10KTslTU587dnqRPTwLKGVTiH1D7iGXsBLktzei824_9Lzi430q1iatfXtsP5G_3yG2O6S-e3aapSkLDXW7CehYGnPUa9avDHqY2qrRRySqS3NzOl6cwyHgOwEz4uqQIKuqt7lNTKi542fVUJa-Z8cMRNGNczAip2DEEiQ_SGF7_pzxEj66DBWuZ4-_btKnGwDZ5ikFodKPZAk8AO7XntjPTmPSNsQ","token_type":"Bearer","expires_in":3600,"scope":"user-read-playback-state user-read-currently-playing user-top-read"}
Spotify response status: 204
Token response: {"access_token":"BQDIw_j1e1n-Kt_j-vVLgRjIaca8dXGZHw8Ioj8yEZ2Q2sc6PdKnsvy9tksXcm_e96ULbIDozsU6wJO6q9nnMxpxj3RV6pky96QCDkj7L1Ck6QH9JjTR2YFJt-y-9yCrZKKtBAOOMOnlLYch2eMqfUdKrdogirO7oXw9mJaeXqoYAabo-zIHE8wy9w7tywOsahdm6-nRfXY3GnwWFtrFUlLGDusC-3uMnIJSAE_DFCeVnuBUMWHcBb5_OJvVQ1GTurJGNg","token_type":"Bearer","expires_in":3600,"scope":"user-read-playback-state user-read-currently-playing user-top-read"}
Spotify response status: 204
Token response: {"access_token":"BQAPfd9H-vkz2MduG4dnRSKfDeT2lCyc4kcWoBLkqx0Q9cxLMcvCyo8pFWV6A7kRjlqjF28iSlDKs7TwUAZBIJgTJwvgyWX7fRXwCA_Pu05OGf3kYIb-Ptm_C_4yhp7DmahYrNWBrorxmiwIzPTu44kTJI5l9j7mUdKy2xoPiioby2pI9LL8lom3xs2e4nwos8FbGZkrzAeRtxEMuF3cDoq0Q2XkFPK07FAAjH-zWBEoqt7Np5toRmFKzkZinwghF_NHUw","token_type":"Bearer","expires_in":3600,"scope":"user-read-playback-state user-read-currently-playing user-top-read"}
Spotify response status: 204
Token response: {"access_token":"BQD1pDqhqUYRkuDySbhYNIGvtVmokdl2fQdmOGj2iC_LkHt5ttYRXbh0HYhUlL0OpOPb0Lk7h148AT-1ypGez2ETd9AH_ZX1FHF-AJQF9Vy-jgiDV50FnHNhdFrPvXVHrDkQVchGehfPX517Z-P9oS8udE3nn69I-K7_nOxetblqpjhGh4eD8vc8wcHGBCafdHV6FvNOhQyqXbazHdt4k7eWNtbQK4a-YZDBTSz3qd4hRfQl9ZmB2VBuYKYHA5VoTZueJA","token_type":"Bearer","expires_in":3600,"scope":"user-read-playback-state user-read-currently-playing user-top-read"}
Spotify response status: 204
Token response: {"access_token":"BQClAK56fy-mYliZ4ZPSW7kPCvZnopzsEL7meJPFtWt_tALp5iBK2Jo5jzLVEqhRK7-tBi0wi5Bq1opcTtIjI9NrVnF2NgHMESUY8CDKQ0NkctIrXLqDafHdHeFPartnV8B9mEFf8MIbov3-YNmUhaz8aiHWDue2PIibj7PXjLiU_glV3a4yIPFlzBmCP-CKxcayBl9vvEQ9gIl91x35Lk97o-bFt1hE508FsrMULi6Ka-sSRDXnpWOSvLPl74Lv4R0uXg","token_type":"Bearer","expires_in":3600,"scope":"user-read-playback-state user-read-currently-playing user-top-read"}
Spotify response status: 204
Token response: {"access_token":"BQC9gh_n7nSVwkcEfuzm_fBSlodRaw7rCFquBWBHSxJPeXj7jQDUrFXcTBQ1IiSZruxube1KCEt4c0XqPVZX0VDzYNhjSg-nJUc4k2lbZrqgn1Lt5Da5Bv3Tow62-4zf0edHQoQXKQfC6ihcBGQWCVF5_yWprGqejiVdYd-PjaVKsj73QULhXf2QHBJJhiWP5IYcU8duY3djo7yQZ8a0CWNqHzQzL6mc3GePGICoA7ztSSfoWc-j_W1G4WWdtSnJ9PkhKw","token_type":"Bearer","expires_in":3600,"scope":"user-read-playback-state user-read-currently-playing user-top-read"}
Spotify response status: 204
Token response: {"access_token":"BQBQopSUDeaPQoF4SS8Qu5z0piqZqnRPzbTh7mDEtib9mD-kaNlrWAU7muON_n-LFFMUrDMVPxpUET-AgtAb63Cub01HQ6St-VzOSmESjq25_sK7YH3j9JYQfKpAkko7tC_KNYKIdJQmCOwRZMlSYGYSLIESJa3TQbK90nMsOMvI0AlZbhw4Hu5sJrvPooFinD3PaDoa2nUAzg-xw98HRUuCfzdGCgfYFeMOqywt0th__Lg1WmJ335EuS3A6eo_muBKmKw","token_type":"Bearer","expires_in":3600,"scope":"user-read-playback-state user-read-currently-playing user-top-read"}
Spotify response status: 204
Token response: {"access_token":"BQA2QmvfF08XTd5vU7ZYcQ8EWr0g9YtAegksFdQfOqwyZc8aNOJHt-i8b5lQK92PoCDKPoAZQ0lnmWdf0tsFoj26Lgi98SyeTJdw3YQCrG88Jg8nM6nHM3Rq7Ne8hMJwCJCSk0eiTByGVhrQwewgy_OIiIL-YA3dvPOHtl--lGadLXUa3xF35Ewq7cyKgyKeJTaMm9F0ESNiMMFZkaeJaka7ZQtc-A0Vezl_RhviciuD5jesyJK2Qd51NtlfIHasZbDBrQ","token_type":"Bearer","expires_in":3600,"scope":"user-read-playback-state user-read-currently-playing user-top-read"}
Spotify response status: 204
Token response: {"access_token":"BQAMC6ltNRQilw68TLfjzTryuZcf_7mBwo9sBT7uD_6w0J2BWO_Zqn9cshRrd3UvwL9uhTqjxG93UYS3NaSY8amnKz7BA-KhmXrVuqjQ0Orvwqknq0oUuw-aQCxAQnR4V7scZQASt3oAHvhU3z0WCs5qMCtiCkAtk_x5g_OL0TyDC-m-Pn8CIEQAWOTkhI49jSkwB63BIvwPal1l6D1_12njQ7wzi6BIMivy3o_NsCqVUZxB4c3_LKDJzlJMHv1Py6Hhvg","token_type":"Bearer","expires_in":3600,"scope":"user-read-playback-state user-read-currently-playing user-top-read"}
Spotify response status: 204
Token response: {"access_token":"BQC61xLC4MgMEqX-G3MXVV32xyXklBq5Yj2AzCXVT0SnK-GR9Go_wEnIo4MBKr9RMDLkDLXOhztFh2dk2gjf6kPpCSPTycn1EPjvCPZv6JKoGkyHWH2sZg7lDc_nHyyLQdx9GhNJf9276sOOClkPMcUIIGFIM4Ri7GtYSOEVWvrs8iif8qii2XrTScaLPKWm4v_adSQS2K5Hr1UZOBCxsJW6IAgbgi_iuIihr0KKBJAuPJpyj5RAlg3Hk2J51HHElKc_rQ","token_type":"Bearer","expires_in":3600,"scope":"user-read-playback-state user-read-currently-playing user-top-read"}
Spotify response status: 204
Token response: {"access_token":"BQASSER1pzOhW-Ge91mqZ3qRDqtbYmYcMwN04Z6Rr1NagP84bPKQLk5TU34mSe_hA8f2vEsCrparhkMDRJTtbS3f20qAA-LC0jDPOY-_paWCPHSkrGMBWXZotJi--3HM7wwshmVWDS_wR7TNLt5tDDOXGH2zODfyXN_zf72uT3cABLJLC4LUKVPvP6AF31tM813Vs3ucJtS0drzZQUxkElEORpm_kFwajWaclt9EMV7TYIRMuhx1lgbC4BG-gyDHiyJE1A","token_type":"Bearer","expires_in":3600,"scope":"user-read-playback-state user-read-currently-playing user-top-read"}
Spotify response status: 204
Token response: {"access_token":"BQCwjIXGisgbzSHUQjcryJcTHxVsJYIuJsqbaKrmuRzCy0ajpDJFAbuDFI1CJAh9ANUGGVNEbC5BXx2i8up53xEMPHAZXtL1MPkFbG7UFvqgwHW4W63snD1D8y3DnkyJDcKSljVrrtQfxmyqLjJ04dXBHHbTlrSKRh5HvE2kQ7iWp5C2UrjrelFyUTmJi6bcF30SXZphty6kYRwZLaMl4JvYc7tUSiC8HRmaF8T4znaq4zj4PL83VICeAByKLDKfBJacTQ","token_type":"Bearer","expires_in":3600,"scope":"user-read-playback-state user-read-currently-playing user-top-read"}
Spotify response status: 200
Spotify song data: {"is_playing":true,"timestamp":1785524068462,"context":{"external_urls":{"spotify":"https://open.spotify.com/playlist/37i9dQZF1F5p3rmiWPIYgZ"},"href":"https://api.spotify.com/v1/playlists/37i9dQZF1F5p...
Token response: {"access_token":"BQDpsnZSMuP3fkwg7vGFKe_a0zm0gsYhmvHw0sgA2SzZ6ziwpiSKbTSydLuu8JDtSwDcWd14ysQaRCIrs1nE3WCRE1B2JVYv9N6mMEHyT87wtzc3INA-Z9GvJZhTurgpvuB0bpRME-IzLXruJzeJ6HNn_HiwNEZvkWNeZIGObjQN0KDWVl9zLzGK8_1eANJ7VjtY_oOzLD_dS82GQ-ftc6O1_uXwKonknNzonE7CgAi4cB7Va96mvdbSPO5RdbYzGpQnsA","token_type":"Bearer","expires_in":3600,"scope":"user-read-playback-state user-read-currently-playing user-top-read"}
Spotify response status: 200
Spotify song data: {"is_playing":true,"timestamp":1785524068462,"context":{"external_urls":{"spotify":"https://open.spotify.com/playlist/37i9dQZF1F5p3rmiWPIYgZ"},"href":"https://api.spotify.com/v1/playlists/37i9dQZF1F5p...
Token response: {"access_token":"BQCwHSg2B-Yo5Pe4coWxB6fg03g7Uc8OF2Fffej5URMM7d8bSq1QuTcmekkWJwmEXiwm-ptmmGgVTLJ7Y_1hIbkC0LDSJ4h8vES-zEyIFluowyQn8MQhkvI5dmPYC9Tx-KHUiJ72pNpFhGQLaF6v9c_m_UlS2Ub9Plx1k0pohVXSCR6NK1PVT6woo-OU6QWKh4XaCOZjJI8A3K2C3xS4dxdIuccNISZWS5msLQ6ZfjxDAf7sOZ-Mv3p8nqwJTfyjjRT-lg","token_type":"Bearer","expires_in":3600,"scope":"user-read-playback-state user-read-currently-playing user-top-read"}
Spotify response status: 200
Spotify song data: {"is_playing":true,"timestamp":1785524068462,"context":{"external_urls":{"spotify":"https://open.spotify.com/playlist/37i9dQZF1F5p3rmiWPIYgZ"},"href":"https://api.spotify.com/v1/playlists/37i9dQZF1F5p...
Token response: {"access_token":"BQCg24bOCmA7r3M3kRBb6wWEY8Lf1UUpor4d9amocNqrPo7QvAtN99Xfj59ULvm1xErWAkhTfk4K-BVSFVOwnYZ5k4nLmvAy-mamvgLBP50OkMtj1gy49lH1Fjzo1G_NdiYNrB-hg_MbjokYA8WYo65lKy2XoPaEwgc8Tt7XdIfdhWRLMP2sz4-kmwNFDXbKKmnOrK3WiLabXcHb0MCO1FlIH2fMdTxc59Y6JKIZZHnu-AyzKm5j2tSE2kxSL0WKfjsvxA","token_type":"Bearer","expires_in":3600,"scope":"user-read-playback-state user-read-currently-playing user-top-read"}
Spotify response status: 200
Spotify song data: {"is_playing":true,"timestamp":1785524068462,"context":{"external_urls":{"spotify":"https://open.spotify.com/playlist/37i9dQZF1F5p3rmiWPIYgZ"},"href":"https://api.spotify.com/v1/playlists/37i9dQZF1F5p...
Token response: {"access_token":"BQCLiuqX24ZqMy-sx31YXcxW_KXZNgDl6mv2-nXJsu01XnLPOEvPAW-ITMZf1CVH6Ol9uEFC-9gVHJjHoosjZsF_umm15lAq0kfpU9JxgyuXQpXbF16mdx9n2Nw3nMtmtkNUWs-aos9_Fr9FLzJ24yu85EgRXxgEizTS5j3h7x2hsRL4_If_Ur7RTGeQzyWVuy4q428vbmD9MSXM0lYa3sZ9fpcFvGNeucvYcwJKksQ189X91kjc6Wmbr4E9aKWYcUxUAg","token_type":"Bearer","expires_in":3600,"scope":"user-read-playback-state user-read-currently-playing user-top-read"}
Spotify response status: 200
Spotify song data: {"is_playing":true,"timestamp":1785524068462,"context":{"external_urls":{"spotify":"https://open.spotify.com/playlist/37i9dQZF1F5p3rmiWPIYgZ"},"href":"https://api.spotify.com/v1/playlists/37i9dQZF1F5p...
Token response: {"access_token":"BQCmvywt6akEHEuJtz4IxI8RlDD1-vqe1cBcC9KWEV77FU3uNTDQDI1p7zJYdKI2s-vgxAliHOwtZGhl15A8LoJHQtzBc2OJjmSLz4Bgr28OYmhYLpu1iXu1hA4cdyjOh-7JfQmQepO1xV2zaCowUXLhZyCTp23UIl1yVd-mDBta9qmgm9Skqwcef-kn0fT6Nl9VfJgUktxE05uuBCQX2eqfZv1s_1dddcPBrXtiPwHJzvCohKLgYJ9YD4E7cyLOS5u4Ig","token_type":"Bearer","expires_in":3600,"scope":"user-read-playback-state user-read-currently-playing user-top-read"}
Spotify response status: 200
Spotify song data: {"is_playing":true,"timestamp":1785524068462,"context":{"external_urls":{"spotify":"https://open.spotify.com/playlist/37i9dQZF1F5p3rmiWPIYgZ"},"href":"https://api.spotify.com/v1/playlists/37i9dQZF1F5p...
Token response: {"access_token":"BQB6sSlZxxgVe80jdEVUalmGbSqN-CGZnn_90duAYNhJMiMWF0jaNMDMJVZKcmi0TMfM8pLyaGNAReuqX_IzEkDlodFGOAuqPzbgVne-jJyOsJM5y7xWCdhf2AdqI4Q-wfV6rIFuTTj0Y3Y3zCD7ixsdSusI0vOmeHU_ufu-tdiiKDiwyzvL2hk98d4b59bZKOwJxaeR4DXA1e8knXrnU42Wz2E2Q3WAL4qeaYQzbZ0twlj5vBRQcukK59ehWzH8QpbuIQ","token_type":"Bearer","expires_in":3600,"scope":"user-read-playback-state user-read-currently-playing user-top-read"}
Spotify response status: 200
Spotify song data: {"is_playing":true,"timestamp":1785524068462,"context":{"external_urls":{"spotify":"https://open.spotify.com/playlist/37i9dQZF1F5p3rmiWPIYgZ"},"href":"https://api.spotify.com/v1/playlists/37i9dQZF1F5p...
Token response: {"access_token":"BQAwiJ_EtNfik5_WWsdOxFsI95gfO9CT0fLCB1NpElawBg48DC12itfdODeT9rqcnkbG1RLYHn6Ru2frmoPTszSS6KUMSqLLOdKdHKCRt61Z3i8VvUipE0lPWG09AQM2ujEmLExtlQnuqkXzIp9UadUskTclf8f7S4Vf4DUDqY5q08AtzImPWYt8hzgbNmvb5bx0_bj2oxhM3_HU8tmDKtQOZnHggimbNOMNW4QdtIWJfnmUihcxibnMO84dI9Fpc7llxA","token_type":"Bearer","expires_in":3600,"scope":"user-read-playback-state user-read-currently-playing user-top-read"}
Spotify response status: 200
Spotify song data: {"is_playing":true,"timestamp":1785524068462,"context":{"external_urls":{"spotify":"https://open.spotify.com/playlist/37i9dQZF1F5p3rmiWPIYgZ"},"href":"https://api.spotify.com/v1/playlists/37i9dQZF1F5p...
Token response: {"access_token":"BQCaSN237rsNVTJ2XCWcskB6eazQDHgvX5HpTv7F-jpANUediHFEQn_Is3r4MPSHcCwi1bgeeA3bacZwFYSqE9JpshiPe78vhxXVoyrDs_WTUGYYO5jdDfsuLisd3s5kCrGjFgLrk0D54H58OAL-AVesE_24hnkLMjrPz-NmhVZZXJYu1vNxCdHQt_VvXHjBAe_M58Aw3r9MyPTMH3awCl7o9lE6_j0IcEa7WNVyHE-dd6mpm_yF3C_bdLjsBXp26v0JTg","token_type":"Bearer","expires_in":3600,"scope":"user-read-playback-state user-read-currently-playing user-top-read"}
Spotify response status: 200
Spotify song data: {"is_playing":true,"timestamp":1785524068462,"context":{"external_urls":{"spotify":"https://open.spotify.com/playlist/37i9dQZF1F5p3rmiWPIYgZ"},"href":"https://api.spotify.com/v1/playlists/37i9dQZF1F5p...
Token response: {"access_token":"BQC0TIFxFoRUqRSUYdCbnjk4fLImInp3BIgbG7DsorBrvM6Q_aG64xJvLgMTKMQkVatrNuhOmdWmeEKST4XFPnkpOZpbwRdo-XxbpQ63mkF014hb3LAv0llCZGE5CHGWQBDjNBpuwSGwCnRB-rLijwgiR33F8WOs7MjcckNZk2TxO0NGhxiXa8zxgVD-pothcY5Vpxde0TvehJz-MAf84dKcWMi5qqsIHZ0jZeD1PpsPhQvJJQT2tCkGZHfu8aKro77A6A","token_type":"Bearer","expires_in":3600,"scope":"user-read-playback-state user-read-currently-playing user-top-read"}
Spotify response status: 200
Spotify song data: {"is_playing":true,"timestamp":1785524068462,"context":{"external_urls":{"spotify":"https://open.spotify.com/playlist/37i9dQZF1F5p3rmiWPIYgZ"},"href":"https://api.spotify.com/v1/playlists/37i9dQZF1F5p...
Token response: {"access_token":"BQDORu_1KBvL78thdNzEBRi_HhDeWMN7PpMhC3d491jKzwCR-F_s3K25MapS7dJJ5tBcMTn-hM-zJ2uVIkiGkMeNtxqQmT9NJnnewKdXjZm2S9Jzu4uWeBSBZ8_MoSCIdFIlxuT4N8N7Sfo3lZQ7atq1nlq6UShU346CY1wJG4MFmz0fVUT1eingTIwcD_VzDtb6y_FvAmPSeYU9Lm9LwnI0szL2uYBdp4E26yxc-aXE7cgBhLADOQbDPX2KWrYxfsLWkg","token_type":"Bearer","expires_in":3600,"scope":"user-read-playback-state user-read-currently-playing user-top-read"}
Spotify response status: 200
Spotify song data: {"is_playing":true,"timestamp":1785524117575,"context":{"external_urls":{"spotify":"https://open.spotify.com/playlist/37i9dQZF1F5p3rmiWPIYgZ"},"href":"https://api.spotify.com/v1/playlists/37i9dQZF1F5p...
Token response: {"access_token":"BQAq4Hz2CVNSiugYLkCx0hrI2Kot-hDm2K2uixje76dPHGAUFcAknV9cl5yCX73eiAmfMl0UQAYrhVWM9RU7ifJRaDhZexpTyFOIP7ywiSkuhIWMcLC0LofoxBkvAbfS76eepbVFcQ9TjyfXHkrz0Vv1_cdaRRO51sBBlG8zzBaHlSMRPOov_s9afloyL6bwVy6nEOotd7I9GdlOF4whbKLmAaP2jFYJVZRfQFW9j-BSeaPuHEV77cSW5tHL1IhawETRbA","token_type":"Bearer","expires_in":3600,"scope":"user-read-playback-state user-read-currently-playing user-top-read"}
Spotify response status: 200
Spotify song data: {"is_playing":true,"timestamp":1785524117575,"context":{"external_urls":{"spotify":"https://open.spotify.com/playlist/37i9dQZF1F5p3rmiWPIYgZ"},"href":"https://api.spotify.com/v1/playlists/37i9dQZF1F5p...
Token response: {"access_token":"BQBH--RX2T5Lb4XZw9NStjj2gpDtRVEFUCt6SbQTnO9Xky6sxqD8yXmi6bXqGHtn9yXGWm3E18745czsl3NP4vFJZUJmfqb7YECOcuFpqATVGEDoMW0BSXHlEVq3DosdNhW2Ya211_vkg7JRE3E1owDpH2xwscW_2JMQa-Ynhun49z4Yod8zCIb_5aXziqs3d8gNTp1v9Sbjyo3Jf0ujfCvlWxz9ct6hl0crY3sWmaRViZnnCe4KE1Ga1S29RS1ZsaCvCA","token_type":"Bearer","expires_in":3600,"scope":"user-read-playback-state user-read-currently-playing user-top-read"}
Spotify response status: 200
Spotify song data: {"is_playing":true,"timestamp":1785524117575,"context":{"external_urls":{"spotify":"https://open.spotify.com/playlist/37i9dQZF1F5p3rmiWPIYgZ"},"href":"https://api.spotify.com/v1/playlists/37i9dQZF1F5p...
Error fetching Spotify now playing: TypeError: fetch failed
Token response: {"access_token":"BQBARhBNije0d0HIzkX8Rb2tvYbJPv-SSYRajZD_zeP2WUbgDHtpnQ49ga5JnpcuDdsnCr8dPgYTzilWm0p1hjmuhomLOBgDRnqV6X6z_L7znY4L9U10cFgi9w6HhWcwRpMe7guRIsn9iFTRdpCS8ex55hI7DMohdj8aja69JYZtN8jNCr_AKaBAByMjsmu9mfknxnSgnh5j3bGB3l5fzKfUiVGrXDEhYjIPgwE73sgVNV03wk2NmKJ2WOQ_DkKk-j3xJA","token_type":"Bearer","expires_in":3600,"scope":"user-read-playback-state user-read-currently-playing user-top-read"}
Spotify response status: 200
Spotify song data: {"is_playing":false,"timestamp":1785524137869,"context":{"external_urls":{"spotify":"https://open.spotify.com/playlist/37i9dQZF1F5p3rmiWPIYgZ"},"href":"https://api.spotify.com/v1/playlists/37i9dQZF1F5...
Token response: {"access_token":"BQAFN3YUIGSWrUr-7kW1aWYCoN1COfZmpuODSUihXrBqnQPh0Iufc9pj5ZM8i1Rh9YPqWXcubU2Npw8StTajb8D7s0R4X7TnTmmCR1aJ_bX0JUMJuuu3k25dIoyflpLsPsFTUAOJG_7Pr7Rp_3ipDBOV1Yftn5Z4c_NtPSTvuGDGruy7bgusQ9TlnB7QISfL4F_q0p3Nc2i2Jffok1fJC273pQpgOuQy7_Dm7JlqgNxt75fRL_URwvYuNhXvKRBRSL_CLQ","token_type":"Bearer","expires_in":3600,"scope":"user-read-playback-state user-read-currently-playing user-top-read"}
Spotify response status: 200
Spotify song data: {"is_playing":false,"timestamp":1785524137869,"context":{"external_urls":{"spotify":"https://open.spotify.com/playlist/37i9dQZF1F5p3rmiWPIYgZ"},"href":"https://api.spotify.com/v1/playlists/37i9dQZF1F5...
Token response: {"access_token":"BQDg87Bnvtt_zizyodbzOy9oNLuX74oYjB-KOiqAyknzQw4rEHBBnE60gcA6RxrXd4AQkVkjPA9OgB3qerS646mQx3M_oPao_mf4WSGkSgIdYUFmGgWLckR-oORG20pdktvq0qpVCqv9gT2oh5LoO9B9wZYdP4BKvHjLTMlx2KtwosV13fqQklmP3wOoWwaVrzZEVmXLzoMl7d6mBrQC30Bh3m_4S2PGZa8FDrmonGdk60W8aAXf_sH1lGG3-37XjdxdUA","token_type":"Bearer","expires_in":3600,"scope":"user-read-playback-state user-read-currently-playing user-top-read"}
Spotify response status: 200
Spotify song data: {"is_playing":false,"timestamp":1785524137869,"context":{"external_urls":{"spotify":"https://open.spotify.com/playlist/37i9dQZF1F5p3rmiWPIYgZ"},"href":"https://api.spotify.com/v1/playlists/37i9dQZF1F5...
Token response: {"access_token":"BQBUHXMjW-wt6LV5jCTma14lxml0-VaAAlxPX17_vbfCZs7kAJv1475s1d4Rnw1JE5YNkCD_VBdpvIceXVTE-Bo3LwMTyAURkneZaifR1GHkVEYPGGzr92gB-vmLCgHzK7TsYfUxJwFhFhldx4gBiTlJLez6ILzXgLqspn2oljJ5lzIo3bZFBRY3cQ5C92jvc4VwyEcl8_LinsRb7pWxo7Sdw-GTFlSpHz21lnjHTcp-QRXMbnEfLHRmN6KUi2CJ3j4yGw","token_type":"Bearer","expires_in":3600,"scope":"user-read-playback-state user-read-currently-playing user-top-read"}
Spotify response status: 200
Spotify song data: {"is_playing":false,"timestamp":1785524137869,"context":{"external_urls":{"spotify":"https://open.spotify.com/playlist/37i9dQZF1F5p3rmiWPIYgZ"},"href":"https://api.spotify.com/v1/playlists/37i9dQZF1F5...
Token response: {"access_token":"BQBFDz1lS1qfDvWS1Y0beMMwJWhul4iVKP7szvCQIRPSDyqDtgFXkhWsdrMXM69bNSjnt_G-TXKFJ8d9xF7d6T_qjGpSb2GajvlzLyNQPCXLwaSwjSFemsvQsZseJdTLfrrOc_jgeEc76HfBm9YYUJY6jCk4cy5SkQ3BaCe9BKJbm6Ap1DG_EHNWEiS1zgWjfopsnCXnInpeqL9t6OnirWkE40ZW57X8f14WzCYng_4gWB9lsahwyuVxmL52daBssU6N9A","token_type":"Bearer","expires_in":3600,"scope":"user-read-playback-state user-read-currently-playing user-top-read"}
Spotify response status: 200
Spotify song data: {"is_playing":false,"timestamp":1785524137869,"context":{"external_urls":{"spotify":"https://open.spotify.com/playlist/37i9dQZF1F5p3rmiWPIYgZ"},"href":"https://api.spotify.com/v1/playlists/37i9dQZF1F5...
Token response: {"access_token":"BQCxl4UJIF3dpYvKhefzWg478NdIxI_bR1qVUtJXGOdjGaTGei25aob-NFegCDe0PeglvwXlqE4lcUqjXBJjpjjYQdaNUdbwbE4M0oSM2fVQHmZLVZy7-l7a80gHKbeoezI-1I4itgEama2hrvJX1L6YFIN_t6LtwsE3e4OW7FquHD-eGcuHX47u7dNVruRyU0NKtHvN2nzVWnXJQMXib5VLypS595N__8UQM2LdfkF2Q3wqPT26xubsU9FuDHTmcN1NAw","token_type":"Bearer","expires_in":3600,"scope":"user-read-playback-state user-read-currently-playing user-top-read"}
Spotify response status: 200
Spotify song data: {"is_playing":false,"timestamp":1785524137869,"context":{"external_urls":{"spotify":"https://open.spotify.com/playlist/37i9dQZF1F5p3rmiWPIYgZ"},"href":"https://api.spotify.com/v1/playlists/37i9dQZF1F5...
Token response: {"access_token":"BQD2ZXIZrb20Bf28Okv-4fUEznDIkKb9K_YuCNX0RTOcEesTAdK_Aq09KLUE2yFR9UsA5OfXcpsH9qZT99QtftTxgTFPi1RAXVNMSv8aQn_GvOAsL8UGfEiMV20xDZpWqF62MMAd4M6d_bGZrBApl0Qu2LjiB4KwJbiCKSBvbQY87fknw_Lad8RBxgtGtemB1NIiLsO8kdcWYFrN4-owOxl-sXciNozT4WBCV71Pu6WPbxjEV4vNlx-W-a3nEK-RBgH2Hw","token_type":"Bearer","expires_in":3600,"scope":"user-read-playback-state user-read-currently-playing user-top-read"}
Spotify response status: 200
Spotify song data: {"is_playing":false,"timestamp":1785524137869,"context":{"external_urls":{"spotify":"https://open.spotify.com/playlist/37i9dQZF1F5p3rmiWPIYgZ"},"href":"https://api.spotify.com/v1/playlists/37i9dQZF1F5...
Token response: {"access_token":"BQCnOa7TJbqYKxoUt_leryyfUCRcWwABXop_os53oTjLQ4rcGy3yGUE5zW2CVz9wErHHTp8I6m9zJeILO779hL6XdYhhb_WtYFxAgV-XoGjPWwa0V_fT4VtY6bV9GQKqg9kAIwsFiHGEQ7wadxBzqczTJls6C8loR8G1P0UzGgAfQUFsXdf1UFkkvsWyiMXNPmN28b_ap66b63r1cGxZNMelVquST6hfCQuO0SZxPu13rUJqjDygKDzyophSCc7_DYnjWQ","token_type":"Bearer","expires_in":3600,"scope":"user-read-playback-state user-read-currently-playing user-top-read"}
Spotify response status: 200
Spotify song data: {"is_playing":false,"timestamp":1785524137869,"context":{"external_urls":{"spotify":"https://open.spotify.com/playlist/37i9dQZF1F5p3rmiWPIYgZ"},"href":"https://api.spotify.com/v1/playlists/37i9dQZF1F5...
Token response: {"access_token":"BQDbwoJBn0Tzq8MBNar-l7o-yVlk_F4HYRfkbf6bUOZb9zcPTpXgl0NUD0wUDOYawEKMReGJgJDYq5mzuDXu-_Fz9hC91kbw7dLtCLqMt65Bk8cBSqcUELOYhVBpM4VQRg78013x32k7dgB_9rtfFd5qYqf-hlzeFPgulvtw3QynhzjDupetZh-Sz4RO-RSavd6iPckeYrxE46Mh1sidsbFfpX79OkEWmqMFMy_6Y0IMhOXgtPnKAqFK6pbo6WoK5gcxZQ","token_type":"Bearer","expires_in":3600,"scope":"user-read-playback-state user-read-currently-playing user-top-read"}
Spotify response status: 200
Spotify song data: {"is_playing":false,"timestamp":1785524137869,"context":{"external_urls":{"spotify":"https://open.spotify.com/playlist/37i9dQZF1F5p3rmiWPIYgZ"},"href":"https://api.spotify.com/v1/playlists/37i9dQZF1F5...
Error fetching Spotify now playing: TypeError: fetch failed
Token response: {"access_token":"BQA9RD43J9d4u2vu3OBduFXrYBzKFQGUyMr7ZnhoHqIOuY3k1lrPyy6PJTVUPYUGAE3rcVa_51b0ysHpk9vY7AiYUOd93d6gfM0gpAWtT6SD6pCgBprGAsDuUeDYDH4QkfKJoftIqBEaPp4oj1uC8ppKBdCbOV-GxqqK24rbjtCVq_Jkaxma_rIILne3_r58YvT79Gs3jj14ODiOEtyBics0ZYvoK0cbPhD-6u6_MDB0NfH6NTV6FYCAH6u7N_e5LpqWJw","token_type":"Bearer","expires_in":3600,"scope":"user-read-playback-state user-read-currently-playing user-top-read"}
Spotify response status: 200
Spotify song data: {"is_playing":false,"timestamp":1785524137869,"context":{"external_urls":{"spotify":"https://open.spotify.com/playlist/37i9dQZF1F5p3rmiWPIYgZ"},"href":"https://api.spotify.com/v1/playlists/37i9dQZF1F5...
Token response: {"access_token":"BQB4d_uJ0HxJfYj4h3HUQ7VkB8TbEIOofzWgJw10fW4_20bdlXOnNKBx5DIOJcgflneEX6Vdf61qkqMjwbgZW8K46Oyd4qC8UDN_79NSaT0jM4M2IIbn0X7PEZjwRoowic5oJqqMbKlge0d8PtaxX0AH3Bb-uEMFncNwkCST4C30t7Y9r4uvLofrjLNAZTfAKLZDI64NTGg5cma5bPTf2xRR7lwWkkbYweVSLAosMAsXAufNbEeMfBmDr7sriOX-ahaDHw","token_type":"Bearer","expires_in":3600,"scope":"user-read-playback-state user-read-currently-playing user-top-read"}
Spotify response status: 200
Spotify song data: {"is_playing":false,"timestamp":1785524137869,"context":{"external_urls":{"spotify":"https://open.spotify.com/playlist/37i9dQZF1F5p3rmiWPIYgZ"},"href":"https://api.spotify.com/v1/playlists/37i9dQZF1F5...
Token response: {"access_token":"BQDJPWnl75UI12TH8I5p0pbElYF81Zd-iQINhzj2H0Rws--nQWe3k8XKtxhJoOWNjDKx39awa1u8qcCC-2pU5X_RhN6wdm4Tikha4BFsbFp_v_F5XV9rhbmv0Hl-n-Nu5d3KIQN4APS13fRvS0czD1LSzzSHRVDcLZ6Sl6pewtQZHrGUgUR41RzD0ufGJ1mqPKO3UB2_TG9z_RkN8E4esjPMrSzzcUbW5uQ9ghyuRKFIlDVcyT3bAAjudhIgQdKRchqbgQ","token_type":"Bearer","expires_in":3600,"scope":"user-read-playback-state user-read-currently-playing user-top-read"}
Spotify response status: 200
Spotify song data: {"is_playing":true,"timestamp":1785524666545,"context":{"external_urls":{"spotify":"https://open.spotify.com/playlist/37i9dQZF1F5p3rmiWPIYgZ"},"href":"https://api.spotify.com/v1/playlists/37i9dQZF1F5p...
Token response: {"access_token":"BQD2IDKDgx0z1kOT2vkv5n3j13Q_rYrdzClT4u24mPTi39qBNM5QtVE7Zvl_fjAElTEa9Rdl3-w9sWp_8BIzKBz67ai-bZn9207SdGnQz8fWFmVxD-T30dhembWje7c585Vdy_yyPsGepv6WlkSvTM5VtAaf_MLzoXt1KH8HWNhR3HHVpYQdnI9KAA-Pc9Vv-7rIaflDoEU6xQjMdaDswPsJ0QZ9xGi2A64q3C0kl1L7soPZ2Z9ov8dD8uh9ve3Xz47tfg","token_type":"Bearer","expires_in":3600,"scope":"user-read-playback-state user-read-currently-playing user-top-read"}
Spotify response status: 200
Spotify song data: {"is_playing":true,"timestamp":1785524666545,"context":{"external_urls":{"spotify":"https://open.spotify.com/playlist/37i9dQZF1F5p3rmiWPIYgZ"},"href":"https://api.spotify.com/v1/playlists/37i9dQZF1F5p...
Token response: {"access_token":"BQAGRqAc6FhwKv2VPJdyMUzhdGdMYt5_bHHaPTMzo5Z023DKKSayVxOAXjKR8_VnBwjJmZKy4s4RbrG2jyn2SJ89nNJep9tfJXbdUWdD6Uokx1gvOh6UKgdhpz-jXWRii3xHbiYdvA6elaIIYhb0gHErzf65GOD9korb687lhhexGUJdErxDetYIcI7vIM140Rs66NYyVvCxzRJlopz6Igy9KKaJL68K_vqVIhXxfjcONbjl_MjjKiEhta-PpM5dW5rLXw","token_type":"Bearer","expires_in":3600,"scope":"user-read-playback-state user-read-currently-playing user-top-read"}
Spotify response status: 200
Spotify song data: {"is_playing":true,"timestamp":1785524666545,"context":{"external_urls":{"spotify":"https://open.spotify.com/playlist/37i9dQZF1F5p3rmiWPIYgZ"},"href":"https://api.spotify.com/v1/playlists/37i9dQZF1F5p...
Token response: {"access_token":"BQBx4FOmrYLw7zELM8-1uJS7eO6PVz9_qntZYXSkcKf-NLeSKLQ49RiQsLMrxJLPU2wXnytyP4nSGn4kgc1BNGj6rUZQf3BFF5idvp8aKWt20g2jg_WP-Mt4XTXC_l-CqHJrhYgYlfpiXqvQLovdKmSx6onutBSRzQZ1QQVIVOmn0dvJWKe5FPqBVcS0y6LP6xSctf7RdBjhTQo_SXtDumLTelMffxGca5q-gLEsoxC74XOy9AkYwWJYb2jTbDM1gQLgJw","token_type":"Bearer","expires_in":3600,"scope":"user-read-playback-state user-read-currently-playing user-top-read"}
Spotify response status: 200
Spotify song data: {"is_playing":true,"timestamp":1785524666545,"context":{"external_urls":{"spotify":"https://open.spotify.com/playlist/37i9dQZF1F5p3rmiWPIYgZ"},"href":"https://api.spotify.com/v1/playlists/37i9dQZF1F5p...
Token response: {"access_token":"BQDxAY0d7Xx0b1-te_bTdjGZtNDAbs74w6w2_Nt_MbS_o-bxaMAJBBHlk_VHote3BOcEB8s9fx_cYRn2tZktW3vtr6Va4DtIUb1aAzoOYKZFNMarihcbwr7_R2FefjCc2LePJwhXMOo2GfCOq7IrDFw01jlRsuHvETgv6qQFrNC6_s9MDAmba2pbnLMAdnqWnEzXF2NJTNWNgLuhOwL5byeSo2kep4dny4LsQ9hsSZAD9IwedKrBUVqI7wDMWXJqa3TiVA","token_type":"Bearer","expires_in":3600,"scope":"user-read-playback-state user-read-currently-playing user-top-read"}
Spotify response status: 200
Spotify song data: {"is_playing":true,"timestamp":1785524666545,"context":{"external_urls":{"spotify":"https://open.spotify.com/playlist/37i9dQZF1F5p3rmiWPIYgZ"},"href":"https://api.spotify.com/v1/playlists/37i9dQZF1F5p...
Token response: {"access_token":"BQCyUGXue7U2QAs0zbfk_aLJU67P30VsZcToxXrIjz9nFnOdQj4YB2hAjyjLAO6Faep4F1kXbSLuCKiSpUsOEp-MnsJiL0TrSv9nt23uj-mwbL1XgBNYn5K6dVlDFRQh6_ziqQCFI8MGFASzFfD_zqVY466_e2RZGY5rliTlJbZxpXqlRjXtgcw3yO74ipptHwTDjKYvtcZCqrSZEAwV4HdDCpoiqSRLaS8lD3lJe2eJAAXNjx2K_9ceMuSkRvfrHtXfZA","token_type":"Bearer","expires_in":3600,"scope":"user-read-playback-state user-read-currently-playing user-top-read"}
Spotify response status: 200
Spotify song data: {"is_playing":true,"timestamp":1785524666545,"context":{"external_urls":{"spotify":"https://open.spotify.com/playlist/37i9dQZF1F5p3rmiWPIYgZ"},"href":"https://api.spotify.com/v1/playlists/37i9dQZF1F5p...
Token response: {"access_token":"BQDZ9vnf26FqwGi1A6UifpJZ2DmDf80mCa5vMzYAuxUsFfV3Bw0MB2yDphFksbHPMm3HEkFcwjufluibLIv9eOsizV_4wU8Q2T11zUjnuFAO1DnJLVS1G9EGkXfzwvtoY44svjIWJ93rfno1SvP7zo7U354I7sqa_F94IrFW2CnZJZ3465_C1xHtUMcmq2yvraPE5_BCffQni4aigRCI-eKZZGeA-7ddnqojSu0VHyly_dzvoJK5meclQZO2ecufCdetAA","token_type":"Bearer","expires_in":3600,"scope":"user-read-playback-state user-read-currently-playing user-top-read"}
Spotify response status: 200
Spotify song data: {"is_playing":true,"timestamp":1785524666545,"context":{"external_urls":{"spotify":"https://open.spotify.com/playlist/37i9dQZF1F5p3rmiWPIYgZ"},"href":"https://api.spotify.com/v1/playlists/37i9dQZF1F5p...
Token response: {"access_token":"BQDsD93J88EMadoi6kFUH_wA1iqzHNERkthpuCNcky8tWIExOyaaVn_LrHqyNEVWl6aw43guiPUIKtvchGpo7u3SirQOE2Y8P9INI9xbbpCyz7WYw2ZuECdIXKe8ABa7Hn_Gm6iWBy5sf_m3vDE9-xf3vL7c8aPEIMS1mC4wOMsB-ifms-Kj6l7CzsdWZtRD9-xPflLVTOnZmaoAS1evSQlZrJ__CywEzZGHXWK0dZLjuJid12BRl3xUDaiSCGImIZVDaQ","token_type":"Bearer","expires_in":3600,"scope":"user-read-playback-state user-read-currently-playing user-top-read"}
Spotify response status: 200
Spotify song data: {"is_playing":true,"timestamp":1785524666545,"context":{"external_urls":{"spotify":"https://open.spotify.com/playlist/37i9dQZF1F5p3rmiWPIYgZ"},"href":"https://api.spotify.com/v1/playlists/37i9dQZF1F5p...
Token response: {"access_token":"BQCXWE8zW3jvwoo_Q0WdTfyPCMTJpQ9CnGXD2aOq9d8_tj2ggfVIOkfnm4R29420suuXf-n0voUBqhp3dJ1VUFJrEnLlhE3RFfK3v8tX27kyY1u4ZiXK55linIDDcb1IHvrx1qhxh9ZC5YBCMW_Fvk_3S7a68GwYQUY_s-MRCY65YcoaICIubJ76ihTxWFJT5Owc-3X42Vw4959CJNT-wAOkhvogKIUEEKuRkFHDRU6E885S1d75G_tCW5kvrfYdPtc74g","token_type":"Bearer","expires_in":3600,"scope":"user-read-playback-state user-read-currently-playing user-top-read"}
Spotify response status: 200
Spotify song data: {"is_playing":true,"timestamp":1785524666545,"context":{"external_urls":{"spotify":"https://open.spotify.com/playlist/37i9dQZF1F5p3rmiWPIYgZ"},"href":"https://api.spotify.com/v1/playlists/37i9dQZF1F5p...
Token response: {"access_token":"BQATHEZkVSLNCW_A5OgyldPVnfSetqpCFB2lB98V6i6Cr46pj43Rhvbev7-ejmasoadENwKZo2EYKoZ9oC6Sx3pex_o-Tw2qQqJRCfDO93aH2e5b0uCqxAOYp6q6UDRtYhwb6LTnRCbBl8Kk20O7AESLjgvdGlIHaUPV3zntuNN2TVx3EkoHYhyqwMjF4iNSu1cJtdHH0cisMR22GLoM9ofaEVtGBKuiTZ7Dpavwy1FIUvpzFNNLVur9uexukK8vRCMCmQ","token_type":"Bearer","expires_in":3600,"scope":"user-read-playback-state user-read-currently-playing user-top-read"}
Spotify response status: 200
Spotify song data: {"is_playing":true,"timestamp":1785524666545,"context":{"external_urls":{"spotify":"https://open.spotify.com/playlist/37i9dQZF1F5p3rmiWPIYgZ"},"href":"https://api.spotify.com/v1/playlists/37i9dQZF1F5p...
Token response: {"access_token":"BQD8xJwoELMknLUOK2wNiFeldEnkH_7wXSLxVMsh3XD4z1NdPp0HaNK-GzjgIUgforPz9TD48s9cnxxJYa37NUdS_ZYhuRSHxX4a1YaLKgRf_5pwuxgBybGL35thbTETwSDWFqN1H_OASBQwZDu4NvTDX1bPB_4GpUQTM_WQN7Z7xilrFEu4y1T7Lq98N22xxaZ8_ANtMgFVijzvt3xSgJiIq-GjSkvpdzt7YfZVRdZylnJjkOyVkXCWLU9dGpYi-vqDnw","token_type":"Bearer","expires_in":3600,"scope":"user-read-playback-state user-read-currently-playing user-top-read"}
Spotify response status: 200
Spotify song data: {"is_playing":true,"timestamp":1785524666545,"context":{"external_urls":{"spotify":"https://open.spotify.com/playlist/37i9dQZF1F5p3rmiWPIYgZ"},"href":"https://api.spotify.com/v1/playlists/37i9dQZF1F5p...
Token response: {"access_token":"BQDt8YVqiu2km19G11VAjFsdY70_cemB9FGMEyZvBxwORNRFkohYXTOI3Ly6PGm8FSw-Aw9R7V6aM2JPKKVo_P1Dkhy8pLLdPYFqfLKytjM8CxbNdJqq5L_nPCQrl-kT-lp4iLo7smF9KznqUBNMRy38bVEV-JhvrK2bZGSO9zOpCCi4X5hC9RqVoSvvvuAotRWwGTpsv5FUrFG9hlEjw9GeUvlJxEG4ZrTouoDXnSoZr2mw5VcDCSdyUYQPdgRwNJZCZw","token_type":"Bearer","expires_in":3600,"scope":"user-read-playback-state user-read-currently-playing user-top-read"}
Spotify response status: 200
Spotify song data: {"is_playing":true,"timestamp":1785524666545,"context":{"external_urls":{"spotify":"https://open.spotify.com/playlist/37i9dQZF1F5p3rmiWPIYgZ"},"href":"https://api.spotify.com/v1/playlists/37i9dQZF1F5p...
Token response: {"access_token":"BQBifhKzXjvzl76u8oq4t9v2KXQBWyPiYA67tH1zSjc82f-CVu4b7QxOeZyPB3lF3QrZb_KPJJe-rcWFux1RzZcSg7-xvcxMhv9VyZEO39Tw4nzi0b_BdWXPJD-5jj0G0USLcLhuDSPZ8lfGp0YF17HmJeTD5y7N9vnVHFnjE-QY9vATMw4pjB7aTel_m2UyvJcdFIXJ4gYmuLkiolnLsiD9kvL0n5qkUc6-M_KcmmGY2KedURedqYjeV9FC4b-d6tEBHg","token_type":"Bearer","expires_in":3600,"scope":"user-read-playback-state user-read-currently-playing user-top-read"}
Spotify response status: 200
Spotify song data: {"is_playing":true,"timestamp":1785524666545,"context":{"external_urls":{"spotify":"https://open.spotify.com/playlist/37i9dQZF1F5p3rmiWPIYgZ"},"href":"https://api.spotify.com/v1/playlists/37i9dQZF1F5p...
Token response: {"access_token":"BQDnn2Z1R43cOEaZLqhXS1Dl6UpeWtqEqGRrNIPS76Ws-zQEqOfbntQxyZGthbksey9CoboLgoLTrSMkwVuAWosM2Wy2i3SFQYo7q9dhYqdOC-YRUR1kWa0ernGvnXwwv-AivkQ7rUrqF85PQZiQUxGzL4uBLv0xWfhFWT5_kMBlgEgaJf0hAslULvX0OTw0lFKo8K_rXFpXMQR4Q4jW-bHJwDptG4NduRrt3-igU3a70bLFkBLLNh79ZXsn9aRzGxNVUw","token_type":"Bearer","expires_in":3600,"scope":"user-read-playback-state user-read-currently-playing user-top-read"}
Spotify response status: 200
Spotify song data: {"is_playing":true,"timestamp":1785524839886,"context":{"external_urls":{"spotify":"https://open.spotify.com/playlist/37i9dQZF1F5p3rmiWPIYgZ"},"href":"https://api.spotify.com/v1/playlists/37i9dQZF1F5p...
Token response: {"access_token":"BQBy0baRhf9VrIJtut2DqHoXRqh1eIZS_N6cDb714K6pf66slKUDqdoKA5lrmifW4gjJ4zZtJ66sjt9SNsIdsXs_wI2Xkg3xC0XPYtaYu6YuxoIiShrFMyF3MmehxBv8Yut0q4PSRZlmtl26VCZvbHl6-tPFVywVzjWR5JoB3VctRd6qitBszpXfEUdOzQ-OUu3ffLNhbG757LxB16_5m7fEtk753jyAXzcJnQ9-7uYcGc87sbM34zSBZHdLawRRf2TDOA","token_type":"Bearer","expires_in":3600,"scope":"user-read-playback-state user-read-currently-playing user-top-read"}
Spotify response status: 200
Spotify song data: {"is_playing":true,"timestamp":1785524839886,"context":{"external_urls":{"spotify":"https://open.spotify.com/playlist/37i9dQZF1F5p3rmiWPIYgZ"},"href":"https://api.spotify.com/v1/playlists/37i9dQZF1F5p...
Token response: {"access_token":"BQBC0lwXSxXqq0SsjTPwDY8Ky8uxwjLG260DNyz-sA8ydx0oZMr09j1sv8nuUPqBo2Df0Txewmky0e0Zjfvgp8yn_kEa635iDVqiRyZ4Z-P9a_y_MKUqyI0TtsOSKtVojjRMnYKGUzVL55pUYsklR_2gEfg3LJ_ekV6haaKjJ0_Df1skc1fh_2K8BK_hi3oM03QZILV8LLQz4RAj-JMhkLfB5t34UtFffwTNlSimvLsqK5AUma5_QoYrxtNAKYo5orUp5w","token_type":"Bearer","expires_in":3600,"scope":"user-read-playback-state user-read-currently-playing user-top-read"}
Spotify response status: 200
Spotify song data: {"is_playing":true,"timestamp":1785524839886,"context":{"external_urls":{"spotify":"https://open.spotify.com/playlist/37i9dQZF1F5p3rmiWPIYgZ"},"href":"https://api.spotify.com/v1/playlists/37i9dQZF1F5p...
Token response: {"access_token":"BQCS9v9JIAYTomI9vYrM7y5ZCd2J64ga3Ytznb-ueQ4q4Ey7MGrn3aj5vX8ErSPGYU9sf_WFSYAVbIt75XV3nm3cktA2iqjkm9ZxXrmSbj2aN8bpXtLArAhE_Kt6EUZ4SUwxeJA46d6xRWbhGhbiSzVIX7n2GO6FuDJS7TtPYuXz2UKVCs9_ki1CrZASiqYgQm0dKA2AjiAEwK1i4Ns6shCJcWJtbJC-4ZvCAwyPvSXU4r2_Php60KJsJnifyMQSrYBbQg","token_type":"Bearer","expires_in":3600,"scope":"user-read-playback-state user-read-currently-playing user-top-read"}
Spotify response status: 200
Spotify song data: {"is_playing":true,"timestamp":1785524839886,"context":{"external_urls":{"spotify":"https://open.spotify.com/playlist/37i9dQZF1F5p3rmiWPIYgZ"},"href":"https://api.spotify.com/v1/playlists/37i9dQZF1F5p...
Token response: {"access_token":"BQC-dnMOb45ckjScGwofzubHQq3s9gX2q8aXDrrr9VcI4TBDCUL-dT3lzw1BvBPvEx0RVndoPrHPzmD0IG9XjfhT-aZevFB0iSP1O5DiiONuNR2nfZHau3p2oQ4cfs5dr6Xe3nEkzYFdFLchZSGDl3C9yyUsNtSCF67K3WOdPfxoy4P0eytGfnloLHAnrBCWItRiGq3dUjk4-Qzz7Q15Pt62vT0gg7tGSSEAyUXnQTeGIbQlGhmGra422pBGNkcdohUJlA","token_type":"Bearer","expires_in":3600,"scope":"user-read-playback-state user-read-currently-playing user-top-read"}
Spotify response status: 200
Spotify song data: {"is_playing":true,"timestamp":1785524839886,"context":{"external_urls":{"spotify":"https://open.spotify.com/playlist/37i9dQZF1F5p3rmiWPIYgZ"},"href":"https://api.spotify.com/v1/playlists/37i9dQZF1F5p...
Token response: {"access_token":"BQD9qXUdiTSwcrLyyA6Dxna5BtMVtSTnOKlI6Qb7E9_SxPtAdtPDYIYll9ggkoGYizVrwmFjI8RwO1zP2uksg3Myp6GTW_NnWBkxTAEiSwsZ5746fbGHfHEPp9TZywRTCpI5SQd6A3i18tpBigQ5gKNbAY7CrPrOv8RYDckr8hV4ja2rYncHipfOqF6MRA1U-Ql5bGWgET47C1ismF7fbEZ6OUV2-iiIAtbh6XnL4_kWmAwdTJ4SVOYbzd78Lly2O7CNfQ","token_type":"Bearer","expires_in":3600,"scope":"user-read-playback-state user-read-currently-playing user-top-read"}
Spotify response status: 200
Spotify song data: {"is_playing":true,"timestamp":1785524839886,"context":{"external_urls":{"spotify":"https://open.spotify.com/playlist/37i9dQZF1F5p3rmiWPIYgZ"},"href":"https://api.spotify.com/v1/playlists/37i9dQZF1F5p...
Token response: {"access_token":"BQBhFEw6PNsiKfd4SHaXCHeuPuqHH-mpKL1bOrC3pegR7DDkTTbbkWlKSYzt-ZfR5bMV-NMNdEHhzjcKLAu2CNKLj_-BjYmKvHRGzRPlauui4p0JfPt4jO1yoSUW8hS1Sh28szAqWxvDtXnbJjRJp5Q-K270RySEo36WE1pi2ZG7K5_YtpuF_uvDPAa75EXbE8fNCpE-FRN5eV0KaXtf09O4jXiqowou9HN4tq0GP0IhP0rLdoYCmzUFrBrDECBj3tfJkA","token_type":"Bearer","expires_in":3600,"scope":"user-read-playback-state user-read-currently-playing user-top-read"}
Spotify response status: 200
Spotify song data: {"is_playing":true,"timestamp":1785524839886,"context":{"external_urls":{"spotify":"https://open.spotify.com/playlist/37i9dQZF1F5p3rmiWPIYgZ"},"href":"https://api.spotify.com/v1/playlists/37i9dQZF1F5p...
Token response: {"access_token":"BQA0R04uy_x0rtQGPfXzknIZyZDKScf1Nialt8fYqraw1ojBxfUlIdrLZkgOHwfqzmpC_KlhzU3O3v0_oXV-2HzulvV4XriP29YOuxLfHVNVoyyOloKb7wrPacV9lusgjjqXW09xQCdvoywRKjF_Okut4dnMY4t6M9v1qjGyKntLsSHbU6H2LxTc7WaQkI8FBvyLJb8HTmNW_JSzGVvmqwMMHAWXAMjdEgy8-YBcGlyBD-5a67xxFip8L2SjQOEI9e6b0w","token_type":"Bearer","expires_in":3600,"scope":"user-read-playback-state user-read-currently-playing user-top-read"}
Spotify response status: 200
Spotify song data: {"is_playing":true,"timestamp":1785524839886,"context":{"external_urls":{"spotify":"https://open.spotify.com/playlist/37i9dQZF1F5p3rmiWPIYgZ"},"href":"https://api.spotify.com/v1/playlists/37i9dQZF1F5p...
Token response: {"access_token":"BQDs6H3nFNzAX5ZyYwrVZrCmHyDaJASC_TlOS8ae8BXkXuZNYyjv28eUFJ_CoQKTDv1NzQWtsmSn0JDu7lrDlclApMe6XQh-Am-EOkH4sVucNJx5zyK_wWJitVoX8aisN7b_-NXv0a5DYFvbhpCxIMT6PDtyaMPpCdfEWfv1c0YKyTA9IkKOxnC5UVixM5RTcl_6HaBZ8iJcRt2J0-azXW_nIywDaggMR4lf5jovGcNDS3fN_CCX8Vf-XytcHiDlCF7zrQ","token_type":"Bearer","expires_in":3600,"scope":"user-read-playback-state user-read-currently-playing user-top-read"}
Spotify response status: 200
Spotify song data: {"is_playing":true,"timestamp":1785524839886,"context":{"external_urls":{"spotify":"https://open.spotify.com/playlist/37i9dQZF1F5p3rmiWPIYgZ"},"href":"https://api.spotify.com/v1/playlists/37i9dQZF1F5p...
Token response: {"access_token":"BQAt4P90bTZwizyqyqGyZXm9ru0kP2bp65eFf2ugQTcJ9DXhT8GKqJW-0jIOCdyBQuhXxpgsj8q-WnSACL3DMxDXRr01n22YT6bUbtH3bAgTUkNhqtbqYqjqM50BmS0whU2upz8HbnqckS5Bt6w4KPAqE-qap5lm0Awjyo-yvCr2n2UVj1eZJ7Xq9T0xbROm0wBGSl89wz95HSW5lYxM5fXwWcJsn54s0SOvMfuggCSEimYqD1vN_TD84V7Y5D6Qr5ba_g","token_type":"Bearer","expires_in":3600,"scope":"user-read-playback-state user-read-currently-playing user-top-read"}
Spotify response status: 200
Spotify song data: {"is_playing":true,"timestamp":1785524839886,"context":{"external_urls":{"spotify":"https://open.spotify.com/playlist/37i9dQZF1F5p3rmiWPIYgZ"},"href":"https://api.spotify.com/v1/playlists/37i9dQZF1F5p...
Token response: {"access_token":"BQCOdd8-Au7PlHG3XfB665MSbW0xx7n9BCFAC7r4jb-5qNNodAeVPfaba0xvi_XmQ1F1Vw6b8_Q-KVsEXC5-NimJ2azX0sHsNWX6xFInL15tEVsIf97FJCZhjUFIQX_ZuixFzgLQhDLi11lOvGKFWdDfRFzqqt2KtsfiNZSMDCqivI0EkOASZSJh4hzMW0wPlArR1-SV3Sr5ymaYuS6WQlkiF4sB9KmGcJkQ55W7lUn2_BlEC_dy0b9JZtak9FDhmyDn3A","token_type":"Bearer","expires_in":3600,"scope":"user-read-playback-state user-read-currently-playing user-top-read"}
Spotify response status: 200
Spotify song data: {"is_playing":true,"timestamp":1785524839886,"context":{"external_urls":{"spotify":"https://open.spotify.com/playlist/37i9dQZF1F5p3rmiWPIYgZ"},"href":"https://api.spotify.com/v1/playlists/37i9dQZF1F5p...
Token response: {"access_token":"BQBHVC2iEEX3qaCxs1yI8dgAe9-ENvLGK4jewbx18235u9_iImZRopFfXWjdHmpww3s1jqarzqfFBF4XatU_ogbttS_I1ZO9FOKuGBIv-OgRk63dQUdD0-pjcc6J9t961u4ng-y0xnLqzwY9FosPZjB1s4BSrZOPks8MyIvAC0mrflZCjLUCuMD9yJn7nE_FuEXThIKtbYF849iCmuv8ooL0jh7yagzjLptU6eQE578nVPr9_ufi-HlV2KWwEavL9-w2Jw","token_type":"Bearer","expires_in":3600,"scope":"user-read-playback-state user-read-currently-playing user-top-read"}
Spotify response status: 200
Spotify song data: {"is_playing":true,"timestamp":1785525542876,"context":{"external_urls":{"spotify":"https://open.spotify.com/playlist/37i9dQZF1F5p3rmiWPIYgZ"},"href":"https://api.spotify.com/v1/playlists/37i9dQZF1F5p...
Token response: {"access_token":"BQDac_tpa9eQSC_aKBo-WxfDdZ-8ZOS0qnvD8qJinhndCwYWpZwJbLk2njJK-0MR6bBdsYaWzKs93f7zkiDBLxYOoYm3D48ueCZZdbBIH2BSE3tpvszcM6S5QiGcYfaPmGTkk6pJ7754RtdNHEdQ1HFCt_X54by_hIffGI-0rjWEiCZwFHCzlzoYWRaNsLXvT0y01fDgw2TkmhxCpUIqRf4b75EYc3rT5qGmSfWQzpbeBz4iBMhLT05zJO2KJgxN5FoIgQ","token_type":"Bearer","expires_in":3600,"scope":"user-read-playback-state user-read-currently-playing user-top-read"}
Spotify response status: 200
Spotify song data: {"is_playing":true,"timestamp":1785525542876,"context":{"external_urls":{"spotify":"https://open.spotify.com/playlist/37i9dQZF1F5p3rmiWPIYgZ"},"href":"https://api.spotify.com/v1/playlists/37i9dQZF1F5p...
Token response: {"access_token":"BQAK4Mljuexy7TpOwMu9UsZUay3aLM0QpBMhhaebizXR-Eg2Qd5C3bSZM9OoCHrp04BbtJgxJUkDuQAJ0nJ2_iXNGKyyLVIWCPU3g3wVDTmzI5I9aBk-OuOgR7zDHcicLo9Ts_GvcN8BdhKKkGfHiF-g_lGz6yAk-OLabkQBGplMr8WopJ-2djf7qjK8uG5vJp-jiBnL27ZRK73ZxmBu0KUvIryP9JauOwZ3XAlMOxHRCEd3McRd2fHL4HmX4xi8rg0TIg","token_type":"Bearer","expires_in":3600,"scope":"user-read-playback-state user-read-currently-playing user-top-read"}
Spotify response status: 200
Spotify song data: {"is_playing":true,"timestamp":1785525542876,"context":{"external_urls":{"spotify":"https://open.spotify.com/playlist/37i9dQZF1F5p3rmiWPIYgZ"},"href":"https://api.spotify.com/v1/playlists/37i9dQZF1F5p...
